date,protocol,active_loans,market_share
2018-09-27,compound,3390,1.00000000
2018-09-28,compound,9516,1.00000000
2018-09-29,compound,38128,1.00000000
2018-09-30,compound,42097,1.00000000
2018-10-01,compound,47477,1.00000000
2018-10-02,compound,49685,1.00000000
2018-10-03,compound,50595,1.00000000
2018-10-04,compound,47758,1.00000000
2018-10-05,compound,50517,1.00000000
2018-10-06,compound,52898,1.00000000
2018-10-07,compound,51005,1.00000000
2018-10-08,compound,49778,1.00000000
2018-10-09,compound,53136,1.00000000
2018-10-10,compound,60786,1.00000000
2018-10-11,compound,63952,1.00000000
2018-10-12,compound,54803,1.00000000
2018-10-13,compound,58011,1.00000000
2018-10-14,compound,59328,1.00000000
2018-10-15,compound,56391,1.00000000
2018-10-16,compound,60417,1.00000000
2018-10-17,compound,64442,1.00000000
2018-10-18,compound,353028,1.00000000
2018-10-19,compound,172110,1.00000000
2018-10-20,compound,175590,1.00000000
2018-10-21,compound,176682,1.00000000
2018-10-22,compound,181537,1.00000000
2018-10-23,compound,186014,1.00000000
2018-10-24,compound,189531,1.00000000
2018-10-25,compound,192985,1.00000000
2018-10-26,compound,162875,1.00000000
2018-10-27,compound,122539,1.00000000
2018-10-28,compound,142084,1.00000000
2018-10-29,compound,153604,1.00000000
2018-10-30,compound,128193,1.00000000
2018-10-31,compound,130591,1.00000000
2018-11-01,compound,127134,1.00000000
2018-11-02,compound,131566,1.00000000
2018-11-03,compound,131821,1.00000000
2018-11-04,compound,192393,1.00000000
2018-11-05,compound,180486,1.00000000
2018-11-06,compound,178772,1.00000000
2018-11-07,compound,183916,1.00000000
2018-11-08,compound,185533,1.00000000
2018-11-09,compound,143183,1.00000000
2018-11-10,compound,115481,1.00000000
2018-11-11,compound,126879,1.00000000
2018-11-12,compound,129311,1.00000000
2018-11-13,compound,334967,1.00000000
2018-11-14,compound,328234,1.00000000
2018-11-15,compound,92958,1.00000000
2018-11-16,compound,92675,1.00000000
2018-11-17,compound,93645,1.00000000
2018-11-18,compound,92381,1.00000000
2018-11-19,compound,94262,1.00000000
2018-11-20,compound,80050,1.00000000
2018-11-21,compound,744119,1.00000000
2018-11-22,compound,1075988,1.00000000
2018-11-23,compound,1040621,1.00000000
2018-11-24,compound,1273653,1.00000000
2018-11-25,compound,1738979,1.00000000
2018-11-26,compound,1936659,1.00000000
2018-11-27,compound,1558478,1.00000000
2018-11-28,compound,1394953,1.00000000
2018-11-29,compound,1783875,1.00000000
2018-11-30,compound,1325529,1.00000000
2018-12-01,compound,729966,1.00000000
2018-12-02,compound,847217,1.00000000
2018-12-03,compound,880327,1.00000000
2018-12-04,compound,1245706,1.00000000
2018-12-05,compound,1734652,1.00000000
2018-12-06,compound,1724857,1.00000000
2018-12-07,compound,1962253,1.00000000
2018-12-08,compound,1996331,1.00000000
2018-12-09,compound,1999894,1.00000000
2018-12-10,compound,1931987,1.00000000
2018-12-11,compound,1935820,1.00000000
2018-12-12,compound,1934301,1.00000000
2018-12-13,compound,1934795,1.00000000
2018-12-14,compound,1926216,1.00000000
2018-12-15,compound,1934500,1.00000000
2018-12-16,compound,1900167,1.00000000
2018-12-17,compound,1872327,1.00000000
2018-12-18,compound,1813332,1.00000000
2018-12-19,compound,1783470,1.00000000
2018-12-20,compound,1835815,1.00000000
2018-12-21,compound,1842970,1.00000000
2018-12-22,compound,1822016,1.00000000
2018-12-23,compound,1929604,1.00000000
2018-12-24,compound,1911706,1.00000000
2018-12-25,compound,2105527,1.00000000
2018-12-26,compound,2111674,1.00000000
2018-12-27,compound,2280938,1.00000000
2018-12-28,compound,2291129,1.00000000
2018-12-29,compound,2292554,1.00000000
2018-12-30,compound,2194415,1.00000000
2018-12-31,compound,2216833,1.00000000
2019-01-01,compound,2201058,1.00000000
2019-01-02,compound,2203698,1.00000000
2019-01-03,compound,2186041,1.00000000
2019-01-04,compound,2594878,1.00000000
2019-01-05,compound,2650176,1.00000000
2019-01-06,compound,2659850,1.00000000
2019-01-07,compound,2651114,1.00000000
2019-01-08,compound,2656817,1.00000000
2019-01-09,compound,2524179,1.00000000
2019-01-10,compound,2515788,1.00000000
2019-01-11,compound,2567933,1.00000000
2019-01-12,compound,2552505,1.00000000
2019-01-13,compound,2689465,1.00000000
2019-01-14,compound,2635684,1.00000000
2019-01-15,compound,2679368,1.00000000
2019-01-16,compound,2623330,1.00000000
2019-01-17,compound,2730716,1.00000000
2019-01-18,compound,2719499,1.00000000
2019-01-19,compound,2691433,1.00000000
2019-01-20,compound,2602742,1.00000000
2019-01-21,compound,2540599,1.00000000
2019-01-22,compound,2528627,1.00000000
2019-01-23,compound,2543542,1.00000000
2019-01-24,compound,2591763,1.00000000
2019-01-25,compound,2607718,1.00000000
2019-01-26,compound,2634241,1.00000000
2019-01-27,compound,2651022,1.00000000
2019-01-28,compound,2659589,1.00000000
2019-01-29,compound,2588945,1.00000000
2019-01-30,compound,2559773,1.00000000
2019-01-31,compound,2690981,1.00000000
2019-02-01,compound,2671672,1.00000000
2019-02-02,compound,2702635,1.00000000
2019-02-03,compound,2586938,1.00000000
2019-02-04,compound,2592949,1.00000000
2019-02-05,compound,2593086,1.00000000
2019-02-06,compound,2586998,1.00000000
2019-02-07,compound,2582724,1.00000000
2019-02-08,compound,2587737,1.00000000
2019-02-09,compound,2648725,1.00000000
2019-02-10,compound,2615645,1.00000000
2019-02-11,compound,2576333,1.00000000
2019-02-12,compound,2576445,1.00000000
2019-02-13,compound,2583147,1.00000000
2019-02-14,compound,2578709,1.00000000
2019-02-15,compound,2571437,1.00000000
2019-02-16,compound,2613873,1.00000000
2019-02-17,compound,2577131,1.00000000
2019-02-18,compound,2594913,1.00000000
2019-02-19,compound,2516098,1.00000000
2019-02-20,compound,2523985,1.00000000
2019-02-21,compound,2486613,1.00000000
2019-02-22,compound,2555931,1.00000000
2019-02-23,compound,2548208,1.00000000
2019-02-24,compound,2584482,1.00000000
2019-02-25,compound,2528559,1.00000000
2019-02-26,compound,2593795,1.00000000
2019-02-27,compound,2632685,1.00000000
2019-02-28,compound,2611499,1.00000000
2019-03-01,compound,2613373,1.00000000
2019-03-02,compound,2596692,1.00000000
2019-03-03,compound,2635712,1.00000000
2019-03-04,compound,2621636,1.00000000
2019-03-05,compound,2616702,1.00000000
2019-03-06,compound,2624119,1.00000000
2019-03-07,compound,2747591,1.00000000
2019-03-08,compound,2670406,1.00000000
2019-03-09,compound,2706800,1.00000000
2019-03-10,compound,2755323,1.00000000
2019-03-11,compound,2749403,1.00000000
2019-03-12,compound,2803833,1.00000000
2019-03-13,compound,2808785,1.00000000
2019-03-14,compound,2822969,1.00000000
2019-03-15,compound,2847374,1.00000000
2019-03-16,compound,2850188,1.00000000
2019-03-17,compound,2878988,1.00000000
2019-03-18,compound,2857529,1.00000000
2019-03-19,compound,2798217,1.00000000
2019-03-20,compound,2787849,1.00000000
2019-03-21,compound,2777502,1.00000000
2019-03-22,compound,2778945,1.00000000
2019-03-23,compound,3076427,1.00000000
2019-03-24,compound,3084908,1.00000000
2019-03-25,compound,3090003,1.00000000
2019-03-26,compound,3062866,1.00000000
2019-03-27,compound,3178510,1.00000000
2019-03-28,compound,3210328,1.00000000
2019-03-29,compound,3200999,1.00000000
2019-03-30,compound,3316934,1.00000000
2019-03-31,compound,3221059,1.00000000
2019-04-01,compound,3240650,1.00000000
2019-04-02,compound,3164470,1.00000000
2019-04-03,compound,3245321,1.00000000
2019-04-04,compound,3210364,1.00000000
2019-04-05,compound,3203098,1.00000000
2019-04-06,compound,3237279,1.00000000
2019-04-07,compound,3281872,1.00000000
2019-04-08,compound,3288993,1.00000000
2019-04-09,compound,3212314,1.00000000
2019-04-10,compound,3182256,1.00000000
2019-04-11,compound,4121267,1.00000000
2019-04-12,compound,4318846,1.00000000
2019-04-13,compound,4434368,1.00000000
2019-04-14,compound,4482523,1.00000000
2019-04-15,compound,4530144,1.00000000
2019-04-16,compound,4488203,1.00000000
2019-04-17,compound,4539334,1.00000000
2019-04-18,compound,4310997,1.00000000
2019-04-19,compound,4398137,1.00000000
2019-04-20,compound,4220362,1.00000000
2019-04-21,compound,4241359,1.00000000
2019-04-22,compound,4334161,1.00000000
2019-04-23,compound,4341724,1.00000000
2019-04-24,compound,4361779,1.00000000
2019-04-25,compound,4397538,1.00000000
2019-04-26,compound,4429485,1.00000000
2019-04-27,compound,4643972,1.00000000
2019-04-28,compound,4552234,1.00000000
2019-04-29,compound,4592578,1.00000000
2019-04-30,compound,5012293,1.00000000
2019-05-01,compound,4992818,1.00000000
2019-05-02,compound,4982087,1.00000000
2019-05-03,compound,5020966,1.00000000
2019-05-04,compound,5015102,1.00000000
2019-05-05,compound,5016356,1.00000000
2019-05-06,compound,5086183,1.00000000
2019-05-07,compound,5317047,1.00000000
2019-05-08,compound,5288973,1.00000000
2019-05-09,compound,5310199,1.00000000
2019-05-10,compound,5123713,1.00000000
2019-05-11,compound,5282974,1.00000000
2019-05-12,compound,5243322,1.00000000
2019-05-13,compound,5557547,1.00000000
2019-05-14,compound,5590920,1.00000000
2019-05-15,compound,5744838,1.00000000
2019-05-16,compound,5929451,1.00000000
2019-05-17,compound,5433138,1.00000000
2019-05-18,compound,5242130,1.00000000
2019-05-19,compound,5416275,1.00000000
2019-05-20,compound,5647745,1.00000000
2019-05-21,compound,6198050,1.00000000
2019-05-22,compound,5935406,1.00000000
2019-05-23,compound,5828067,1.00000000
2019-05-24,compound,4797119,1.00000000
2019-05-25,compound,2332889,1.00000000
2019-05-26,compound,2306005,1.00000000
2019-05-27,compound,2159194,1.00000000
2019-05-28,compound,2112767,1.00000000
2019-05-29,compound,1922203,1.00000000
2019-05-30,compound,2723552,1.00000000
2019-05-31,compound,2368078,1.00000000
2019-06-01,compound,2222102,1.00000000
2019-06-02,compound,2234502,1.00000000
2019-06-03,compound,2285835,1.00000000
2019-06-04,compound,2234939,1.00000000
2019-06-05,compound,2174608,1.00000000
2019-06-06,compound,2160136,1.00000000
2019-06-07,compound,2144127,1.00000000
2019-06-08,compound,2107766,1.00000000
2019-06-09,compound,2106735,1.00000000
2019-06-10,compound,2102838,1.00000000
2019-06-11,compound,1408875,1.00000000
2019-06-12,compound,1401226,1.00000000
2019-06-13,compound,1405000,1.00000000
2019-06-14,compound,1395664,1.00000000
2019-06-15,compound,1405597,1.00000000
2019-06-16,compound,1425822,1.00000000
2019-06-17,compound,1404479,1.00000000
2019-06-18,compound,1368275,1.00000000
2019-06-19,compound,1358774,1.00000000
2019-06-20,compound,1360465,1.00000000
2019-06-21,compound,1353700,1.00000000
2019-06-22,compound,1360390,1.00000000
2019-06-23,compound,1356148,1.00000000
2019-06-24,compound,1361352,1.00000000
2019-06-25,compound,1356425,1.00000000
2019-06-26,compound,1359796,1.00000000
2019-06-27,compound,1344259,1.00000000
2019-06-28,compound,1270040,1.00000000
2019-06-29,compound,1264181,1.00000000
2019-06-30,compound,1270246,1.00000000
2019-07-01,compound,1243582,1.00000000
2019-07-02,compound,1245960,1.00000000
2019-07-03,compound,1250643,1.00000000
2019-07-04,compound,1238620,1.00000000
2019-07-05,compound,1231211,1.00000000
2019-07-06,compound,1233935,1.00000000
2019-07-07,compound,1233809,1.00000000
2019-07-08,compound,1217531,1.00000000
2019-07-09,compound,1216017,1.00000000
2019-07-10,compound,1208645,1.00000000
2019-07-11,compound,1191625,1.00000000
2019-07-12,compound,1077307,1.00000000
2019-07-13,compound,1071679,1.00000000
2019-07-14,compound,1074815,1.00000000
2019-07-15,compound,1000542,1.00000000
2019-07-16,compound,961389,1.00000000
2019-07-17,compound,556511,1.00000000
2019-07-18,compound,555914,1.00000000
2019-07-19,compound,552949,1.00000000
2019-07-20,compound,556065,1.00000000
2019-07-21,compound,559499,1.00000000
2019-07-22,compound,559743,1.00000000
2019-07-23,compound,559251,1.00000000
2019-07-24,compound,559841,1.00000000
2019-07-25,compound,558353,1.00000000
2019-07-26,compound,557235,1.00000000
2019-07-27,compound,561248,1.00000000
2019-07-28,compound,552887,1.00000000
2019-07-29,compound,552421,1.00000000
2019-07-30,compound,561173,1.00000000
2019-07-31,compound,558508,1.00000000
2019-08-01,compound,558588,1.00000000
2019-08-02,compound,557653,1.00000000
2019-08-03,compound,556728,1.00000000
2019-08-04,compound,558394,1.00000000
2019-08-05,compound,557799,1.00000000
2019-08-06,compound,560401,1.00000000
2019-08-07,compound,556369,1.00000000
2019-08-08,compound,554441,1.00000000
2019-08-09,compound,554810,1.00000000
2019-08-10,compound,546875,1.00000000
2019-08-11,compound,544747,1.00000000
2019-08-12,compound,548952,1.00000000
2019-08-13,compound,548500,1.00000000
2019-08-14,compound,546351,1.00000000
2019-08-15,compound,535545,1.00000000
2019-08-16,compound,532814,1.00000000
2019-08-17,compound,533171,1.00000000
2019-08-18,compound,534625,1.00000000
2019-08-19,compound,535569,1.00000000
2019-08-20,compound,540117,1.00000000
2019-08-21,compound,532288,1.00000000
2019-08-22,compound,535515,1.00000000
2019-08-23,compound,533176,1.00000000
2019-08-24,compound,530571,1.00000000
2019-08-25,compound,532858,1.00000000
2019-08-26,compound,532350,1.00000000
2019-08-27,compound,536709,1.00000000
2019-08-28,compound,533815,1.00000000
2019-08-29,compound,396368,1.00000000
2019-08-30,compound,360633,1.00000000
2019-08-31,compound,360634,1.00000000
2019-09-01,compound,346425,1.00000000
2019-09-02,compound,346209,1.00000000
2019-09-03,compound,347681,1.00000000
2019-09-04,compound,348804,1.00000000
2019-09-05,compound,349069,1.00000000
2019-09-06,compound,347538,1.00000000
2019-09-07,compound,345446,1.00000000
2019-09-08,compound,346021,1.00000000
2019-09-09,compound,349536,1.00000000
2019-09-10,compound,346545,1.00000000
2019-09-11,compound,349920,1.00000000
2019-09-12,compound,347702,1.00000000
2019-09-13,compound,348257,1.00000000
2019-09-14,compound,350471,1.00000000
2019-09-15,compound,349747,1.00000000
2019-09-16,compound,350508,1.00000000
2019-09-17,compound,350115,1.00000000
2019-09-18,compound,351315,1.00000000
2019-09-19,compound,353535,1.00000000
2019-09-20,compound,355923,1.00000000
2019-09-21,compound,355231,1.00000000
2019-09-22,compound,355240,1.00000000
2019-09-23,compound,352046,1.00000000
2019-09-24,compound,349613,1.00000000
2019-09-25,compound,343234,1.00000000
2019-09-26,compound,343868,1.00000000
2019-09-27,compound,315822,1.00000000
2019-09-28,compound,316308,1.00000000
2019-09-29,compound,318118,1.00000000
2019-09-30,compound,315651,1.00000000
2019-10-01,compound,319413,1.00000000
2019-10-02,compound,317685,1.00000000
2019-10-03,compound,319673,1.00000000
2019-10-04,compound,316920,1.00000000
2019-10-05,compound,317245,1.00000000
2019-10-06,compound,318287,1.00000000
2019-10-07,compound,316504,1.00000000
2019-10-08,compound,319395,1.00000000
2019-10-09,compound,318522,1.00000000
2019-10-10,compound,322221,1.00000000
2019-10-11,compound,321799,1.00000000
2019-10-12,compound,317990,1.00000000
2019-10-13,compound,317660,1.00000000
2019-10-14,compound,318304,1.00000000
2019-10-15,compound,321633,1.00000000
2019-10-16,compound,319300,1.00000000
2019-10-17,compound,315937,1.00000000
2019-10-18,compound,317641,1.00000000
2019-10-19,compound,316045,1.00000000
2019-10-20,compound,315082,1.00000000
2019-10-21,compound,317540,1.00000000
2019-10-22,compound,317797,1.00000000
2019-10-23,compound,315936,1.00000000
2019-10-24,compound,262666,1.00000000
2019-10-25,compound,260181,1.00000000
2019-10-26,compound,270300,1.00000000
2019-10-27,compound,267726,1.00000000
2019-10-28,compound,271630,1.00000000
2019-10-29,compound,271521,1.00000000
2019-10-30,compound,271051,1.00000000
2019-10-31,compound,270008,1.00000000
2019-11-01,compound,271671,1.00000000
2019-11-02,compound,268692,1.00000000
2019-11-03,compound,274935,1.00000000
2019-11-04,compound,269133,1.00000000
2019-11-05,compound,272526,1.00000000
2019-11-06,compound,269903,1.00000000
2019-11-07,compound,271944,1.00000000
2019-11-08,compound,272224,1.00000000
2019-11-09,compound,268482,1.00000000
2019-11-10,compound,270598,1.00000000
2019-11-11,compound,269567,1.00000000
2019-11-12,compound,269700,1.00000000
2019-11-13,compound,268404,1.00000000
2019-11-14,compound,268963,1.00000000
2019-11-15,compound,269119,1.00000000
2019-11-16,compound,266306,1.00000000
2019-11-17,compound,267569,1.00000000
2019-11-18,compound,268181,1.00000000
2019-11-19,compound,265539,1.00000000
2019-11-20,compound,262229,1.00000000
2019-11-21,compound,261815,1.00000000
2019-11-22,compound,258916,1.00000000
2019-11-23,compound,256805,1.00000000
2019-11-24,compound,256904,1.00000000
2019-11-25,compound,251648,1.00000000
2019-11-26,compound,254692,1.00000000
2019-11-27,compound,255396,1.00000000
2019-11-28,compound,255503,1.00000000
2019-11-29,compound,254931,1.00000000
2019-11-30,compound,255739,1.00000000
2019-12-01,compound,254948,1.00000000
2019-12-02,compound,255361,1.00000000
2019-12-03,compound,253874,1.00000000
2019-12-04,compound,252702,1.00000000
2019-12-05,compound,251982,1.00000000
2019-12-06,compound,253475,1.00000000
2019-12-07,compound,254493,1.00000000
2019-12-08,compound,253012,1.00000000
2019-12-09,compound,254390,1.00000000
2019-12-10,compound,254189,1.00000000
2019-12-11,compound,252408,1.00000000
2019-12-12,compound,251960,1.00000000
2019-12-13,compound,253813,1.00000000
2019-12-14,compound,253528,1.00000000
2019-12-15,compound,251663,1.00000000
2019-12-16,compound,251574,1.00000000
2019-12-17,compound,250466,1.00000000
2019-12-18,compound,249014,1.00000000
2019-12-19,compound,250153,1.00000000
2019-12-20,compound,248184,1.00000000
2019-12-21,compound,247997,1.00000000
2019-12-22,compound,247706,1.00000000
2019-12-23,compound,251909,1.00000000
2019-12-24,compound,248145,1.00000000
2019-12-25,compound,248700,1.00000000
2019-12-26,compound,248436,1.00000000
2019-12-27,compound,248264,1.00000000
2019-12-28,compound,249535,1.00000000
2019-12-29,compound,249382,1.00000000
2019-12-30,compound,249402,1.00000000
2019-12-31,compound,248666,1.00000000
2020-01-01,compound,248407,1.00000000
2020-01-02,compound,249021,1.00000000
2020-01-03,compound,247867,1.00000000
2020-01-04,compound,250778,1.00000000
2020-01-05,compound,250966,1.00000000
2020-01-06,compound,250259,1.00000000
2020-01-07,compound,253813,1.00000000
2020-01-08,compound,251959,1.00000000
2020-01-09,compound,251252,1.00000000
2020-01-10,compound,251372,1.00000000
2020-01-11,compound,254419,1.00000000
2020-01-12,compound,252528,1.00000000
2020-01-13,compound,255372,1.00000000
2020-01-14,compound,252843,1.00000000
2020-01-15,compound,259186,1.00000000
2020-01-16,compound,258250,1.00000000
2020-01-17,compound,255862,1.00000000
2020-01-18,compound,258362,1.00000000
2020-01-19,compound,258266,1.00000000
2020-01-20,compound,255234,1.00000000
2020-01-21,compound,255930,1.00000000
2020-01-22,compound,258304,1.00000000
2020-01-23,compound,256816,1.00000000
2020-01-24,compound,257249,1.00000000
2020-01-25,compound,256104,1.00000000
2020-01-26,compound,253945,1.00000000
2020-01-27,compound,263068,1.00000000
2020-01-28,compound,259386,1.00000000
2020-01-29,compound,261364,1.00000000
2020-01-30,compound,255686,1.00000000
2020-01-31,compound,262137,1.00000000
2020-02-01,compound,260572,1.00000000
2020-02-02,compound,261557,1.00000000
2020-02-03,compound,262331,1.00000000
2020-02-04,compound,262732,1.00000000
2020-02-05,compound,262800,1.00000000
2020-02-06,compound,265981,1.00000000
2020-02-07,compound,51641,1.00000000
2020-02-08,compound,53722,1.00000000
2020-02-09,compound,53919,1.00000000
2020-02-10,compound,54857,1.00000000
2020-02-11,compound,53586,1.00000000
2020-02-12,compound,57055,1.00000000
2020-02-13,compound,63130,1.00000000
2020-02-14,compound,63985,1.00000000
2020-02-15,compound,68058,1.00000000
2020-02-16,compound,62555,1.00000000
2020-02-17,compound,61916,1.00000000
2020-02-18,compound,63176,1.00000000
2020-02-19,compound,66710,1.00000000
2020-02-20,compound,60273,1.00000000
2020-02-21,compound,60837,1.00000000
2020-02-22,compound,60843,1.00000000
2020-02-23,compound,61088,1.00000000
2020-02-24,compound,64740,1.00000000
2020-02-25,compound,62294,1.00000000
2020-02-26,compound,58708,1.00000000
2020-02-27,compound,52891,1.00000000
2020-02-28,compound,53645,1.00000000
2020-02-29,compound,54247,1.00000000
2020-03-01,compound,52400,1.00000000
2020-03-02,compound,51229,1.00000000
2020-03-03,compound,54792,1.00000000
2020-03-04,compound,52589,1.00000000
2020-03-05,compound,53859,1.00000000
2020-03-06,compound,54804,1.00000000
2020-03-07,compound,57948,1.00000000
2020-03-08,compound,56509,1.00000000
2020-03-09,compound,49421,1.00000000
2020-03-10,compound,48870,1.00000000
2020-03-11,compound,48656,1.00000000
2020-03-12,compound,47764,1.00000000
2020-03-13,compound,28217,1.00000000
2020-03-14,compound,32440,1.00000000
2020-03-15,compound,30284,1.00000000
2020-03-16,compound,30041,1.00000000
2020-03-17,compound,27760,1.00000000
2020-03-18,compound,28681,1.00000000
2020-03-19,compound,29387,1.00000000
2020-03-20,compound,33705,1.00000000
2020-03-21,compound,32592,1.00000000
2020-03-22,compound,32283,1.00000000
2020-03-23,compound,30382,1.00000000
2020-03-24,compound,33128,1.00000000
2020-03-25,compound,33372,1.00000000
2020-03-26,compound,33329,1.00000000
2020-03-27,compound,33961,1.00000000
2020-03-28,compound,31601,1.00000000
2020-03-29,compound,32051,1.00000000
2020-03-30,compound,30650,1.00000000
2020-03-31,compound,32416,1.00000000
2020-04-01,compound,32385,1.00000000
2020-04-02,compound,33293,1.00000000
2020-04-03,compound,34148,1.00000000
2020-04-04,compound,34053,1.00000000
2020-04-05,compound,34784,1.00000000
2020-04-06,compound,34602,1.00000000
2020-04-07,compound,40160,1.00000000
2020-04-08,compound,39297,1.00000000
2020-04-09,compound,41255,1.00000000
2020-04-10,compound,40871,1.00000000
2020-04-11,compound,37861,1.00000000
2020-04-12,compound,38139,1.00000000
2020-04-13,compound,38388,1.00000000
2020-04-14,compound,37868,1.00000000
2020-04-15,compound,38193,1.00000000
2020-04-16,compound,27586946,1.00000000
2020-04-17,compound,28079628,1.00000000
2020-04-18,compound,28592642,1.00000000
2020-04-19,compound,29204466,1.00000000
2020-04-20,compound,28054990,1.00000000
2020-04-21,compound,26741072,1.00000000
2020-04-22,compound,26765978,1.00000000
2020-04-23,compound,26906989,1.00000000
2020-04-24,compound,25549174,1.00000000
2020-04-25,compound,25484258,1.00000000
2020-04-26,compound,25843736,1.00000000
2020-04-27,compound,25944911,1.00000000
2020-04-28,compound,25732819,1.00000000
2020-04-29,compound,25830577,1.00000000
2020-04-30,compound,25369553,1.00000000
2020-05-01,compound,25950408,1.00000000
2020-05-02,compound,26646708,1.00000000
2020-05-03,compound,20559029,1.00000000
2020-05-04,compound,20482041,1.00000000
2020-05-05,compound,18873655,1.00000000
2020-05-06,compound,18747370,1.00000000
2020-05-07,compound,19266000,1.00000000
2020-05-08,compound,18783768,1.00000000
2020-05-09,compound,18898774,1.00000000
2020-05-10,compound,19225222,1.00000000
2020-05-11,compound,18903393,1.00000000
2020-05-12,compound,18655290,1.00000000
2020-05-13,compound,18180868,1.00000000
2020-05-14,compound,18278532,1.00000000
2020-05-15,compound,18304743,1.00000000
2020-05-16,compound,18715079,1.00000000
2020-05-17,compound,18873219,1.00000000
2020-05-18,compound,18998064,1.00000000
2020-05-19,compound,19562954,1.00000000
2020-05-20,aave,12345606,0.38733036
2020-05-20,compound,19527976,0.61266964
2020-05-21,aave,12298508,0.38596178
2020-05-21,compound,19566067,0.61403822
2020-05-22,aave,12404565,0.38986767
2020-05-22,compound,19412808,0.61013233
2020-05-23,aave,12502397,0.42417443
2020-05-23,compound,16972263,0.57582557
2020-05-24,aave,12845598,0.43421093
2020-05-24,compound,16738176,0.56578907
2020-05-25,aave,12958645,0.43583308
2020-05-25,compound,16774401,0.56416692
2020-05-26,aave,13066997,0.43412074
2020-05-26,compound,17032917,0.56587926
2020-05-27,aave,13154443,0.44262702
2020-05-27,compound,16564581,0.55737298
2020-05-28,aave,13346137,0.43777390
2020-05-28,compound,17140233,0.56222610
2020-05-29,aave,13399804,0.43617098
2020-05-29,compound,17321644,0.56382902
2020-05-30,aave,13726760,0.43238381
2020-05-30,compound,18019942,0.56761619
2020-05-31,aave,14277012,0.43680895
2020-05-31,compound,18407785,0.56319105
2020-06-01,aave,14448760,0.42596069
2020-06-01,compound,19471647,0.57403931
2020-06-02,aave,14495392,0.42821878
2020-06-02,compound,19355043,0.57178122
2020-06-03,aave,14995814,0.42333351
2020-06-03,compound,20427354,0.57666649
2020-06-04,aave,15051605,0.42783544
2020-06-04,compound,20129223,0.57216456
2020-06-05,aave,15149364,0.44171649
2020-06-05,compound,19147214,0.55828351
2020-06-06,aave,15235173,0.44404077
2020-06-06,compound,19075129,0.55595923
2020-06-07,aave,15357921,0.44381598
2020-06-07,compound,19246333,0.55618402
2020-06-08,aave,15456444,0.44714264
2020-06-08,compound,19110700,0.55285736
2020-06-09,aave,15596599,0.45188066
2020-06-09,compound,18918264,0.54811934
2020-06-10,aave,15844505,0.45794811
2020-06-10,compound,18754404,0.54205189
2020-06-11,aave,16248049,0.45727406
2020-06-11,compound,19284360,0.54272594
2020-06-12,aave,16562496,0.46964591
2020-06-12,compound,18703426,0.53035409
2020-06-13,aave,17031496,0.47393327
2020-06-13,compound,18904989,0.52606673
2020-06-14,aave,17286591,0.43969034
2020-06-14,compound,22028785,0.56030966
2020-06-15,aave,16773277,0.38173717
2020-06-15,compound,27166057,0.61826283
2020-06-16,aave,16824846,0.31611102
2020-06-16,compound,36399638,0.68388898
2020-06-17,aave,17407971,0.20883692
2020-06-17,compound,65948798,0.79116308
2020-06-18,aave,17732509,0.16367791
2020-06-18,compound,90605318,0.83632209
2020-06-19,aave,18585692,0.11641427
2020-06-19,compound,141065634,0.88358573
2020-06-20,aave,20010776,0.09735167
2020-06-20,compound,185540659,0.90264833
2020-06-21,aave,22685962,0.08853207
2020-06-21,compound,233559732,0.91146793
2020-06-22,aave,26390581,0.07781955
2020-06-22,compound,312734747,0.92218045
2020-06-23,aave,24881716,0.07100104
2020-06-23,compound,325559858,0.92899896
2020-06-24,aave,20920317,0.05630023
2020-06-24,compound,350664608,0.94369977
2020-06-25,aave,21334319,0.06257209
2020-06-25,compound,319621501,0.93742791
2020-06-26,aave,21392747,0.05688757
2020-06-26,compound,354660345,0.94311243
2020-06-27,aave,21005139,0.05439233
2020-06-27,compound,365173189,0.94560767
2020-06-28,aave,20965444,0.05661535
2020-06-28,compound,349348329,0.94338465
2020-06-29,aave,20708881,0.05253586
2020-06-29,compound,373476771,0.94746414
2020-06-30,aave,21092511,0.05120169
2020-06-30,compound,390856964,0.94879831
2020-07-01,aave,21085001,0.05359172
2020-07-01,compound,372352626,0.94640828
2020-07-02,aave,21218120,0.05100399
2020-07-02,compound,394790882,0.94899601
2020-07-03,aave,21616695,0.03206770
2020-07-03,compound,652478920,0.96793230
2020-07-04,aave,22099556,0.02895793
2020-07-04,compound,741061209,0.97104207
2020-07-05,aave,23822884,0.03002894
2020-07-05,compound,769507984,0.96997106
2020-07-06,aave,24415502,0.03015668
2020-07-06,compound,785206225,0.96984332
2020-07-07,aave,24927130,0.02907849
2020-07-07,compound,832308923,0.97092151
2020-07-08,aave,26359407,0.03216922
2020-07-08,compound,793038927,0.96783078
2020-07-09,aave,27464976,0.03096189
2020-07-09,compound,859592450,0.96903811
2020-07-10,aave,27431904,0.02909289
2020-07-10,compound,915475707,0.97090711
2020-07-11,aave,27846905,0.02895192
2020-07-11,compound,933985927,0.97104808
2020-07-12,aave,28801433,0.02876943
2020-07-12,compound,972310899,0.97123057
2020-07-13,aave,29674201,0.02885161
2020-07-13,compound,998836951,0.97114839
2020-07-14,aave,30410038,0.02978808
2020-07-14,compound,990469281,0.97021192
2020-07-15,aave,33222128,0.03184283
2020-07-15,compound,1010093546,0.96815717
2020-07-16,aave,34132918,0.03247124
2020-07-16,compound,1017041018,0.96752876
2020-07-17,aave,34363271,0.03251339
2020-07-17,compound,1022532548,0.96748661
2020-07-18,aave,36646568,0.03513076
2020-07-18,compound,1006500952,0.96486924
2020-07-19,aave,41152707,0.04149522
2020-07-19,compound,950593066,0.95850478
2020-07-20,aave,47610870,0.05170110
2020-07-20,compound,873276101,0.94829890
2020-07-21,aave,56791539,0.07295251
2020-07-21,compound,721681169,0.92704749
2020-07-22,aave,71778085,0.09110568
2020-07-22,compound,716077090,0.90889432
2020-07-23,aave,77384734,0.09941524
2020-07-23,compound,701014396,0.90058476
2020-07-24,aave,93209187,0.12596349
2020-07-24,compound,646760669,0.87403651
2020-07-25,aave,95986245,0.11878119
2020-07-25,compound,712106720,0.88121881
2020-07-26,aave,106835953,0.14556606
2020-07-26,compound,627098532,0.85443394
2020-07-27,aave,91093903,0.08445236
2020-07-27,compound,987548607,0.91554764
2020-07-28,aave,83144996,0.07141426
2020-07-28,compound,1081118244,0.92858574
2020-07-29,aave,84171663,0.06778365
2020-07-29,compound,1157597833,0.93221635
2020-07-30,aave,85994482,0.07372730
2020-07-30,compound,1080391358,0.92627270
2020-07-31,aave,94311979,0.09235409
2020-07-31,compound,926887840,0.90764591
2020-08-01,aave,97585088,0.10028808
2020-08-01,compound,875462599,0.89971192
2020-08-02,aave,97535414,0.09575178
2020-08-02,compound,921092271,0.90424822
2020-08-03,aave,100293939,0.09411410
2020-08-03,compound,965369355,0.90588590
2020-08-04,aave,101898740,0.09239508
2020-08-04,compound,1000960214,0.90760492
2020-08-05,aave,108585783,0.09598124
2020-08-05,compound,1022737162,0.90401876
2020-08-06,aave,108726923,0.09517749
2020-08-06,compound,1033632677,0.90482251
2020-08-07,aave,110889754,0.09577972
2020-08-07,compound,1046868396,0.90422028
2020-08-08,aave,127033815,0.11185879
2020-08-08,compound,1008628499,0.88814121
2020-08-09,aave,104300928,0.09115254
2020-08-09,compound,1039945069,0.90884746
2020-08-10,aave,103253354,0.09126192
2020-08-10,compound,1028142480,0.90873808
2020-08-11,aave,100234756,0.08282444
2020-08-11,compound,1109972779,0.91717556
2020-08-12,aave,115069733,0.08883466
2020-08-12,compound,1180255002,0.91116534
2020-08-13,aave,122805605,0.09191395
2020-08-13,compound,1213287645,0.90808605
2020-08-14,aave,91775273,0.06767363
2020-08-14,compound,1264370080,0.93232637
2020-08-15,aave,129438167,0.12816861
2020-08-15,compound,880467229,0.87183139
2020-08-16,aave,133677629,0.13031627
2020-08-16,compound,892116187,0.86968373
2020-08-17,aave,125205887,0.11959530
2020-08-17,compound,921707185,0.88040470
2020-08-18,aave,154543476,0.14521144
2020-08-18,compound,909721661,0.85478856
2020-08-19,aave,145108879,0.13731792
2020-08-19,compound,911627743,0.86268208
2020-08-20,aave,154673330,0.14460037
2020-08-20,compound,914987362,0.85539963
2020-08-21,aave,164261409,0.14938235
2020-08-21,compound,935342431,0.85061765
2020-08-22,aave,166922126,0.15017744
2020-08-22,compound,944577214,0.84982256
2020-08-23,aave,163052001,0.14588081
2020-08-23,compound,954654952,0.85411919
2020-08-24,aave,165006052,0.14753687
2020-08-24,compound,953399463,0.85246313
2020-08-25,aave,176712284,0.15195022
2020-08-25,compound,986249404,0.84804978
2020-08-26,aave,176423884,0.15487568
2020-08-26,compound,962708381,0.84512432
2020-08-27,aave,180673627,0.15780921
2020-08-27,compound,964212807,0.84219079
2020-08-28,aave,169545331,0.14958417
2020-08-28,compound,963898988,0.85041583
2020-08-29,aave,213276489,0.17895844
2020-08-29,compound,978488947,0.82104156
2020-08-30,aave,223307586,0.19303325
2020-08-30,compound,933527247,0.80696675
2020-08-31,aave,251398460,0.21937471
2020-08-31,compound,894578963,0.78062529
2020-09-01,aave,284295108,0.24213697
2020-09-01,compound,889813533,0.75786303
2020-09-02,aave,294401924,0.24737288
2020-09-02,compound,895712065,0.75262712
2020-09-03,aave,292357108,0.25523039
2020-09-03,compound,853106447,0.74476961
2020-09-04,aave,275625505,0.27036482
2020-09-04,compound,743832218,0.72963518
2020-09-05,aave,275931498,0.27354283
2020-09-05,compound,732800822,0.72645717
2020-09-06,aave,253779722,0.26746503
2020-09-06,compound,695053565,0.73253497
2020-09-07,aave,293541283,0.30155741
2020-09-07,compound,679876291,0.69844259
2020-09-08,aave,303548997,0.30377065
2020-09-08,compound,695721332,0.69622935
2020-09-09,aave,281987747,0.29644403
2020-09-09,compound,669246614,0.70355597
2020-09-10,aave,307076933,0.30992213
2020-09-10,compound,683742713,0.69007787
2020-09-11,aave,329655882,0.31692780
2020-09-11,compound,710504940,0.68307220
2020-09-12,aave,333121378,0.31705059
2020-09-12,compound,717567020,0.68294941
2020-09-13,aave,348388656,0.32497587
2020-09-13,compound,723656046,0.67502413
2020-09-14,aave,342909118,0.32127958
2020-09-14,compound,724413989,0.67872042
2020-09-15,aave,346724611,0.31113130
2020-09-15,compound,767675042,0.68886870
2020-09-16,aave,339752380,0.30554433
2020-09-16,compound,772205354,0.69445567
2020-09-17,aave,318006763,0.29793035
2020-09-17,compound,749379517,0.70206965
2020-09-18,aave,322392157,0.29912777
2020-09-18,compound,755381935,0.70087223
2020-09-19,aave,306548764,0.28113537
2020-09-19,compound,783846799,0.71886463
2020-09-20,aave,302294605,0.26600856
2020-09-20,compound,834114714,0.73399144
2020-09-21,aave,299765341,0.25287441
2020-09-21,compound,885666333,0.74712559
2020-09-22,aave,270244181,0.22625284
2020-09-22,compound,924190264,0.77374716
2020-09-23,aave,273872212,0.22052129
2020-09-23,compound,968058723,0.77947871
2020-09-24,aave,261752588,0.20740720
2020-09-24,compound,1000270078,0.79259280
2020-09-25,aave,264684435,0.20231464
2020-09-25,compound,1043596722,0.79768536
2020-09-26,aave,272084671,0.20378573
2020-09-26,compound,1063066091,0.79621427
2020-09-27,aave,278074457,0.20880137
2020-09-27,compound,1053691005,0.79119863
2020-09-28,aave,296935354,0.21824134
2020-09-28,compound,1063647190,0.78175866
2020-09-29,aave,270620894,0.20266357
2020-09-29,compound,1064700000,0.79733643
2020-09-30,aave,261236961,0.19498161
2020-09-30,compound,1078566093,0.80501839
2020-10-01,aave,263776128,0.19705366
2020-10-01,compound,1074824370,0.80294634
2020-10-02,aave,266446288,0.20531453
2020-10-02,compound,1031300556,0.79468547
2020-10-03,aave,257791160,0.20159129
2020-10-03,compound,1020990095,0.79840871
2020-10-04,aave,255087092,0.19894362
2020-10-04,compound,1027120874,0.80105638
2020-10-05,aave,244409287,0.19025773
2020-10-05,compound,1040212829,0.80974227
2020-10-06,aave,241048148,0.18615254
2020-10-06,compound,1053847677,0.81384746
2020-10-07,aave,238791949,0.18050628
2020-10-07,compound,1084109105,0.81949372
2020-10-08,aave,244679702,0.18300761
2020-10-08,compound,1092312240,0.81699239
2020-10-09,aave,228495729,0.17175707
2020-10-09,compound,1101846768,0.82824293
2020-10-10,aave,243288878,0.18001911
2020-10-10,compound,1108172540,0.81998089
2020-10-11,aave,241753474,0.17879918
2020-10-11,compound,1110341495,0.82120082
2020-10-12,aave,248352936,0.17937565
2020-10-12,compound,1136188015,0.82062435
2020-10-13,aave,247309297,0.17719260
2020-10-13,compound,1148399642,0.82280740
2020-10-14,aave,255915467,0.18240796
2020-10-14,compound,1147068597,0.81759204
2020-10-15,aave,261072527,0.18574068
2020-10-15,compound,1144502849,0.81425932
2020-10-16,aave,251432418,0.17844778
2020-10-16,compound,1157564741,0.82155222
2020-10-17,aave,254747372,0.18133519
2020-10-17,compound,1150095087,0.81866481
2020-10-18,aave,253764178,0.18220043
2020-10-18,compound,1139010664,0.81779957
2020-10-19,aave,258033628,0.18225003
2020-10-19,compound,1157788543,0.81774997
2020-10-20,aave,261441767,0.18423815
2020-10-20,compound,1157600706,0.81576185
2020-10-21,aave,255914698,0.17995830
2020-10-21,compound,1166163043,0.82004170
2020-10-22,aave,264184130,0.17646186
2020-10-22,compound,1232933294,0.82353814
2020-10-23,aave,258984279,0.16771142
2020-10-23,compound,1285241411,0.83228858
2020-10-24,aave,260303631,0.16071781
2020-10-24,compound,1359327875,0.83928219
2020-10-25,aave,268527856,0.16172652
2020-10-25,compound,1391854454,0.83827348
2020-10-26,aave,270432218,0.16235929
2020-10-26,compound,1395208375,0.83764071
2020-10-27,aave,247403324,0.14988811
2020-10-27,compound,1403183416,0.85011189
2020-10-28,aave,262562457,0.15728240
2020-10-28,compound,1406807098,0.84271760
2020-10-29,aave,264265022,0.15770312
2020-10-29,compound,1411447092,0.84229688
2020-10-30,aave,266126042,0.16262527
2020-10-30,compound,1370311188,0.83737473
2020-10-31,aave,262451402,0.16437257
2020-10-31,compound,1334234759,0.83562743
2020-11-01,aave,268274171,0.16579935
2020-11-01,compound,1349791142,0.83420065
2020-11-02,aave,269964699,0.16651922
2020-11-02,compound,1351257746,0.83348078
2020-11-03,aave,263194450,0.16261125
2020-11-03,compound,1355355635,0.83738875
2020-11-04,aave,248725069,0.15412692
2020-11-04,compound,1365042741,0.84587308
2020-11-05,aave,252294299,0.15608965
2020-11-05,compound,1364048004,0.84391035
2020-11-06,aave,262189163,0.15788126
2020-11-06,compound,1398483979,0.84211874
2020-11-07,aave,271729191,0.16136431
2020-11-07,compound,1412219296,0.83863569
2020-11-08,aave,290720757,0.16779381
2020-11-08,compound,1441886406,0.83220619
2020-11-09,aave,285146632,0.16420292
2020-11-09,compound,1451403664,0.83579708
2020-11-10,aave,289702523,0.16150985
2020-11-10,compound,1504011698,0.83849015
2020-11-11,aave,295955562,0.16146958
2020-11-11,compound,1536931809,0.83853042
2020-11-12,aave,300006536,0.15773465
2020-11-12,compound,1601963240,0.84226535
2020-11-13,aave,294377392,0.15444532
2020-11-13,compound,1611652529,0.84555468
2020-11-14,aave,299663439,0.15360901
2020-11-14,compound,1651155928,0.84639099
2020-11-15,aave,293105280,0.15131468
2020-11-15,compound,1643952460,0.84868532
2020-11-16,aave,296446926,0.15285987
2020-11-16,compound,1642890855,0.84714013
2020-11-17,aave,293657250,0.15180520
2020-11-17,compound,1640777521,0.84819480
2020-11-18,aave,301891212,0.15515929
2020-11-18,compound,1643794466,0.84484071
2020-11-19,aave,320979824,0.15910184
2020-11-19,compound,1696469004,0.84089816
2020-11-20,aave,336092553,0.16424819
2020-11-20,compound,1710155559,0.83575181
2020-11-21,aave,359673008,0.17128423
2020-11-21,compound,1740187655,0.82871577
2020-11-22,aave,362003181,0.16972870
2020-11-22,compound,1770831015,0.83027130
2020-11-23,aave,358688682,0.16679755
2020-11-23,compound,1791754603,0.83320245
2020-11-24,aave,378645965,0.17255066
2020-11-24,compound,1815758620,0.82744934
2020-11-25,aave,394333275,0.17591429
2020-11-25,compound,1847288321,0.82408571
2020-11-26,aave,376475696,0.17140659
2020-11-26,compound,1819914216,0.82859341
2020-11-27,aave,358878566,0.18839661
2020-11-27,compound,1546031359,0.81160339
2020-11-28,aave,356274137,0.18001121
2020-11-28,compound,1622903375,0.81998879
2020-11-29,aave,353571086,0.17734234
2020-11-29,compound,1640149612,0.82265766
2020-11-30,aave,358226854,0.17863758
2020-11-30,compound,1647100658,0.82136242
2020-12-01,aave,376611584,0.18091236
2020-12-01,compound,1705123425,0.81908764
2020-12-02,aave,379555195,0.18405135
2020-12-02,compound,1682669306,0.81594865
2020-12-03,aave,376259669,0.17752602
2020-12-03,compound,1743202364,0.82247398
2020-12-04,aave,397070548,0.18515893
2020-12-04,compound,1747414453,0.81484107
2020-12-05,aave,389267168,0.18772898
2020-12-05,compound,1684292071,0.81227102
2020-12-06,aave,377643763,0.17924700
2020-12-06,compound,1729190745,0.82075300
2020-12-07,aave,378271489,0.17966865
2020-12-07,compound,1727112482,0.82033135
2020-12-08,aave,383313659,0.17735234
2020-12-08,compound,1777997895,0.82264766
2020-12-09,aave,386173161,0.17635970
2020-12-09,compound,1803517331,0.82364030
2020-12-10,aave,376215342,0.17724117
2020-12-10,compound,1746402953,0.82275883
2020-12-11,aave,371349121,0.17407236
2020-12-11,compound,1761954061,0.82592764
2020-12-12,aave,364011894,0.17007750
2020-12-12,compound,1776258835,0.82992250
2020-12-13,aave,370681191,0.16878889
2020-12-13,compound,1825441942,0.83121111
2020-12-14,aave,377595905,0.16997993
2020-12-14,compound,1843818777,0.83002007
2020-12-15,aave,380844355,0.17057789
2020-12-15,compound,1851826854,0.82942211
2020-12-16,aave,385035076,0.16884977
2020-12-16,compound,1895306047,0.83115023
2020-12-17,aave,400314126,0.17321496
2020-12-17,compound,1910768796,0.82678504
2020-12-18,aave,416141434,0.18048406
2020-12-18,compound,1889554861,0.81951594
2020-12-19,aave,412030058,0.17514052
2020-12-19,compound,1940538422,0.82485948
2020-12-20,aave,422414322,0.17969014
2020-12-20,compound,1928378687,0.82030986
2020-12-21,aave,431643942,0.18549269
2020-12-21,compound,1895369275,0.81450731
2020-12-22,aave,429072042,0.18502119
2020-12-22,compound,1889970625,0.81497881
2020-12-23,aave,425682659,0.18051645
2020-12-23,compound,1932455114,0.81948355
2020-12-24,aave,423795735,0.17997856
2020-12-24,compound,1930905449,0.82002144
2020-12-25,aave,420103466,0.17895848
2020-12-25,compound,1927387779,0.82104152
2020-12-26,aave,429999691,0.18215475
2020-12-26,compound,1930628792,0.81784525
2020-12-27,aave,426337033,0.17920978
2020-12-27,compound,1952646013,0.82079022
2020-12-28,aave,430335291,0.18621114
2020-12-28,compound,1880671990,0.81378886
2020-12-29,aave,458410123,0.19353133
2020-12-29,compound,1910250912,0.80646867
2020-12-30,aave,464872527,0.19976215
2020-12-30,compound,1862257608,0.80023785
2020-12-31,aave,579245506,0.24219303
2020-12-31,compound,1812423250,0.75780697
2021-01-01,aave,593937927,0.24886089
2021-01-01,compound,1792688297,0.75113911
2021-01-02,aave,612004765,0.25468584
2021-01-02,compound,1790974432,0.74531416
2021-01-03,aave,616262072,0.23948449
2021-01-03,compound,1957023919,0.76051551
2021-01-04,aave,631390122,0.26818703
2021-01-04,compound,1722900172,0.73181297
2021-01-05,aave,529975980,0.24595870
2021-01-05,compound,1624759637,0.75404130
2021-01-06,aave,589849905,0.25527321
2021-01-06,compound,1720811274,0.74472679
2021-01-07,aave,616015425,0.25583267
2021-01-07,compound,1791868746,0.74416733
2021-01-08,aave,652090448,0.26261062
2021-01-08,compound,1831017257,0.73738938
2021-01-09,aave,663204357,0.25715848
2021-01-09,compound,1915767045,0.74284152
2021-01-10,aave,667082830,0.25609016
2021-01-10,compound,1937792073,0.74390984
2021-01-11,aave,693955597,0.26535245
2021-01-11,compound,1921266499,0.73464755
2021-01-12,aave,626715290,0.26278652
2021-01-12,compound,1758168423,0.73721348
2021-01-13,aave,638730887,0.26299470
2021-01-13,compound,1789952647,0.73700530
2021-01-14,aave,642556684,0.24125412
2021-01-14,compound,2020845246,0.75874588
2021-01-15,aave,637143319,0.23077967
2021-01-15,compound,2123686229,0.76922033
2021-01-16,aave,668828943,0.22848302
2021-01-16,compound,2258429941,0.77151698
2021-01-17,aave,674623762,0.22352897
2021-01-17,compound,2343435876,0.77647103
2021-01-18,aave,693301570,0.22886019
2021-01-18,compound,2336065751,0.77113981
2021-01-19,aave,689515993,0.22814761
2021-01-19,compound,2332720312,0.77185239
2021-01-20,aave,708440597,0.23041569
2021-01-20,compound,2366178959,0.76958431
2021-01-21,aave,677809544,0.22221177
2021-01-21,compound,2372476859,0.77778823
2021-01-22,aave,632664817,0.21986102
2021-01-22,compound,2244902196,0.78013898
2021-01-23,aave,647811364,0.24261061
2021-01-23,compound,2022357782,0.75738939
2021-01-24,aave,661828806,0.22541759
2021-01-24,compound,2274183465,0.77458241
2021-01-25,aave,678011241,0.22691595
2021-01-25,compound,2309928708,0.77308405
2021-01-26,aave,682222850,0.22564382
2021-01-26,compound,2341227336,0.77435618
2021-01-27,aave,669513188,0.22119629
2021-01-27,compound,2357269914,0.77880371
2021-01-28,aave,662902076,0.22149025
2021-01-28,compound,2330015561,0.77850975
2021-01-29,aave,688120077,0.22348944
2021-01-29,compound,2390862370,0.77651056
2021-01-30,aave,709665771,0.22403102
2021-01-30,compound,2458046375,0.77596898
2021-01-31,aave,718381540,0.22485724
2021-01-31,compound,2476452369,0.77514276
2021-02-01,aave,742901661,0.23258542
2021-02-01,compound,2451200740,0.76741458
2021-02-02,aave,739634735,0.22393068
2021-02-02,compound,2563328143,0.77606932
2021-02-03,aave,780791285,0.22836923
2021-02-03,compound,2638195046,0.77163077
2021-02-04,aave,813650964,0.22954167
2021-02-04,compound,2731025557,0.77045833
2021-02-05,aave,835472160,0.22917332
2021-02-05,compound,2810118722,0.77082668
2021-02-06,aave,873593118,0.23069206
2021-02-06,compound,2913243384,0.76930794
2021-02-07,aave,853440600,0.22615157
2021-02-07,compound,2920314361,0.77384843
2021-02-08,aave,860022197,0.22495280
2021-02-08,compound,2963100762,0.77504720
2021-02-09,aave,896412079,0.21068763
2021-02-09,compound,3358285101,0.78931237
2021-02-10,aave,917825826,0.20968247
2021-02-10,compound,3459391828,0.79031753
2021-02-11,aave,943482568,0.21069901
2021-02-11,compound,3534386447,0.78930099
2021-02-12,aave,959772075,0.20684806
2021-02-12,compound,3680213720,0.79315194
2021-02-13,aave,972566371,0.20912652
2021-02-13,compound,3678045914,0.79087348
2021-02-14,aave,988886307,0.20926551
2021-02-14,compound,3736623973,0.79073449
2021-02-15,aave,1014368104,0.21102856
2021-02-15,compound,3792412968,0.78897144
2021-02-16,aave,1002809880,0.20594886
2021-02-16,compound,3866408059,0.79405114
2021-02-17,aave,1007820127,0.19454080
2021-02-17,compound,4172687701,0.80545920
2021-02-18,aave,1016742904,0.19082731
2021-02-18,compound,4311335797,0.80917269
2021-02-19,aave,1060662212,0.19576448
2021-02-19,compound,4357390103,0.80423552
2021-02-20,aave,1097308990,0.19923140
2021-02-20,compound,4410402195,0.80076860
2021-02-21,aave,1153435186,0.20376845
2021-02-21,compound,4507083854,0.79623155
2021-02-22,aave,1163610744,0.20423511
2021-02-22,compound,4533797230,0.79576489
2021-02-23,aave,1111152895,0.20159539
2021-02-23,compound,4400644211,0.79840461
2021-02-24,aave,1027503269,0.20358711
2021-02-24,compound,4019492499,0.79641289
2021-02-25,aave,1080741250,0.21023074
2021-02-25,compound,4059997246,0.78976926
2021-02-26,aave,1077765726,0.20646914
2021-02-26,compound,4142218844,0.79353086
2021-02-27,aave,1034299091,0.20406721
2021-02-27,compound,4034124660,0.79593279
2021-02-28,aave,1037274400,0.20245684
2021-02-28,compound,4086160376,0.79754316
2021-03-01,aave,1032603824,0.20020721
2021-03-01,compound,4125071812,0.79979279
2021-03-02,aave,1053503364,0.19542056
2021-03-02,compound,4337451288,0.80457944
2021-03-03,aave,1069427618,0.19019757
2021-03-03,compound,4553292057,0.80980243
2021-03-04,aave,1115390423,0.19444131
2021-03-04,compound,4620995580,0.80555869
2021-03-05,aave,1108337252,0.19384753
2021-03-05,compound,4609234993,0.80615247
2021-03-06,aave,1080372857,0.19090346
2021-03-06,compound,4578890120,0.80909654
2021-03-07,aave,1125400307,0.19758448
2021-03-07,compound,4570392724,0.80241552
2021-03-08,aave,1312387445,0.22007824
2021-03-08,compound,4650889265,0.77992176
2021-03-09,aave,1281648932,0.21602867
2021-03-09,compound,4651123420,0.78397133
2021-03-10,aave,1204845164,0.20255921
2021-03-10,compound,4743268196,0.79744079
2021-03-11,aave,1191864058,0.19907482
2021-03-11,compound,4795151540,0.80092518
2021-03-12,aave,1210566280,0.19943578
2021-03-12,compound,4859388972,0.80056422
2021-03-13,aave,1121477852,0.18722303
2021-03-13,compound,4868585821,0.81277697
2021-03-14,aave,1220211776,0.19643041
2021-03-14,compound,4991717281,0.80356959
2021-03-15,aave,1245696027,0.19584803
2021-03-15,compound,5114827557,0.80415197
2021-03-16,aave,1258935187,0.19899774
2021-03-16,compound,5067444109,0.80100226
2021-03-17,aave,1305322521,0.19975916
2021-03-17,compound,5229158953,0.80024084
2021-03-18,aave,1300926383,0.19783592
2021-03-18,compound,5274858189,0.80216408
2021-03-19,aave,1312704422,0.19929739
2021-03-19,compound,5273956898,0.80070261
2021-03-20,aave,1319267743,0.19778081
2021-03-20,compound,5351084726,0.80221919
2021-03-21,aave,1348342080,0.19647661
2021-03-21,compound,5514266593,0.80352339
2021-03-22,aave,1333855657,0.19626772
2021-03-22,compound,5462247440,0.80373228
2021-03-23,aave,1337776766,0.19762736
2021-03-23,compound,5431411368,0.80237264
2021-03-24,aave,1368008283,0.19837045
2021-03-24,compound,5528221772,0.80162955
2021-03-25,aave,1380077937,0.19708973
2021-03-25,compound,5622204494,0.80291027
2021-03-26,aave,1318387581,0.19178230
2021-03-26,compound,5556009112,0.80821770
2021-03-27,aave,1358747790,0.19585895
2021-03-27,compound,5578631478,0.80414105
2021-03-28,aave,1393069119,0.20215298
2021-03-28,compound,5498093935,0.79784702
2021-03-29,aave,1383315654,0.20216027
2021-03-29,compound,5459352578,0.79783973
2021-03-30,aave,1511697018,0.21488061
2021-03-30,compound,5523358595,0.78511939
2021-03-31,aave,1526935028,0.21610661
2021-03-31,compound,5538721375,0.78389339
2021-04-01,aave,1533925407,0.21646059
2021-04-01,compound,5552470258,0.78353941
2021-04-02,aave,1562828990,0.21642257
2021-04-02,compound,5658363405,0.78357743
2021-04-03,aave,1598906080,0.21141022
2021-04-03,compound,5964144049,0.78858978
2021-04-04,aave,1610616607,0.20793438
2021-04-04,compound,6135176297,0.79206562
2021-04-05,aave,1599820739,0.20299279
2021-04-05,compound,6281349675,0.79700721
2021-04-06,aave,1595727358,0.19910408
2021-04-06,compound,6418811180,0.80089592
2021-04-07,aave,1585725822,0.19440289
2021-04-07,compound,6571178648,0.80559711
2021-04-08,aave,1497126788,0.18820308
2021-04-08,compound,6457720629,0.81179692
2021-04-09,aave,1529389772,0.18825946
2021-04-09,compound,6594450561,0.81174054
2021-04-10,aave,1529482865,0.18537917
2021-04-10,compound,6721082111,0.81462083
2021-04-11,aave,1533230943,0.18460285
2021-04-11,compound,6772333879,0.81539715
2021-04-12,aave,1519199231,0.18207224
2021-04-12,compound,6824737318,0.81792776
2021-04-13,aave,1501943599,0.18140634
2021-04-13,compound,6777500004,0.81859366
2021-04-14,aave,1512906871,0.17523928
2021-04-14,compound,7120470583,0.82476072
2021-04-15,aave,1709822964,0.18623421
2021-04-15,compound,7471212880,0.81376579
2021-04-16,aave,1810622166,0.18985378
2021-04-16,compound,7726307398,0.81014622
2021-04-17,aave,1888283260,0.19825233
2021-04-17,compound,7636362806,0.80174767
2021-04-18,aave,1942770486,0.20259567
2021-04-18,compound,7646627330,0.79740433
2021-04-19,aave,1870332951,0.21468438
2021-04-19,compound,6841679494,0.78531562
2021-04-20,aave,1914913611,0.23651676
2021-04-20,compound,6181398842,0.76348324
2021-04-21,aave,1907475087,0.23377074
2021-04-21,compound,6252122019,0.76622926
2021-04-22,aave,1971241236,0.21447630
2021-04-22,compound,7219710110,0.78552370
2021-04-23,aave,2046151417,0.21914320
2021-04-23,compound,7290900456,0.78085680
2021-04-24,aave,1926493075,0.21078240
2021-04-24,compound,7213231457,0.78921760
2021-04-25,aave,1901389458,0.21139824
2021-04-25,compound,7092959108,0.78860176
2021-04-26,aave,1960581058,0.21544678
2021-04-26,compound,7139490201,0.78455322
2021-04-27,aave,3055872640,0.29588478
2021-04-27,compound,7272041741,0.70411522
2021-04-28,aave,3748914611,0.33800000
2021-04-28,compound,7342548639,0.66200000
2021-04-29,aave,4156994324,0.36162651
2021-04-29,compound,7338275648,0.63837349
2021-04-30,aave,4651371982,0.38596644
2021-04-30,compound,7399862284,0.61403356
2021-05-01,aave,5180529882,0.41195380
2021-05-01,compound,7394982001,0.58804620
2021-05-02,aave,5197662094,0.40776920
2021-05-02,compound,7548916290,0.59223080
2021-05-03,aave,5373082877,0.41480481
2021-05-03,compound,7580197282,0.58519519
2021-05-04,aave,5603462677,0.41845892
2021-05-04,compound,7787248809,0.58154108
2021-05-05,aave,5757321644,0.42482342
2021-05-05,compound,7794948251,0.57517658
2021-05-06,aave,6042073358,0.43178708
2021-05-06,compound,7951104462,0.56821292
2021-05-07,aave,6371799237,0.43948096
2021-05-07,compound,8126665579,0.56051904
2021-05-08,aave,6290876101,0.42713284
2021-05-08,compound,8437272822,0.57286716
2021-05-09,aave,6346465897,0.42649370
2021-05-09,compound,8534095926,0.57350630
2021-05-10,aave,6400611792,0.42560231
2021-05-10,compound,8638338146,0.57439769
2021-05-11,aave,6555046080,0.42896049
2021-05-11,compound,8726189034,0.57103951
2021-05-12,aave,6586749767,0.42489414
2021-05-12,compound,8915346141,0.57510586
2021-05-13,aave,6741683158,0.45636014
2021-05-13,compound,8031042590,0.54363986
2021-05-14,aave,6932224042,0.44492829
2021-05-14,compound,8648318264,0.55507171
2021-05-15,aave,7405184681,0.47719252
2021-05-15,compound,8113048302,0.52280748
2021-05-16,aave,7674830063,0.49135647
2021-05-16,compound,7944848487,0.50864353
2021-05-17,aave,8490417151,0.52455654
2021-05-17,compound,7695478102,0.47544346
2021-05-18,aave,8332538418,0.51881225
2021-05-18,compound,7728258985,0.48118775
2021-05-19,aave,8713587920,0.52696290
2021-05-19,compound,7821898438,0.47303710
2021-05-20,aave,7441137441,0.53481358
2021-05-20,compound,6472378845,0.46518642
2021-05-21,aave,7749488174,0.55804314
2021-05-21,compound,6137409829,0.44195686
2021-05-22,aave,7758300658,0.57032082
2021-05-22,compound,5845096454,0.42967918
2021-05-23,aave,7902575056,0.59284723
2021-05-23,compound,5427292419,0.40715277
2021-05-24,aave,6347257372,0.56544018
2021-05-24,compound,4878080949,0.43455982
2021-05-25,aave,6878621977,0.57328717
2021-05-25,compound,5119940683,0.42671283
2021-05-26,aave,6937754164,0.56966947
2021-05-26,compound,5240806362,0.43033053
2021-05-27,aave,7376352066,0.57801954
2021-05-27,compound,5385071410,0.42198046
2021-05-28,aave,8346488655,0.60729543
2021-05-28,compound,5397215350,0.39270457
2021-05-29,aave,8056192084,0.59863405
2021-05-29,compound,5401432221,0.40136595
2021-05-30,aave,8328463656,0.64885915
2021-05-30,compound,4507085683,0.35114085
2021-05-31,aave,8810636537,0.63979622
2021-05-31,compound,4960367853,0.36020378
2021-06-01,aave,9171619138,0.64368984
2021-06-01,compound,5076887701,0.35631016
2021-06-02,aave,9243694804,0.63946548
2021-06-02,compound,5211651331,0.36053452
2021-06-03,aave,9499091358,0.64303641
2021-06-03,compound,5273153497,0.35696359
2021-06-04,aave,9693086203,0.64293490
2021-06-04,compound,5383224399,0.35706510
2021-06-05,aave,9439881307,0.63774310
2021-06-05,compound,5362131166,0.36225690
2021-06-06,aave,9380977618,0.63774599
2021-06-06,compound,5328605562,0.36225401
2021-06-07,aave,9504250680,0.63907690
2021-06-07,compound,5367591414,0.36092310
2021-06-08,aave,9796433694,0.63480315
2021-06-08,compound,5635805019,0.36519685
2021-06-09,aave,9446064773,0.63099010
2021-06-09,compound,5524161921,0.36900990
2021-06-10,aave,9610191738,0.63562015
2021-06-10,compound,5509202745,0.36437985
2021-06-11,aave,9594833364,0.64066815
2021-06-11,compound,5381458856,0.35933185
2021-06-12,aave,9104159357,0.63573491
2021-06-12,compound,5216525649,0.36426509
2021-06-13,aave,9025759345,0.63641380
2021-06-13,compound,5156458772,0.36358620
2021-06-14,aave,9007958376,0.62963305
2021-06-14,compound,5298721389,0.37036695
2021-06-15,aave,9245777380,0.63041235
2021-06-15,compound,5420460360,0.36958765
2021-06-16,aave,9701279428,0.63750212
2021-06-16,compound,5516363116,0.36249788
2021-06-17,aave,9572155780,0.63575975
2021-06-17,compound,5484091064,0.36424025
2021-06-18,aave,8425024838,0.60050303
2021-06-18,compound,5604920656,0.39949697
2021-06-19,aave,8375418200,0.61100819
2021-06-19,compound,5332120125,0.38899181
2021-06-20,aave,8393528259,0.62307566
2021-06-20,compound,5077593734,0.37692434
2021-06-21,aave,8244982452,0.62092134
2021-06-21,compound,5033643958,0.37907866
2021-06-22,aave,7833201737,0.65591584
2021-06-22,compound,4109186670,0.34408416
2021-06-23,aave,7810863401,0.64676530
2021-06-23,compound,4265949394,0.35323470
2021-06-24,aave,7734261713,0.64350855
2021-06-24,compound,4284633364,0.35649145
2021-06-25,aave,7711891152,0.61844531
2021-06-25,compound,4757911848,0.38155469
2021-06-26,aave,7603698317,0.61893522
2021-06-26,compound,4681429450,0.38106478
2021-06-27,aave,7551219048,0.61956875
2021-06-27,compound,4636643943,0.38043125
2021-06-28,aave,7445042998,0.61588559
2021-06-28,compound,4643310989,0.38411441
2021-06-29,aave,7587083836,0.61772588
2021-06-29,compound,4695198711,0.38227412
2021-06-30,aave,7683961804,0.71108771
2021-06-30,compound,3121965154,0.28891229
2021-07-01,aave,7638860560,0.68012208
2021-07-01,compound,3592741437,0.31987792
2021-07-02,aave,7603926195,0.67444052
2021-07-02,compound,3670494619,0.32555948
2021-07-03,aave,7477255190,0.65977383
2021-07-03,compound,3855803038,0.34022617
2021-07-04,aave,7442043831,0.65594760
2021-07-04,compound,3903441489,0.34405240
2021-07-05,aave,7473960337,0.64942205
2021-07-05,compound,4034673109,0.35057795
2021-07-06,aave,7064635172,0.60809045
2021-07-06,compound,4553102307,0.39190955
2021-07-07,aave,7126123278,0.60790523
2021-07-07,compound,4596301350,0.39209477
2021-07-08,aave,7235820890,0.60772798
2021-07-08,compound,4670527251,0.39227202
2021-07-09,aave,7153671220,0.60571802
2021-07-09,compound,4656562312,0.39428198
2021-07-10,aave,7097359962,0.57312165
2021-07-10,compound,5286328446,0.42687835
2021-07-11,aave,7211342205,0.56385121
2021-07-11,compound,5578099655,0.43614879
2021-07-12,aave,7208711034,0.55884525
2021-07-12,compound,5690586287,0.44115475
2021-07-13,aave,7142276059,0.54771747
2021-07-13,compound,5897797391,0.45228253
2021-07-14,aave,6941464374,0.53969410
2021-07-14,compound,5920385329,0.46030590
2021-07-15,aave,6893956532,0.52964632
2021-07-15,compound,6122194455,0.47035368
2021-07-16,aave,7124617006,0.52943973
2021-07-16,compound,6332281983,0.47056027
2021-07-17,aave,8282473366,0.56067142
2021-07-17,compound,6489946103,0.43932858
2021-07-18,aave,8361623238,0.55966631
2021-07-18,compound,6578749424,0.44033369
2021-07-19,aave,8269550430,0.55609297
2021-07-19,compound,6601255000,0.44390703
2021-07-20,aave,8144464290,0.54827656
2021-07-20,compound,6710200064,0.45172344
2021-07-21,aave,8009877243,0.54197039
2021-07-21,compound,6769301539,0.45802961
2021-07-22,aave,8056511681,0.54299602
2021-07-22,compound,6780635244,0.45700398
2021-07-23,aave,8113394020,0.54430009
2021-07-23,compound,6792710488,0.45569991
2021-07-24,aave,8179767963,0.54081273
2021-07-24,compound,6945186661,0.45918727
2021-07-25,aave,8190842200,0.53527050
2021-07-25,compound,7111406393,0.46472950
2021-07-26,aave,8220296138,0.53335912
2021-07-26,compound,7192014071,0.46664088
2021-07-27,aave,8320390535,0.53814064
2021-07-27,compound,7140977703,0.46185936
2021-07-28,aave,8421924141,0.53696721
2021-07-28,compound,7262318864,0.46303279
2021-07-29,aave,8482914921,0.56047709
2021-07-29,compound,6652253109,0.43952291
2021-07-30,aave,8509134937,0.52756470
2021-07-30,compound,7619948284,0.47243530
2021-07-31,aave,8657411038,0.52805179
2021-07-31,compound,7737592760,0.47194821
2021-08-01,aave,8869550984,0.54010983
2021-08-01,compound,7552203427,0.45989017
2021-08-02,aave,8886306086,0.53990311
2021-08-02,compound,7572769615,0.46009689
2021-08-03,aave,8941253204,0.53893882
2021-08-03,compound,7649225787,0.46106118
2021-08-04,aave,8988500538,0.55358705
2021-08-04,compound,7248332528,0.44641295
2021-08-05,aave,9006087256,0.55179370
2021-08-05,compound,7315388105,0.44820630
2021-08-06,aave,9065021235,0.55373578
2021-08-06,compound,7305640623,0.44626422
2021-08-07,aave,9139205224,0.55487646
2021-08-07,compound,7331497536,0.44512354
2021-08-08,aave,9362562064,0.55566787
2021-08-08,compound,7486643314,0.44433213
2021-08-09,aave,9380558276,0.55218910
2021-08-09,compound,7607387233,0.44781090
2021-08-10,aave,9758281561,0.55529428
2021-08-10,compound,7814889821,0.44470572
2021-08-11,aave,9775064868,0.55430045
2021-08-11,compound,7859892720,0.44569955
2021-08-12,aave,9748288634,0.55569302
2021-08-12,compound,7794290169,0.44430698
2021-08-13,aave,9873199223,0.55675927
2021-08-13,compound,7860136859,0.44324073
2021-08-14,aave,9953673143,0.55505570
2021-08-14,compound,7979073219,0.44494430
2021-08-15,aave,10159687810,0.55950048
2021-08-15,compound,7998809153,0.44049952
2021-08-16,aave,10169392016,0.56023590
2021-08-16,compound,7982590076,0.43976410
2021-08-17,aave,10102957872,0.55858387
2021-08-17,compound,7983776052,0.44141613
2021-08-18,aave,10133779750,0.55844991
2021-08-18,compound,8012484692,0.44155009
2021-08-19,aave,10205844648,0.56118208
2021-08-19,compound,7980489092,0.43881792
2021-08-20,aave,10275680565,0.56309967
2021-08-20,compound,7972741829,0.43690033
2021-08-21,aave,10252507087,0.56048853
2021-08-21,compound,8039583732,0.43951147
2021-08-22,aave,10272077922,0.55970069
2021-08-22,compound,8080727657,0.44029931
2021-08-23,aave,10247606678,0.55810125
2021-08-23,compound,8113948218,0.44189875
2021-08-24,aave,10255566185,0.55766837
2021-08-24,compound,8134514167,0.44233163
2021-08-25,aave,10280315948,0.55931918
2021-08-25,compound,8099736624,0.44068082
2021-08-26,aave,10254046532,0.55557154
2021-08-26,compound,8202706296,0.44442846
2021-08-27,aave,10246045686,0.55815621
2021-08-27,compound,8110904481,0.44184379
2021-08-28,aave,10307774163,0.55766147
2021-08-28,compound,8176153164,0.44233853
2021-08-29,aave,10312840548,0.55792840
2021-08-29,compound,8171324244,0.44207160
2021-08-30,aave,10295941623,0.55780113
2021-08-30,compound,8162144962,0.44219887
2021-08-31,aave,10314814013,0.55676391
2021-08-31,compound,8211555635,0.44323609
2021-09-01,aave,10379208500,0.55588765
2021-09-01,compound,8292205507,0.44411235
2021-09-02,aave,10517397521,0.55703788
2021-09-02,compound,8363540160,0.44296212
2021-09-03,aave,10742540983,0.54858028
2021-09-03,compound,8839900152,0.45141972
2021-09-04,aave,11026783473,0.55004938
2021-09-04,compound,9020113849,0.44995062
2021-09-05,aave,11147652979,0.55230539
2021-09-05,compound,9036203912,0.44769461
2021-09-06,aave,11214811036,0.55327161
2021-09-06,compound,9055181009,0.44672839
2021-09-07,aave,11212610938,0.54592542
2021-09-07,compound,9326111824,0.45407458
2021-09-08,aave,10747226287,0.53989177
2021-09-08,compound,9159034373,0.46010823
2021-09-09,aave,10641081323,0.54619298
2021-09-09,compound,8841192655,0.45380702
2021-09-10,aave,10707617485,0.54711603
2021-09-10,compound,8863400004,0.45288397
2021-09-11,aave,10639815788,0.54734477
2021-09-11,compound,8799149234,0.45265523
2021-09-12,aave,10593208361,0.54986529
2021-09-12,compound,8671888921,0.45013471
2021-09-13,aave,10538002274,0.54951668
2021-09-13,compound,8638853909,0.45048332
2021-09-14,aave,10607595641,0.55394257
2021-09-14,compound,8541674132,0.44605743
2021-09-15,aave,10703282043,0.56700670
2021-09-15,compound,8173535608,0.43299330
2021-09-16,aave,10832135657,0.56667159
2021-09-16,compound,8283231632,0.43332841
2021-09-17,aave,10726718031,0.56286079
2021-09-17,compound,8330779381,0.43713921
2021-09-18,aave,10783709059,0.56231052
2021-09-18,compound,8393789288,0.43768948
2021-09-19,aave,10775936190,0.56043076
2021-09-19,compound,8452016438,0.43956924
2021-09-20,aave,10825098085,0.56166515
2021-09-20,compound,8448125503,0.43833485
2021-09-21,aave,10617726190,0.56884609
2021-09-21,compound,8047649768,0.43115391
2021-09-22,aave,10564660544,0.56852734
2021-09-22,compound,8017841616,0.43147266
2021-09-23,aave,10349584530,0.56666875
2021-09-23,compound,7914321167,0.43333125
2021-09-24,aave,10423299901,0.56457344
2021-09-24,compound,8038957055,0.43542656
2021-09-25,aave,10344624776,0.56587940
2021-09-25,compound,7935992418,0.43412060
2021-09-26,aave,10384038560,0.56838969
2021-09-26,compound,7885185299,0.43161031
2021-09-27,aave,10381320021,0.56776967
2021-09-27,compound,7903066286,0.43223033
2021-09-28,aave,9670987152,0.54608488
2021-09-28,compound,8038690327,0.45391512
2021-09-29,aave,9426697558,0.53778498
2021-09-29,compound,8102050730,0.46221502
2021-09-30,aave,9379065064,0.53428425
2021-09-30,compound,8175382842,0.46571575
2021-10-01,aave,9504697513,0.62987991
2021-10-01,compound,5585000432,0.37012009
2021-10-02,aave,9557397706,0.63069076
2021-10-02,compound,5596459554,0.36930924
2021-10-03,aave,9634052474,0.63114857
2021-10-03,compound,5630265526,0.36885143
2021-10-04,aave,9679479356,0.63379032
2021-10-04,compound,5592889083,0.36620968
2021-10-05,aave,10222259813,0.64776456
2021-10-05,compound,5558566182,0.35223544
2021-10-06,aave,10524069848,0.66176620
2021-10-06,compound,5378933028,0.33823380
2021-10-07,aave,10647912721,0.66003606
2021-10-07,compound,5484406956,0.33996394
2021-10-08,aave,10661315919,0.66003916
2021-10-08,compound,5491234733,0.33996084
2021-10-09,aave,10840958811,0.66817185
2021-10-09,compound,5383847369,0.33182815
2021-10-10,aave,10944414866,0.66894453
2021-10-10,compound,5416306081,0.33105547
2021-10-11,aave,10979423314,0.66983060
2021-10-11,compound,5411920040,0.33016940
2021-10-12,aave,11173354439,0.66894844
2021-10-12,compound,5529509069,0.33105156
2021-10-13,aave,11276181710,0.66525560
2021-10-13,compound,5673967489,0.33474440
2021-10-14,aave,11326132858,0.60217095
2021-10-14,compound,7482700141,0.39782905
2021-10-15,aave,11503244950,0.60585745
2021-10-15,compound,7483473715,0.39414255
2021-10-16,aave,11271814060,0.60093228
2021-10-16,compound,7485397642,0.39906772
2021-10-17,aave,11385958761,0.60383346
2021-10-17,compound,7470165440,0.39616654
2021-10-18,aave,11355970406,0.60342603
2021-10-18,compound,7463188579,0.39657397
2021-10-19,aave,11416749204,0.60330048
2021-10-19,compound,7507069967,0.39669952
2021-10-20,aave,11500040432,0.60294954
2021-10-20,compound,7572932701,0.39705046
2021-10-21,aave,11569261295,0.60213193
2021-10-21,compound,7644569849,0.39786807
2021-10-22,aave,11879726356,0.61605388
2021-10-22,compound,7403856928,0.38394612
2021-10-23,aave,11851837348,0.61793721
2021-10-23,compound,7327841780,0.38206279
2021-10-24,aave,12043847307,0.62051558
2021-10-24,compound,7365572391,0.37948442
2021-10-25,aave,12121020273,0.62176477
2021-10-25,compound,7373523196,0.37823523
2021-10-26,aave,12150250499,0.62008651
2021-10-26,compound,7444193775,0.37991349
2021-10-27,aave,12037346612,0.61602711
2021-10-27,compound,7502940510,0.38397289
2021-10-28,aave,12090727553,0.62047998
2021-10-28,compound,7395360498,0.37952002
2021-10-29,aave,12294214902,0.62111758
2021-10-29,compound,7499484753,0.37888242
2021-10-30,aave,9736690761,0.55939711
2021-10-30,compound,7668995731,0.44060289
2021-10-31,aave,9706115104,0.56064601
2021-10-31,compound,7606261803,0.43935399
2021-11-01,aave,9780772855,0.56450249
2021-11-01,compound,7545586315,0.43549751
2021-11-02,aave,9928501129,0.56750170
2021-11-02,compound,7566602786,0.43249830
2021-11-03,aave,10391853429,0.57614794
2021-11-03,compound,7644926100,0.42385206
2021-11-04,aave,10544912665,0.58217576
2021-11-04,compound,7568024075,0.41782424
2021-11-05,aave,10884799277,0.59271214
2021-11-05,compound,7479594879,0.40728786
2021-11-06,aave,10869487613,0.58755261
2021-11-06,compound,7630111379,0.41244739
2021-11-07,aave,10925783408,0.59276049
2021-11-07,compound,7506253821,0.40723951
2021-11-08,aave,11116420609,0.58987809
2021-11-08,compound,7728864233,0.41012191
2021-11-09,aave,11310460496,0.59381025
2021-11-09,compound,7736803439,0.40618975
2021-11-10,aave,11388396993,0.59339741
2021-11-10,compound,7803458012,0.40660259
2021-11-11,aave,11315149333,0.59445091
2021-11-11,compound,7719474268,0.40554909
2021-11-12,aave,11352444051,0.59660975
2021-11-12,compound,7675813491,0.40339025
2021-11-13,aave,11355493225,0.59578946
2021-11-13,compound,7704080512,0.40421054
2021-11-14,aave,11174588258,0.59425518
2021-11-14,compound,7629771534,0.40574482
2021-11-15,aave,11294128617,0.59625918
2021-11-15,compound,7647514607,0.40374082
2021-11-16,aave,11148709417,0.59344654
2021-11-16,compound,7637665953,0.40655346
2021-11-17,aave,11054781241,0.59716057
2021-11-17,compound,7457461231,0.40283943
2021-11-18,aave,11020060600,0.59931434
2021-11-18,compound,7367719936,0.40068566
2021-11-19,aave,10822503281,0.59376018
2021-11-19,compound,7404558008,0.40623982
2021-11-20,aave,11004365118,0.59733778
2021-11-20,compound,7417983954,0.40266222
2021-11-21,aave,11324919581,0.60339372
2021-11-21,compound,7443786751,0.39660628
2021-11-22,aave,11395135490,0.60499656
2021-11-22,compound,7439906451,0.39500344
2021-11-23,aave,11423962204,0.60676651
2021-11-23,compound,7403646077,0.39323349
2021-11-24,aave,11480216011,0.60981738
2021-11-24,compound,7345446141,0.39018262
2021-11-25,aave,11365251691,0.60795806
2021-11-25,compound,7328885992,0.39204194
2021-11-26,aave,11284429735,0.60577488
2021-11-26,compound,7343661515,0.39422512
2021-11-27,aave,10974400614,0.59518042
2021-11-27,compound,7464379048,0.40481958
2021-11-28,aave,11064670280,0.59727861
2021-11-28,compound,7460470340,0.40272139
2021-11-29,aave,11273917187,0.59278153
2021-11-29,compound,7744754448,0.40721847
2021-11-30,aave,11360127422,0.59476781
2021-11-30,compound,7739977100,0.40523219
2021-12-01,aave,11457222797,0.59499898
2021-12-01,compound,7798646844,0.40500102
2021-12-02,aave,11603572835,0.59837703
2021-12-02,compound,7788168829,0.40162297
2021-12-03,aave,11465085492,0.59512183
2021-12-03,compound,7800021001,0.40487817
2021-12-04,aave,11415918588,0.59491218
2021-12-04,compound,7773331336,0.40508782
2021-12-05,aave,11084899155,0.59354036
2021-12-05,compound,7590998704,0.40645964
2021-12-06,aave,11179262214,0.59547237
2021-12-06,compound,7594509141,0.40452763
2021-12-07,aave,11303882211,0.59915757
2021-12-07,compound,7562410790,0.40084243
2021-12-08,aave,11362848214,0.59989642
2021-12-08,compound,7578502132,0.40010358
2021-12-09,aave,11479985699,0.60150293
2021-12-09,compound,7605516705,0.39849707
2021-12-10,aave,11321190896,0.60002361
2021-12-10,compound,7546718292,0.39997639
2021-12-11,aave,11228627218,0.59995689
2021-12-11,compound,7487096225,0.40004311
2021-12-12,aave,11460938040,0.60688411
2021-12-12,compound,7423949207,0.39311589
2021-12-13,aave,11446109503,0.60594068
2021-12-13,compound,7443708965,0.39405932
2021-12-14,aave,11101761232,0.60406344
2021-12-14,compound,7276707812,0.39593656
2021-12-15,aave,10996140218,0.60811899
2021-12-15,compound,7086077974,0.39188101
2021-12-16,aave,11079385785,0.61104022
2021-12-16,compound,7052621479,0.38895978
2021-12-17,aave,11148740389,0.61390507
2021-12-17,compound,7011624892,0.38609493
2021-12-18,aave,11470998449,0.62123631
2021-12-18,compound,6993792127,0.37876369
2021-12-19,aave,11509855900,0.62240201
2021-12-19,compound,6982783511,0.37759799
2021-12-20,aave,11469997494,0.62148392
2021-12-20,compound,6985825821,0.37851608
2021-12-21,aave,11540966531,0.62505273
2021-12-21,compound,6923022104,0.37494727
2021-12-22,aave,11645980256,0.62557347
2021-12-22,compound,6970506489,0.37442653
2021-12-23,aave,11668796923,0.62505763
2021-12-23,compound,6999556674,0.37494237
2021-12-24,aave,11804068482,0.62543898
2021-12-24,compound,7069185121,0.37456102
2021-12-25,aave,11593975365,0.62312311
2021-12-25,compound,7012260148,0.37687689
2021-12-26,aave,11849311852,0.63234351
2021-12-26,compound,6889414182,0.36765649
2021-12-27,aave,12157977244,0.64363531
2021-12-27,compound,6731566256,0.35636469
2021-12-28,aave,12108265987,0.64347098
2021-12-28,compound,6708846661,0.35652902
2021-12-29,aave,12028311700,0.64310395
2021-12-29,compound,6675214549,0.35689605
2021-12-30,aave,12161529059,0.65186284
2021-12-30,compound,6495047629,0.34813716
2021-12-31,aave,12054198516,0.65649370
2021-12-31,compound,6307285456,0.34350630
2022-01-01,aave,12027871312,0.66574176
2022-01-01,compound,6039000952,0.33425824
2022-01-02,aave,12108955515,0.66845060
2022-01-02,compound,6006004033,0.33154940
2022-01-03,aave,12097985208,0.66642597
2022-01-03,compound,6055546807,0.33357403
2022-01-04,aave,12140354817,0.66715471
2022-01-04,compound,6056855954,0.33284529
2022-01-05,aave,12139649107,0.66772348
2022-01-05,compound,6041004199,0.33227652
2022-01-06,aave,12036761156,0.66811284
2022-01-06,compound,5979298993,0.33188716
2022-01-07,aave,11865019529,0.66862420
2022-01-07,compound,5880403810,0.33137580
2022-01-08,aave,11631211804,0.66352622
2022-01-08,compound,5898181036,0.33647378
2022-01-09,aave,11513604918,0.66683219
2022-01-09,compound,5752515495,0.33316781
2022-01-10,aave,11549531615,0.66707538
2022-01-10,compound,5764151315,0.33292462
2022-01-11,aave,11450493276,0.67314421
2022-01-11,compound,5559967703,0.32685579
2022-01-12,aave,11587736762,0.67691008
2022-01-12,compound,5530839508,0.32308992
2022-01-13,aave,11696355665,0.67699661
2022-01-13,compound,5580474692,0.32300339
2022-01-14,aave,11667749389,0.67467836
2022-01-14,compound,5626045786,0.32532164
2022-01-15,aave,11565577504,0.67166444
2022-01-15,compound,5653701584,0.32833556
2022-01-16,aave,11628121707,0.67419062
2022-01-16,compound,5619406436,0.32580938
2022-01-17,aave,11728300713,0.67708593
2022-01-17,compound,5593430865,0.32291407
2022-01-18,aave,11646450247,0.67456836
2022-01-18,compound,5618590543,0.32543164
2022-01-19,aave,11657097950,0.67600490
2022-01-19,compound,5587004916,0.32399510
2022-01-20,aave,11570715988,0.67262299
2022-01-20,compound,5631663525,0.32737701
2022-01-21,aave,11445178348,0.67392761
2022-01-21,compound,5537622511,0.32607239
2022-01-22,aave,10313528163,0.67995440
2022-01-22,compound,4854442133,0.32004560
2022-01-23,aave,9164411636,0.66845863
2022-01-23,compound,4545354642,0.33154137
2022-01-24,aave,9290873601,0.67290614
2022-01-24,compound,4516213462,0.32709386
2022-01-25,aave,9003959160,0.68188153
2022-01-25,compound,4200620729,0.31811847
2022-01-26,aave,9168264735,0.68790433
2022-01-26,compound,4159554661,0.31209567
2022-01-27,aave,9235169225,0.69266357
2022-01-27,compound,4097665983,0.30733643
2022-01-28,aave,9016071023,0.68390114
2022-01-28,compound,4167224787,0.31609886
2022-01-29,aave,9078306047,0.69053221
2022-01-29,compound,4068518753,0.30946779
2022-01-30,aave,9247187732,0.69218113
2022-01-30,compound,4112303438,0.30781887
2022-01-31,aave,9265716345,0.69363532
2022-01-31,compound,4092479406,0.30636468
2022-02-01,aave,9355712597,0.69990180
2022-02-01,compound,4011466257,0.30009820
2022-02-02,aave,9311054142,0.69830762
2022-02-02,compound,4022688665,0.30169238
2022-02-03,aave,9311956974,0.69654387
2022-02-03,compound,4056844911,0.30345613
2022-02-04,aave,9404723641,0.69859062
2022-02-04,compound,4057701028,0.30140938
2022-02-05,aave,9541928332,0.69980690
2022-02-05,compound,4093159117,0.30019310
2022-02-06,aave,9623249612,0.70300878
2022-02-06,compound,4065412413,0.29699122
2022-02-07,aave,9774742661,0.70457616
2022-02-07,compound,4098481074,0.29542384
2022-02-08,aave,9807646374,0.70999746
2022-02-08,compound,4005989500,0.29000254
2022-02-09,aave,9975706094,0.71273928
2022-02-09,compound,4020584489,0.28726072
2022-02-10,aave,10320194045,0.71964073
2022-02-10,compound,4020564560,0.28035927
2022-02-11,aave,10660537208,0.70630327
2022-02-11,compound,4432890380,0.29369673
2022-02-12,aave,10097964754,0.69740853
2022-02-12,compound,4381302860,0.30259147
2022-02-13,aave,9745813506,0.69030124
2022-02-13,compound,4372390224,0.30969876
2022-02-14,aave,9642130076,0.68833087
2022-02-14,compound,4365857272,0.31166913
2022-02-15,aave,8469236335,0.65950604
2022-02-15,compound,4372550967,0.34049396
2022-02-16,aave,8314557185,0.65843400
2022-02-16,compound,4313219095,0.34156600
2022-02-17,aave,8210285135,0.65645613
2022-02-17,compound,4296697070,0.34354387
2022-02-18,aave,8198700295,0.65766646
2022-02-18,compound,4267649759,0.34233354
2022-02-19,aave,8136592270,0.65881936
2022-02-19,compound,4213670526,0.34118064
2022-02-20,aave,8136648988,0.66115859
2022-02-20,compound,4170003470,0.33884141
2022-02-21,aave,8035503565,0.65979492
2022-02-21,compound,4143286050,0.34020508
2022-02-22,aave,7184994569,0.63803823
2022-02-22,compound,4076077621,0.36196177
2022-02-23,aave,7081163164,0.63940919
2022-02-23,compound,3993377586,0.36059081
2022-02-24,aave,7000786869,0.63437529
2022-02-24,compound,4034931270,0.36562471
2022-02-25,aave,6832421597,0.66223442
2022-02-25,compound,3484803471,0.33776558
2022-02-26,aave,6570849105,0.64738166
2022-02-26,compound,3579035496,0.35261834
2022-02-27,aave,6572138370,0.64689252
2022-02-27,compound,3587413858,0.35310748
2022-02-28,aave,6195546786,0.63405763
2022-02-28,compound,3575720778,0.36594237
2022-03-01,aave,6400362163,0.63641640
2022-03-01,compound,3656515902,0.36358360
2022-03-02,aave,6475294068,0.63956848
2022-03-02,compound,3649179301,0.36043152
2022-03-03,aave,6377666392,0.63601874
2022-03-03,compound,3649815513,0.36398126
2022-03-04,aave,6484621919,0.63628415
2022-03-04,compound,3706771147,0.36371585
2022-03-05,aave,6461041107,0.63252205
2022-03-05,compound,3753687610,0.36747795
2022-03-06,aave,6477047519,0.63267747
2022-03-06,compound,3760471278,0.36732253
2022-03-07,aave,6411450987,0.62770616
2022-03-07,compound,3802645007,0.37229384
2022-03-08,aave,6425584930,0.62737405
2022-03-08,compound,3816446843,0.37262595
2022-03-09,aave,6341558558,0.62402680
2022-03-09,compound,3820759160,0.37597320
2022-03-10,aave,6425142635,0.62531492
2022-03-10,compound,3849908197,0.37468508
2022-03-11,aave,6354601631,0.62500083
2022-03-11,compound,3812747544,0.37499917
2022-03-12,aave,6339626946,0.62605888
2022-03-12,compound,3786620274,0.37394112
2022-03-13,aave,6343090310,0.62735579
2022-03-13,compound,3767743850,0.37264421
2022-03-14,aave,6304310764,0.62620663
2022-03-14,compound,3763150117,0.37379337
2022-03-15,aave,6321322910,0.63031032
2022-03-15,compound,3707583080,0.36968968
2022-03-16,aave,6526255511,0.63817564
2022-03-16,compound,3700169789,0.36182436
2022-03-17,aave,6617581244,0.64162498
2022-03-17,compound,3696202382,0.35837502
2022-03-18,aave,6667485779,0.64427642
2022-03-18,compound,3681311098,0.35572358
2022-03-19,aave,6778744032,0.64927660
2022-03-19,compound,3661712397,0.35072340
2022-03-20,aave,6742369249,0.64451972
2022-03-20,compound,3718705984,0.35548028
2022-03-21,aave,6781748152,0.63685086
2022-03-21,compound,3867131541,0.36314914
2022-03-22,aave,6907804205,0.64192309
2022-03-22,compound,3853304592,0.35807691
2022-03-23,aave,7050307207,0.64841988
2022-03-23,compound,3822751135,0.35158012
2022-03-24,aave,7067551775,0.64964111
2022-03-24,compound,3811611641,0.35035889
2022-03-25,aave,7098515171,0.65176165
2022-03-25,compound,3792759547,0.34823835
2022-03-26,aave,7174638455,0.64898035
2022-03-26,compound,3880609060,0.35101965
2022-03-27,aave,7209862884,0.65000795
2022-03-27,compound,3882098151,0.34999205
2022-03-28,aave,7335568453,0.65194681
2022-03-28,compound,3916221283,0.34805319
2022-03-29,aave,7672513439,0.66881109
2022-03-29,compound,3799355886,0.33118891
2022-03-30,aave,7803499394,0.68433364
2022-03-30,compound,3599563216,0.31566636
2022-03-31,aave,7947345829,0.69172867
2022-03-31,compound,3541762809,0.30827133
2022-04-01,aave,8065394169,0.69511981
2022-04-01,compound,3537489310,0.30488019
2022-04-02,aave,8145234161,0.69917691
2022-04-02,compound,3504512846,0.30082309
2022-04-03,aave,8227656435,0.70167883
2022-04-03,compound,3498016500,0.29832117
2022-04-04,aave,8226988574,0.70104750
2022-04-04,compound,3508291196,0.29895250
2022-04-05,aave,8262539360,0.70167840
2022-04-05,compound,3512854249,0.29832160
2022-04-06,aave,8267138405,0.70116706
2022-04-06,compound,3523401802,0.29883294
2022-04-07,aave,8240193612,0.70121907
2022-04-07,compound,3511046450,0.29878093
2022-04-08,aave,8258330213,0.71814520
2022-04-08,compound,3241196918,0.28185480
2022-04-09,aave,8335525867,0.71977422
2022-04-09,compound,3245224891,0.28022578
2022-04-10,aave,8386736128,0.72191015
2022-04-10,compound,3230687583,0.27808985
2022-04-11,aave,8417596354,0.72352638
2022-04-11,compound,3216528715,0.27647362
2022-04-12,aave,8296361985,0.72215300
2022-04-12,compound,3192009573,0.27784700
2022-04-13,aave,8368150567,0.72539763
2022-04-13,compound,3167799205,0.27460237
2022-04-14,aave,8516299074,0.72784434
2022-04-14,compound,3184415731,0.27215566
2022-04-15,aave,8436477256,0.72509445
2022-04-15,compound,3198527334,0.27490555
2022-04-16,aave,8477813899,0.72548305
2022-04-16,compound,3207936533,0.27451695
2022-04-17,aave,8397470634,0.72352860
2022-04-17,compound,3208802625,0.27647140
2022-04-18,aave,8397536910,0.72356911
2022-04-18,compound,3208178114,0.27643089
2022-04-19,aave,8435002848,0.72538436
2022-04-19,compound,3193319095,0.27461564
2022-04-20,aave,8589584277,0.72898244
2022-04-20,compound,3193394017,0.27101756
2022-04-21,aave,9264096911,0.74355764
2022-04-21,compound,3195054057,0.25644236
2022-04-22,aave,9768103026,0.75702179
2022-04-22,compound,3135228338,0.24297821
2022-04-23,aave,9654471849,0.75491538
2022-04-23,compound,3134341494,0.24508462
2022-04-24,aave,9714879023,0.75588270
2022-04-24,compound,3137484137,0.24411730
2022-04-25,aave,9651641306,0.75432756
2022-04-25,compound,3143385371,0.24567244
2022-04-26,aave,9705044108,0.75606651
2022-04-26,compound,3131186611,0.24393349
2022-04-27,aave,9706493583,0.75822622
2022-04-27,compound,3095086419,0.24177378
2022-04-28,aave,9805100983,0.76176202
2022-04-28,compound,3066505557,0.23823798
2022-04-29,aave,9797679163,0.80115602
2022-04-29,compound,2431747969,0.19884398
2022-04-30,aave,9640648007,0.79810380
2022-04-30,compound,2438793264,0.20189620
2022-05-01,aave,9557348849,0.79755507
2022-05-01,compound,2425960171,0.20244493
2022-05-02,aave,9553080260,0.79905875
2022-05-02,compound,2402336359,0.20094125
2022-05-03,aave,9688683358,0.80186644
2022-05-03,compound,2393981381,0.19813356
2022-05-04,aave,8698341449,0.78431086
2022-05-04,compound,2392084405,0.21568914
2022-05-05,aave,8799091089,0.80513554
2022-05-05,compound,2129616742,0.19486446
2022-05-06,aave,8567716453,0.81385351
2022-05-06,compound,1959628252,0.18614649
2022-05-07,aave,8589558979,0.81695414
2022-05-07,compound,1924567303,0.18304586
2022-05-08,aave,8499107114,0.81571711
2022-05-08,compound,1920077471,0.18428289
2022-05-09,aave,7848023255,0.80555415
2022-05-09,compound,1894367453,0.19444585
2022-05-10,aave,6561517305,0.79149680
2022-05-10,compound,1728493850,0.20850320
2022-05-11,aave,6638876440,0.79400435
2022-05-11,compound,1722383103,0.20599565
2022-05-12,aave,6075796960,0.78271148
2022-05-12,compound,1686701888,0.21728852
2022-05-13,aave,4895249999,0.77120467
2022-05-13,compound,1452286785,0.22879533
2022-05-14,aave,4797133967,0.75852960
2022-05-14,compound,1527120187,0.24147040
2022-05-15,aave,4810933128,0.76376974
2022-05-15,compound,1487998181,0.23623026
2022-05-16,aave,4919003512,0.76628233
2022-05-16,compound,1500306100,0.23371767
2022-05-17,aave,4883570865,0.76742222
2022-05-17,compound,1480032822,0.23257778
2022-05-18,aave,4758285496,0.76171379
2022-05-18,compound,1488529947,0.23828621
2022-05-19,aave,4682373315,0.76019403
2022-05-19,compound,1477071698,0.23980597
2022-05-20,aave,4683259338,0.76346076
2022-05-20,compound,1450990921,0.23653924
2022-05-21,aave,4656285093,0.76279026
2022-05-21,compound,1447994608,0.23720974
2022-05-22,aave,4582706069,0.77076993
2022-05-22,compound,1362915197,0.22923007
2022-05-23,aave,4619813954,0.76980863
2022-05-23,compound,1381435905,0.23019137
2022-05-24,aave,4653801180,0.77113504
2022-05-24,compound,1381200384,0.22886496
2022-05-25,aave,4677771415,0.77403435
2022-05-25,compound,1365592719,0.22596565
2022-05-26,aave,4454106140,0.76627310
2022-05-26,compound,1358581421,0.23372690
2022-05-27,aave,4187966354,0.76264386
2022-05-27,compound,1303412510,0.23735614
2022-05-28,aave,3948585218,0.75118285
2022-05-28,compound,1307904874,0.24881715
2022-05-29,aave,3974772882,0.75986830
2022-05-29,compound,1256097860,0.24013170
2022-05-30,aave,3986507457,0.75999443
2022-05-30,compound,1258935565,0.24000557
2022-05-31,aave,4204996583,0.76538259
2022-05-31,compound,1288983362,0.23461741
2022-06-01,aave,4505035871,0.77664219
2022-06-01,compound,1295622330,0.22335781
2022-06-02,aave,5202251953,0.80137072
2022-06-02,compound,1289440092,0.19862928
2022-06-03,aave,5903680011,0.82076207
2022-06-03,compound,1289244968,0.17923793
2022-06-04,aave,6162975239,0.82702424
2022-06-04,compound,1289013433,0.17297576
2022-06-05,aave,6155938958,0.82667599
2022-06-05,compound,1290677401,0.17332401
2022-06-06,aave,6183309596,0.82778204
2022-06-06,compound,1286421906,0.17221796
2022-06-07,aave,6356295385,0.83166272
2022-06-07,compound,1286581042,0.16833728
2022-06-08,aave,6544321374,0.84465245
2022-06-08,compound,1203624395,0.15534755
2022-06-09,aave,6585801834,0.84366488
2022-06-09,compound,1220380419,0.15633512
2022-06-10,aave,6431054753,0.83890936
2022-06-10,compound,1234916155,0.16109064
2022-06-11,aave,6187715453,0.83400680
2022-06-11,compound,1231547107,0.16599320
2022-06-12,aave,5943316458,0.83178971
2022-06-12,compound,1201898734,0.16821029
2022-06-13,aave,5583849169,0.82513918
2022-06-13,compound,1183311196,0.17486082
2022-06-14,aave,4599159748,0.81367475
2022-06-14,compound,1053172123,0.18632525
2022-06-15,aave,3989320720,0.80177751
2022-06-15,compound,986274980,0.19822249
2022-06-16,aave,3974286692,0.80431689
2022-06-16,compound,966908407,0.19568311
2022-06-17,aave,4047819630,0.81012381
2022-06-17,compound,948724843,0.18987619
2022-06-18,aave,4023027168,0.80872766
2022-06-18,compound,951486939,0.19127234
2022-06-19,aave,3750442132,0.80695509
2022-06-19,compound,897204512,0.19304491
2022-06-20,aave,3804488979,0.81185408
2022-06-20,compound,881684430,0.18814592
2022-06-21,aave,3837072018,0.81512826
2022-06-21,compound,870251003,0.18487174
2022-06-22,aave,3763386160,0.81234527
2022-06-22,compound,869356002,0.18765473
2022-06-23,aave,3736302130,0.81118261
2022-06-23,compound,869691722,0.18881739
2022-06-24,aave,3779107737,0.81277988
2022-06-24,compound,870500169,0.18722012
2022-06-25,aave,3764077820,0.81293314
2022-06-25,compound,866164971,0.18706686
2022-06-26,aave,3802896467,0.82179591
2022-06-26,compound,824647187,0.17820409
2022-06-27,aave,3766012323,0.81869759
2022-06-27,compound,833991848,0.18130241
2022-06-28,aave,3755611994,0.82138365
2022-06-28,compound,816687426,0.17861635
2022-06-29,aave,3749786741,0.82151363
2022-06-29,compound,814698366,0.17848637
2022-06-30,aave,3795594824,0.82292791
2022-06-30,compound,816710526,0.17707209
2022-07-01,aave,3738258956,0.82289479
2022-07-01,compound,804556251,0.17710521
2022-07-02,aave,3657940018,0.82571201
2022-07-02,compound,772103380,0.17428799
2022-07-03,aave,3644363986,0.82544894
2022-07-03,compound,770644401,0.17455106
2022-07-04,aave,3414168569,0.81360699
2022-07-04,compound,782167741,0.18639301
2022-07-05,aave,3636173691,0.82330627
2022-07-05,compound,780376792,0.17669373
2022-07-06,aave,3363584127,0.80223060
2022-07-06,compound,829205465,0.19776940
2022-07-07,aave,3139254659,0.79069115
2022-07-07,compound,831011932,0.20930885
2022-07-08,aave,3161353579,0.79296554
2022-07-08,compound,825394146,0.20703446
2022-07-09,aave,3127318352,0.79178250
2022-07-09,compound,822400585,0.20821750
2022-07-10,aave,3113883221,0.78830076
2022-07-10,compound,836237547,0.21169924
2022-07-11,aave,3045615059,0.78289400
2022-07-11,compound,844585989,0.21710600
2022-07-12,aave,2900008035,0.78221625
2022-07-12,compound,807416891,0.21778375
2022-07-13,aave,2754972794,0.76491099
2022-07-13,compound,846717896,0.23508901
2022-07-14,aave,3093384972,0.79498167
2022-07-14,compound,797755025,0.20501833
2022-07-15,aave,3201152855,0.79900785
2022-07-15,compound,805256925,0.20099215
2022-07-16,aave,3195113938,0.79605323
2022-07-16,compound,818579893,0.20394677
2022-07-17,aave,3382627669,0.80118402
2022-07-17,compound,839408200,0.19881598
2022-07-18,aave,3454281219,0.80427208
2022-07-18,compound,840635018,0.19572792
2022-07-19,aave,3656843475,0.80487079
2022-07-19,compound,886548457,0.19512921
2022-07-20,aave,3769890493,0.80827311
2022-07-20,compound,894239072,0.19172689
2022-07-21,aave,3753516125,0.80548856
2022-07-21,compound,906408676,0.19451144
2022-07-22,aave,3677757240,0.80059608
2022-07-22,compound,916016479,0.19940392
2022-07-23,aave,3251954343,0.77631032
2022-07-23,compound,937033282,0.22368968
2022-07-24,aave,3247987215,0.77519915
2022-07-24,compound,941887354,0.22480085
2022-07-25,aave,3234590714,0.77443951
2022-07-25,compound,942095377,0.22556049
2022-07-26,aave,3073959768,0.76566340
2022-07-26,compound,940806742,0.23433660
2022-07-27,aave,3006987111,0.76250341
2022-07-27,compound,936584885,0.23749659
2022-07-28,aave,3181807778,0.77010242
2022-07-28,compound,949860541,0.22989758
2022-07-29,aave,3255957711,0.77267238
2022-07-29,compound,957933949,0.22732762
2022-07-30,aave,3262284675,0.77073170
2022-07-30,compound,970426520,0.22926830
2022-07-31,aave,3284660760,0.77201169
2022-07-31,compound,970016728,0.22798831
2022-08-01,aave,3267514528,0.76903414
2022-08-01,compound,981340434,0.23096586
2022-08-02,aave,3211331641,0.74024367
2022-08-02,euler,157626394,0.03633444
2022-08-02,compound,969250787,0.22342189
2022-08-03,aave,3077416977,0.73316061
2022-08-03,euler,150618279,0.03588314
2022-08-03,compound,969431073,0.23095625
2022-08-04,aave,3220387951,0.74264587
2022-08-04,euler,157659014,0.03635736
2022-08-04,compound,958323974,0.22099677
2022-08-05,aave,3838786985,0.77595940
2022-08-05,euler,154675811,0.03126564
2022-08-05,compound,953686460,0.19277496
2022-08-06,aave,4319288527,0.79235807
2022-08-06,euler,167144269,0.03066202
2022-08-06,compound,964749826,0.17697991
2022-08-07,aave,4582128547,0.80069594
2022-08-07,euler,166774840,0.02914277
2022-08-07,compound,973778979,0.17016129
2022-08-08,aave,4600546067,0.80023899
2022-08-08,euler,165607996,0.02880658
2022-08-08,compound,982811083,0.17095443
2022-08-09,aave,4937096194,0.80884605
2022-08-09,euler,164919957,0.02701889
2022-08-09,compound,1001860065,0.16413506
2022-08-10,aave,4940822879,0.81020777
2022-08-10,euler,164912514,0.02704274
2022-08-10,compound,992481698,0.16274949
2022-08-11,aave,5047666867,0.81185289
2022-08-11,euler,173855773,0.02796249
2022-08-11,compound,995942282,0.16018462
2022-08-12,aave,5092263375,0.81378611
2022-08-12,euler,182805779,0.02921389
2022-08-12,compound,982426886,0.15700000
2022-08-13,aave,5175596760,0.81783780
2022-08-13,euler,186601108,0.02948635
2022-08-13,compound,966192348,0.15267585
2022-08-14,aave,5216403489,0.81766249
2022-08-14,euler,181204002,0.02840342
2022-08-14,compound,982046141,0.15393409
2022-08-15,aave,5226166416,0.81726564
2022-08-15,euler,179247522,0.02803065
2022-08-15,compound,989283393,0.15470371
2022-08-16,aave,5165870564,0.81789705
2022-08-16,euler,162728919,0.02576439
2022-08-16,compound,987440589,0.15633856
2022-08-17,aave,4880329225,0.80759468
2022-08-17,euler,173177433,0.02865732
2022-08-17,compound,989536169,0.16374800
2022-08-18,aave,4744188833,0.80345035
2022-08-18,euler,170602619,0.02889234
2022-08-18,compound,989977715,0.16765731
2022-08-19,aave,4405333912,0.77713778
2022-08-19,morpho,97429448,0.01718737
2022-08-19,euler,170648143,0.03010376
2022-08-19,compound,995253745,0.17557109
2022-08-20,aave,4129565978,0.76684970
2022-08-20,morpho,97366284,0.01808067
2022-08-20,euler,161797740,0.03004542
2022-08-20,compound,996374749,0.18502421
2022-08-21,aave,4078932816,0.76534153
2022-08-21,morpho,96929579,0.01818717
2022-08-21,euler,158539679,0.02974724
2022-08-21,compound,995156915,0.18672406
2022-08-22,aave,4097412894,0.76654291
2022-08-22,morpho,98655595,0.01845646
2022-08-22,euler,160123501,0.02995586
2022-08-22,compound,989122437,0.18504477
2022-08-23,aave,4183312855,0.77079879
2022-08-23,morpho,99745630,0.01837869
2022-08-23,euler,156087854,0.02876006
2022-08-23,compound,988097351,0.18206246
2022-08-24,aave,4417038776,0.77771471
2022-08-24,morpho,102368263,0.01802414
2022-08-24,euler,168291505,0.02963134
2022-08-24,compound,991811841,0.17462981
2022-08-25,aave,4347160912,0.77572050
2022-08-25,morpho,92733849,0.01654771
2022-08-25,euler,169370876,0.03022305
2022-08-25,compound,994764284,0.17750874
2022-08-26,aave,4388505752,0.77372638
2022-08-26,morpho,94546532,0.01666926
2022-08-26,euler,187812868,0.03311281
2022-08-26,compound,1001044004,0.17649155
2022-08-27,aave,4096553962,0.76569365
2022-08-27,morpho,105850431,0.01978468
2022-08-27,euler,178336253,0.03333312
2022-08-27,compound,969380743,0.18118855
2022-08-28,aave,4049566466,0.76372741
2022-08-28,morpho,105353284,0.01986909
2022-08-28,euler,185708176,0.03502361
2022-08-28,compound,961743575,0.18137989
2022-08-29,aave,3996925302,0.76110119
2022-08-29,morpho,103520856,0.01971261
2022-08-29,euler,179973015,0.03427076
2022-08-29,compound,971083971,0.18491544
2022-08-30,aave,3958678995,0.75218960
2022-08-30,morpho,106694021,0.02027296
2022-08-30,euler,184099260,0.03498075
2022-08-30,compound,1013401570,0.19255669
2022-08-31,aave,3956601711,0.75100323
2022-08-31,morpho,106613583,0.02023634
2022-08-31,euler,183468485,0.03482418
2022-08-31,compound,1021737946,0.19393625
2022-09-01,aave,4031821227,0.75566173
2022-09-01,morpho,106368990,0.01993615
2022-09-01,euler,188546039,0.03533813
2022-09-01,compound,1008747969,0.18906399
2022-09-02,aave,4038163262,0.75587719
2022-09-02,morpho,106880318,0.02000622
2022-09-02,euler,188726033,0.03532638
2022-09-02,compound,1008584059,0.18879021
2022-09-03,aave,4097753231,0.76468177
2022-09-03,morpho,106298143,0.01983630
2022-09-03,euler,192660717,0.03595242
2022-09-03,compound,962057238,0.17952951
2022-09-04,aave,4108459521,0.76554783
2022-09-04,morpho,106132661,0.01977618
2022-09-04,euler,192284448,0.03582923
2022-09-04,compound,959815501,0.17884676
2022-09-05,aave,4103968210,0.76560492
2022-09-05,morpho,106095491,0.01979236
2022-09-05,euler,191496998,0.03572422
2022-09-05,compound,958864898,0.17887850
2022-09-06,aave,4236126442,0.76999144
2022-09-06,morpho,106919585,0.01943454
2022-09-06,euler,204948697,0.03725308
2022-09-06,compound,953529326,0.17332094
2022-09-07,aave,4098304991,0.75823996
2022-09-07,morpho,105261636,0.01947478
2022-09-07,euler,260304482,0.04815973
2022-09-07,compound,941152665,0.17412553
2022-09-08,aave,4130340813,0.76342128
2022-09-08,morpho,97390283,0.01800089
2022-09-08,euler,235740207,0.04357246
2022-09-08,compound,946832165,0.17500537
2022-09-09,aave,4124801751,0.76056253
2022-09-09,morpho,87316251,0.01610004
2022-09-09,euler,256026342,0.04720810
2022-09-09,compound,955212202,0.17612933
2022-09-10,aave,4342123489,0.76877322
2022-09-10,morpho,88088897,0.01559614
2022-09-10,euler,259077689,0.04586972
2022-09-10,compound,958830014,0.16976092
2022-09-11,aave,4404548930,0.77702300
2022-09-11,morpho,88255295,0.01556945
2022-09-11,euler,223531340,0.03943400
2022-09-11,compound,952156812,0.16797355
2022-09-12,aave,4377412523,0.77756884
2022-09-12,morpho,87557582,0.01555303
2022-09-12,euler,213610369,0.03794405
2022-09-12,compound,951033615,0.16893408
2022-09-13,aave,4361612435,0.78449365
2022-09-13,morpho,76666906,0.01378956
2022-09-13,euler,195850790,0.03522635
2022-09-13,compound,925650292,0.16649044
2022-09-14,aave,4144086271,0.78247383
2022-09-14,morpho,54422065,0.01027581
2022-09-14,euler,232085576,0.04382170
2022-09-14,compound,865540125,0.16342866
2022-09-15,aave,4097886276,0.77460257
2022-09-15,morpho,48124277,0.00909669
2022-09-15,euler,215796847,0.04079098
2022-09-15,compound,928500763,0.17550976
2022-09-16,aave,3546048034,0.75390753
2022-09-16,morpho,70692268,0.01502953
2022-09-16,euler,243556266,0.05178128
2022-09-16,compound,843261736,0.17928166
2022-09-17,aave,3531583441,0.74590285
2022-09-17,morpho,84096703,0.01776200
2022-09-17,euler,273629398,0.05779304
2022-09-17,compound,845333125,0.17854211
2022-09-18,aave,3506010434,0.74300093
2022-09-18,morpho,88286755,0.01870991
2022-09-18,euler,281235181,0.05959994
2022-09-18,compound,843183727,0.17868922
2022-09-19,aave,3401900104,0.73765185
2022-09-19,morpho,91989079,0.01994647
2022-09-19,euler,272566523,0.05910203
2022-09-19,compound,845340619,0.18329965
2022-09-20,aave,3351833743,0.76041321
2022-09-20,morpho,91890333,0.02084669
2022-09-20,euler,263234346,0.05971862
2022-09-20,compound,700952578,0.15902148
2022-09-21,aave,3320546340,0.73978376
2022-09-21,morpho,87742024,0.01954803
2022-09-21,euler,261993574,0.05836949
2022-09-21,compound,818254452,0.18229872
2022-09-22,aave,3264578133,0.73469532
2022-09-22,morpho,86913704,0.01955998
2022-09-22,euler,253549625,0.05706150
2022-09-22,compound,838403405,0.18868320
2022-09-23,aave,3288822005,0.73394868
2022-09-23,morpho,87029854,0.01942198
2022-09-23,euler,257110838,0.05737804
2022-09-23,compound,848034507,0.18925130
2022-09-24,aave,3336078521,0.73576048
2022-09-24,morpho,86908339,0.01916733
2022-09-24,euler,243041444,0.05360194
2022-09-24,compound,868162644,0.19147025
2022-09-25,aave,3331520999,0.73512641
2022-09-25,morpho,90108878,0.01988324
2022-09-25,euler,241524137,0.05329421
2022-09-25,compound,868748211,0.19169614
2022-09-26,aave,3338158652,0.72725635
2022-09-26,morpho,95000905,0.02069704
2022-09-26,euler,253232714,0.05516967
2022-09-26,compound,903679212,0.19687694
2022-09-27,aave,3314706494,0.71662399
2022-09-27,morpho,94398630,0.02040854
2022-09-27,euler,256868419,0.05553375
2022-09-27,compound,959473780,0.20743372
2022-09-28,aave,3310846204,0.71552964
2022-09-28,morpho,94588286,0.02044212
2022-09-28,euler,254749133,0.05505558
2022-09-28,compound,966942964,0.20897266
2022-09-29,aave,3173109603,0.70674758
2022-09-29,morpho,85365639,0.01901351
2022-09-29,euler,268409526,0.05978293
2022-09-29,compound,962850602,0.21445598
2022-09-30,aave,3152634118,0.70635677
2022-09-30,morpho,85178450,0.01908448
2022-09-30,euler,263524473,0.05904342
2022-09-30,compound,961894908,0.21551533
2022-10-01,aave,3079604157,0.70105993
2022-10-01,morpho,81619401,0.01858034
2022-10-01,euler,271346902,0.06177107
2022-10-01,compound,960212566,0.21858866
2022-10-02,aave,3066020688,0.70203107
2022-10-02,morpho,81290191,0.01861313
2022-10-02,euler,259782889,0.05948285
2022-10-02,compound,960263778,0.21987295
2022-10-03,aave,3078955271,0.71079902
2022-10-03,morpho,80631441,0.01861435
2022-10-03,euler,263820332,0.06090483
2022-10-03,compound,908274888,0.20968180
2022-10-04,aave,3120456801,0.71525619
2022-10-04,morpho,86126559,0.01974152
2022-10-04,euler,257731750,0.05907604
2022-10-04,compound,898396955,0.20592625
2022-10-05,aave,3185006412,0.72734138
2022-10-05,morpho,86382812,0.01972674
2022-10-05,euler,262263462,0.05989158
2022-10-05,compound,845317738,0.19304030
2022-10-06,aave,3151970105,0.71765083
2022-10-06,morpho,94162114,0.02143914
2022-10-06,euler,260284702,0.05926247
2022-10-06,compound,885649465,0.20164756
2022-10-07,aave,3160020366,0.71763562
2022-10-07,morpho,93967982,0.02133998
2022-10-07,euler,261277839,0.05933578
2022-10-07,compound,888111066,0.20168862
2022-10-08,aave,3103617391,0.71094950
2022-10-08,morpho,108130532,0.02476960
2022-10-08,euler,258949020,0.05931777
2022-10-08,compound,894757118,0.20496313
2022-10-09,aave,3088575088,0.71034833
2022-10-09,morpho,107645976,0.02475774
2022-10-09,euler,258627934,0.05948242
2022-10-09,compound,893123599,0.20541151
2022-10-10,aave,3096769326,0.71313900
2022-10-10,morpho,107732988,0.02480927
2022-10-10,euler,245455131,0.05652459
2022-10-10,compound,892490975,0.20552714
2022-10-11,aave,3064800633,0.70302514
2022-10-11,morpho,98722492,0.02264565
2022-10-11,euler,256504621,0.05883880
2022-10-11,compound,939418987,0.21549041
2022-10-12,aave,3002934986,0.70012102
2022-10-12,morpho,93042871,0.02169253
2022-10-12,euler,256347426,0.05976627
2022-10-12,compound,936840289,0.21842018
2022-10-13,aave,2994164216,0.71323018
2022-10-13,morpho,85964599,0.02047735
2022-10-13,euler,244026883,0.05812885
2022-10-13,compound,873877851,0.20816362
2022-10-14,aave,2912834285,0.70678516
2022-10-14,morpho,85789841,0.02081649
2022-10-14,euler,245513240,0.05957260
2022-10-14,compound,877106871,0.21282575
2022-10-15,aave,2916439398,0.70647760
2022-10-15,morpho,85679737,0.02075504
2022-10-15,euler,245007590,0.05935058
2022-10-15,compound,881014632,0.21341678
2022-10-16,aave,2908301550,0.70528529
2022-10-16,morpho,85392259,0.02070827
2022-10-16,euler,243115378,0.05895733
2022-10-16,compound,886772577,0.21504911
2022-10-17,aave,2929240945,0.70729648
2022-10-17,morpho,85750888,0.02070547
2022-10-17,euler,246691400,0.05956627
2022-10-17,compound,879777998,0.21243178
2022-10-18,aave,2739933060,0.69030438
2022-10-18,morpho,86847454,0.02188053
2022-10-18,euler,251421717,0.06334371
2022-10-18,compound,890964338,0.22447138
2022-10-19,aave,2817565550,0.69201969
2022-10-19,morpho,87606010,0.02151683
2022-10-19,euler,273705009,0.06722444
2022-10-19,compound,892634083,0.21923904
2022-10-20,aave,2729992663,0.68398195
2022-10-20,morpho,87590841,0.02194532
2022-10-20,euler,277151805,0.06943859
2022-10-20,compound,896587339,0.22463414
2022-10-21,aave,2711528084,0.68169217
2022-10-21,morpho,89471037,0.02249348
2022-10-21,euler,277314737,0.06971836
2022-10-21,compound,899329136,0.22609599
2022-10-22,aave,2730092741,0.68250687
2022-10-22,morpho,89982869,0.02249518
2022-10-22,euler,283027158,0.07075510
2022-10-22,compound,896992867,0.22424285
2022-10-23,aave,2756590640,0.68541731
2022-10-23,morpho,86144161,0.02141947
2022-10-23,euler,281283808,0.06994030
2022-10-23,compound,897751219,0.22322292
2022-10-24,aave,2840292749,0.68784014
2022-10-24,morpho,87108588,0.02109528
2022-10-24,euler,287442264,0.06961054
2022-10-24,compound,914448367,0.22145404
2022-10-25,aave,2837513208,0.68700429
2022-10-25,morpho,87510029,0.02118748
2022-10-25,euler,256153430,0.06201857
2022-10-25,compound,949093313,0.22978966
2022-10-26,aave,2939205760,0.70496000
2022-10-26,morpho,104728982,0.02511894
2022-10-26,euler,283752125,0.06805713
2022-10-26,compound,841635867,0.20186393
2022-10-27,aave,3198357636,0.71415351
2022-10-27,morpho,131426008,0.02934579
2022-10-27,euler,291682225,0.06512902
2022-10-27,compound,857063718,0.19137168
2022-10-28,aave,3271551222,0.71673038
2022-10-28,morpho,131895740,0.02889568
2022-10-28,euler,299191545,0.06554679
2022-10-28,compound,861910897,0.18882715
2022-10-29,aave,3284124492,0.71530360
2022-10-29,morpho,132432931,0.02884475
2022-10-29,euler,312797959,0.06812942
2022-10-29,compound,861876190,0.18772223
2022-10-30,aave,3325280284,0.72038126
2022-10-30,morpho,131345703,0.02845444
2022-10-30,euler,315040215,0.06824961
2022-10-30,compound,844334325,0.18291469
2022-10-31,aave,2832863561,0.69081861
2022-10-31,morpho,125721294,0.03065824
2022-10-31,euler,312495703,0.07620482
2022-10-31,compound,829653724,0.20231833
2022-11-01,aave,2686518438,0.69010125
2022-11-01,morpho,118042607,0.03032227
2022-11-01,euler,313539036,0.08054055
2022-11-01,compound,774833681,0.19903593
2022-11-02,aave,2700674240,0.68868156
2022-11-02,morpho,118766855,0.03028597
2022-11-02,euler,312741103,0.07975010
2022-11-02,compound,789331616,0.20128237
2022-11-03,aave,2522402063,0.67132931
2022-11-03,morpho,128886102,0.03430263
2022-11-03,euler,325117307,0.08652894
2022-11-03,compound,780919002,0.20783912
2022-11-04,aave,2518432928,0.66783977
2022-11-04,morpho,129177516,0.03425538
2022-11-04,euler,337405988,0.08947355
2022-11-04,compound,785997285,0.20843130
2022-11-05,aave,2569197425,0.66626919
2022-11-05,morpho,133807950,0.03470037
2022-11-05,euler,353267812,0.09161283
2022-11-05,compound,799822039,0.20741761
2022-11-06,aave,2543904987,0.66571937
2022-11-06,morpho,134342131,0.03515625
2022-11-06,euler,344161474,0.09006428
2022-11-06,compound,798878709,0.20906010
2022-11-07,aave,2506395493,0.65496042
2022-11-07,morpho,133984427,0.03501223
2022-11-07,euler,345483361,0.09028022
2022-11-07,compound,840925983,0.21974713
2022-11-08,aave,2442229943,0.65009135
2022-11-08,morpho,150686862,0.04011098
2022-11-08,euler,303215570,0.08071223
2022-11-08,compound,860616483,0.22908544
2022-11-09,aave,2248114991,0.65333103
2022-11-09,morpho,137773409,0.04003872
2022-11-09,euler,219604151,0.06381978
2022-11-09,compound,835511918,0.24281047
2022-11-10,aave,2023445433,0.62971066
2022-11-10,morpho,129190678,0.04020506
2022-11-10,euler,191446225,0.05957943
2022-11-10,compound,869211606,0.27050485
2022-11-11,aave,2337429603,0.66281791
2022-11-11,morpho,131186790,0.03720025
2022-11-11,euler,210936727,0.05981470
2022-11-11,compound,846950261,0.24016714
2022-11-12,aave,2316124574,0.66406091
2022-11-12,morpho,131231564,0.03762568
2022-11-12,euler,207470572,0.05948432
2022-11-12,compound,832992754,0.23882909
2022-11-13,aave,2337273661,0.67103490
2022-11-13,morpho,134811802,0.03870468
2022-11-13,euler,193241667,0.05547998
2022-11-13,compound,817760956,0.23478044
2022-11-14,aave,2252416223,0.69794076
2022-11-14,morpho,141446313,0.04382900
2022-11-14,euler,186034006,0.05764508
2022-11-14,compound,647334687,0.20058516
2022-11-15,aave,2116247089,0.67027994
2022-11-15,morpho,169702232,0.05374987
2022-11-15,euler,178083777,0.05640456
2022-11-15,compound,693225495,0.21956563
2022-11-16,aave,2123555531,0.66923928
2022-11-16,morpho,179464472,0.05655829
2022-11-16,euler,179052141,0.05642835
2022-11-16,compound,691016443,0.21777408
2022-11-17,aave,2136606796,0.67033477
2022-11-17,morpho,161323819,0.05061341
2022-11-17,euler,171739396,0.05388118
2022-11-17,compound,717702773,0.22517064
2022-11-18,aave,2092288758,0.66312177
2022-11-18,morpho,164098548,0.05200875
2022-11-18,euler,181938160,0.05766276
2022-11-18,compound,716885007,0.22720672
2022-11-19,aave,2111101745,0.66217703
2022-11-19,morpho,168799927,0.05294649
2022-11-19,euler,186506871,0.05850053
2022-11-19,compound,721714325,0.22637595
2022-11-20,aave,2162282051,0.66762729
2022-11-20,morpho,168120812,0.05190907
2022-11-20,euler,186720731,0.05765199
2022-11-20,compound,721632661,0.22281165
2022-11-21,aave,2113551622,0.66394801
2022-11-21,morpho,162669541,0.05110077
2022-11-21,euler,184459874,0.05794595
2022-11-21,compound,722627880,0.22700527
2022-11-22,aave,2115232493,0.67446144
2022-11-22,morpho,153078472,0.04881049
2022-11-22,euler,181585039,0.05790007
2022-11-22,compound,686284025,0.21882800
2022-11-23,aave,1958326786,0.65214404
2022-11-23,morpho,159001863,0.05294934
2022-11-23,euler,177811608,0.05921319
2022-11-23,compound,707765011,0.23569343
2022-11-24,aave,1978868555,0.65346208
2022-11-24,morpho,156045211,0.05152926
2022-11-24,euler,192023320,0.06340995
2022-11-24,compound,701346619,0.23159871
2022-11-25,aave,1998961826,0.65901526
2022-11-25,morpho,164219227,0.05413959
2022-11-25,euler,202970361,0.06691502
2022-11-25,compound,667104357,0.21993013
2022-11-26,aave,1989816165,0.64931548
2022-11-26,morpho,181859175,0.05934416
2022-11-26,euler,220037205,0.07180239
2022-11-26,compound,672770308,0.21953797
2022-11-27,aave,1981196569,0.64843535
2022-11-27,morpho,181888716,0.05953123
2022-11-27,euler,219892651,0.07196972
2022-11-27,compound,672371474,0.22006370
2022-11-28,aave,1980106267,0.64728179
2022-11-28,morpho,178777311,0.05844095
2022-11-28,euler,224062038,0.07324419
2022-11-28,compound,676164501,0.22103307
2022-11-29,aave,1949270625,0.64683627
2022-11-29,morpho,184577876,0.06124940
2022-11-29,euler,225275432,0.07475428
2022-11-29,compound,654421701,0.21716005
2022-11-30,aave,2030865385,0.65146830
2022-11-30,morpho,192129639,0.06163204
2022-11-30,euler,236669714,0.07591976
2022-11-30,compound,657701651,0.21097990
2022-12-01,aave,2017140356,0.64605974
2022-12-01,morpho,200118098,0.06409482
2022-12-01,euler,245239971,0.07854668
2022-12-01,compound,659721128,0.21129876
2022-12-02,aave,2028837111,0.64575789
2022-12-02,morpho,197069360,0.06272514
2022-12-02,euler,260172498,0.08281022
2022-12-02,compound,655713268,0.20870675
2022-12-03,aave,1984176802,0.63631166
2022-12-03,morpho,197777992,0.06342602
2022-12-03,euler,267421303,0.08576015
2022-12-03,compound,668870721,0.21450217
2022-12-04,aave,1959489746,0.63206559
2022-12-04,morpho,195453433,0.06304671
2022-12-04,euler,270381101,0.08721586
2022-12-04,compound,674812450,0.21767184
2022-12-05,aave,1987145770,0.63242083
2022-12-05,morpho,202208662,0.06435410
2022-12-05,euler,277062841,0.08817688
2022-12-05,compound,675708458,0.21504819
2022-12-06,aave,2006191798,0.63469656
2022-12-06,morpho,202994794,0.06422123
2022-12-06,euler,274581490,0.08686903
2022-12-06,compound,677099514,0.21421318
2022-12-07,aave,1997281775,0.63416117
2022-12-07,morpho,200235025,0.06357705
2022-12-07,euler,271919949,0.08633788
2022-12-07,compound,680049336,0.21592390
2022-12-08,aave,1969770965,0.63652953
2022-12-08,morpho,200373021,0.06475034
2022-12-08,euler,240666394,0.07777111
2022-12-08,compound,683737298,0.22094902
2022-12-09,aave,1988874168,0.64258061
2022-12-09,morpho,204688470,0.06613231
2022-12-09,euler,234287384,0.07569535
2022-12-09,compound,667285626,0.21559173
2022-12-10,aave,1993765684,0.65242515
2022-12-10,morpho,202247336,0.06618192
2022-12-10,euler,189969060,0.06216407
2022-12-10,compound,669948060,0.21922886
2022-12-11,aave,1996035366,0.65174544
2022-12-11,morpho,204465062,0.06676193
2022-12-11,euler,190462847,0.06218993
2022-12-11,compound,671636407,0.21930270
2022-12-12,aave,1989893367,0.65036171
2022-12-12,morpho,202224737,0.06609360
2022-12-12,euler,195186143,0.06379316
2022-12-12,compound,672367549,0.21975153
2022-12-13,aave,2009455560,0.65828756
2022-12-13,morpho,214989395,0.07042945
2022-12-13,euler,168622786,0.05523998
2022-12-13,compound,659482081,0.21604301
2022-12-14,aave,2015357280,0.65802045
2022-12-14,morpho,221640770,0.07236640
2022-12-14,euler,169065959,0.05520056
2022-12-14,compound,656693835,0.21441259
2022-12-15,aave,2006437796,0.65760614
2022-12-15,morpho,216223866,0.07086696
2022-12-15,euler,170213050,0.05578700
2022-12-15,compound,658249174,0.21573990
2022-12-16,aave,1981268894,0.65838084
2022-12-16,morpho,206091058,0.06848460
2022-12-16,euler,165358549,0.05494908
2022-12-16,compound,656586729,0.21818548
2022-12-17,aave,1911417132,0.65378276
2022-12-17,morpho,203134802,0.06948040
2022-12-17,euler,160777825,0.05499259
2022-12-17,compound,648297532,0.22174425
2022-12-18,aave,1923981499,0.65452138
2022-12-18,morpho,204499054,0.06956876
2022-12-18,euler,158446179,0.05390198
2022-12-18,compound,652597560,0.22200788
2022-12-19,aave,1926257684,0.65463743
2022-12-19,morpho,205300465,0.06977123
2022-12-19,euler,158462286,0.05385331
2022-12-19,compound,652459790,0.22173803
2022-12-20,aave,1885304999,0.64824763
2022-12-20,morpho,203916143,0.07011500
2022-12-20,euler,160006910,0.05501715
2022-12-20,compound,659081857,0.22662022
2022-12-21,aave,1904902597,0.64649887
2022-12-21,morpho,209336486,0.07104605
2022-12-21,euler,172517103,0.05855003
2022-12-21,compound,659734042,0.22390505
2022-12-22,aave,1899687496,0.64948011
2022-12-22,morpho,208083787,0.07114132
2022-12-22,euler,158697500,0.05425675
2022-12-22,compound,658466810,0.22512182
2022-12-23,aave,1889501529,0.64767460
2022-12-23,morpho,208015178,0.07130248
2022-12-23,euler,160336538,0.05495942
2022-12-23,compound,659509182,0.22606350
2022-12-24,aave,1884031723,0.64634644
2022-12-24,morpho,214831821,0.07370140
2022-12-24,euler,156190100,0.05358345
2022-12-24,compound,659840907,0.22636871
2022-12-25,aave,1873661569,0.64133680
2022-12-25,morpho,222573502,0.07618482
2022-12-25,euler,157863597,0.05403523
2022-12-25,compound,667395241,0.22844315
2022-12-26,aave,1869169241,0.63992409
2022-12-26,morpho,221840382,0.07594872
2022-12-26,euler,158857100,0.05438592
2022-12-26,compound,671056687,0.22974127
2022-12-27,aave,1880601019,0.63967738
2022-12-27,morpho,222434360,0.07565998
2022-12-27,euler,163216550,0.05551732
2022-12-27,compound,673669165,0.22914532
2022-12-28,aave,1880970784,0.64098806
2022-12-28,morpho,219919010,0.07494293
2022-12-28,euler,161378469,0.05499377
2022-12-28,compound,672218185,0.22907524
2022-12-29,aave,1854604396,0.63903666
2022-12-29,morpho,213157391,0.07344714
2022-12-29,euler,159731027,0.05503814
2022-12-29,compound,674694962,0.23247806
2022-12-30,aave,1855070348,0.64689448
2022-12-30,morpho,213130900,0.07432236
2022-12-30,euler,137455314,0.04793300
2022-12-30,compound,661998671,0.23085016
2022-12-31,aave,1841411598,0.64675912
2022-12-31,morpho,212731761,0.07471779
2022-12-31,euler,137993188,0.04846736
2022-12-31,compound,655000114,0.23005573
2023-01-01,aave,1827664162,0.64692026
2023-01-01,morpho,210952563,0.07466880
2023-01-01,euler,139088809,0.04923189
2023-01-01,compound,647471359,0.22917905
2023-01-02,aave,1832451405,0.65075123
2023-01-02,morpho,206371860,0.07328802
2023-01-02,euler,140884868,0.05003189
2023-01-02,compound,636193423,0.22592886
2023-01-03,aave,1846548542,0.65092365
2023-01-03,morpho,209429841,0.07382575
2023-01-03,euler,149038004,0.05253713
2023-01-03,compound,631796429,0.22271347
2023-01-04,aave,1833435806,0.65111077
2023-01-04,morpho,209579609,0.07442832
2023-01-04,euler,136797602,0.04858113
2023-01-04,compound,636045494,0.22587978
2023-01-05,aave,1845489965,0.65056749
2023-01-05,morpho,213266075,0.07518002
2023-01-05,euler,142378600,0.05019095
2023-01-05,compound,635604062,0.22406154
2023-01-06,aave,1849988980,0.65238287
2023-01-06,morpho,213170334,0.07517270
2023-01-06,euler,137772266,0.04858422
2023-01-06,compound,634809623,0.22386021
2023-01-07,aave,1859926488,0.65129883
2023-01-07,morpho,214587585,0.07514310
2023-01-07,euler,145848121,0.05107229
2023-01-07,compound,635356887,0.22248578
2023-01-08,aave,1864626626,0.65020650
2023-01-08,morpho,213943915,0.07460353
2023-01-08,euler,147838312,0.05155211
2023-01-08,compound,641336420,0.22363786
2023-01-09,aave,1880980901,0.65096604
2023-01-09,morpho,220296209,0.07623966
2023-01-09,euler,139150080,0.04815678
2023-01-09,compound,649095136,0.22463752
2023-01-10,aave,1899996775,0.65102034
2023-01-10,morpho,223153644,0.07646200
2023-01-10,euler,145859380,0.04997768
2023-01-10,compound,649480861,0.22253998
2023-01-11,aave,1900901723,0.64998248
2023-01-11,morpho,227527659,0.07779939
2023-01-11,euler,148918695,0.05092033
2023-01-11,compound,647194928,0.22129780
2023-01-12,aave,1947905911,0.65068551
2023-01-12,morpho,235316115,0.07860584
2023-01-12,euler,153078918,0.05113503
2023-01-12,compound,657320204,0.21957362
2023-01-13,aave,1962999553,0.65339548
2023-01-13,morpho,235244224,0.07830237
2023-01-13,euler,158995875,0.05292267
2023-01-13,compound,647065732,0.21537948
2023-01-14,aave,2033027653,0.65609661
2023-01-14,morpho,248224242,0.08010667
2023-01-14,euler,166255734,0.05365388
2023-01-14,compound,651163565,0.21014284
2023-01-15,aave,2032882423,0.65331591
2023-01-15,morpho,255583839,0.08213805
2023-01-15,euler,172106626,0.05531062
2023-01-15,compound,651064831,0.20923542
2023-01-16,aave,2037237766,0.65271905
2023-01-16,morpho,257893625,0.08262761
2023-01-16,euler,170051549,0.05448352
2023-01-16,compound,655972724,0.21016982
2023-01-17,aave,2066465536,0.65228808
2023-01-17,morpho,260225252,0.08214114
2023-01-17,euler,177765402,0.05611236
2023-01-17,compound,663569733,0.20945842
2023-01-18,aave,2093647356,0.65069984
2023-01-18,morpho,263032921,0.08174991
2023-01-18,euler,183434569,0.05701096
2023-01-18,compound,677416824,0.21053929
2023-01-19,aave,2057389246,0.64777773
2023-01-19,morpho,256179117,0.08065908
2023-01-19,euler,179569773,0.05653830
2023-01-19,compound,682934710,0.21502489
2023-01-20,aave,2061497129,0.64850181
2023-01-20,morpho,253178872,0.07964452
2023-01-20,euler,183567039,0.05774617
2023-01-20,compound,680618005,0.21410750
2023-01-21,aave,2103732397,0.64847604
2023-01-21,morpho,260740571,0.08037335
2023-01-21,euler,194062959,0.05981996
2023-01-21,compound,685581467,0.21133065
2023-01-22,aave,2112889023,0.65052119
2023-01-22,morpho,257925239,0.07941062
2023-01-22,euler,192206780,0.05917707
2023-01-22,compound,684973138,0.21089112
2023-01-23,aave,2130412125,0.65138985
2023-01-23,morpho,260548038,0.07966456
2023-01-23,euler,188454432,0.05762139
2023-01-23,compound,691149323,0.21132420
2023-01-24,aave,2118783367,0.65068467
2023-01-24,morpho,254939445,0.07829266
2023-01-24,euler,193228053,0.05934091
2023-01-24,compound,689285959,0.21168176
2023-01-25,aave,2109123945,0.65390284
2023-01-25,morpho,240121454,0.07444612
2023-01-25,euler,183710354,0.05695669
2023-01-25,compound,692483594,0.21469435
2023-01-26,aave,2112992633,0.63407358
2023-01-26,morpho,229674844,0.06892156
2023-01-26,euler,188146350,0.05645956
2023-01-26,compound,801595390,0.24054530
2023-01-27,aave,2087566410,0.62407343
2023-01-27,morpho,249078362,0.07446143
2023-01-27,euler,187556432,0.05606959
2023-01-27,compound,820864149,0.24539555
2023-01-28,aave,2106174375,0.62183177
2023-01-28,morpho,250665532,0.07400707
2023-01-28,euler,189300837,0.05588961
2023-01-28,compound,840907791,0.24827155
2023-01-29,aave,2082356943,0.61684749
2023-01-29,morpho,250875860,0.07431586
2023-01-29,euler,201254788,0.05961683
2023-01-29,compound,841317559,0.24921982
2023-01-30,aave,2155158723,0.62247571
2023-01-30,morpho,256355417,0.07404328
2023-01-30,euler,203808695,0.05886618
2023-01-30,compound,846914652,0.24461483
2023-01-31,aave,2100075187,0.61381624
2023-01-31,morpho,252572258,0.07382257
2023-01-31,euler,229716027,0.06714209
2023-01-31,compound,838978378,0.24521910
2023-02-01,aave,2116713843,0.61599582
2023-02-01,morpho,256851909,0.07474780
2023-02-01,euler,212911810,0.06196056
2023-02-01,compound,849769537,0.24729582
2023-02-02,aave,2172724691,0.61691367
2023-02-02,morpho,268616395,0.07626973
2023-02-02,euler,223231784,0.06338343
2023-02-02,compound,857353780,0.24343317
2023-02-03,aave,2181211028,0.61343162
2023-02-03,morpho,269468887,0.07578393
2023-02-03,euler,232198690,0.06530226
2023-02-03,compound,872873907,0.24548219
2023-02-04,aave,2190878033,0.61369706
2023-02-04,morpho,271269711,0.07598662
2023-02-04,euler,236559376,0.06626375
2023-02-04,compound,871259530,0.24405257
2023-02-05,aave,2207757089,0.61666973
2023-02-05,morpho,265145288,0.07406026
2023-02-05,euler,233371808,0.06518531
2023-02-05,compound,873854651,0.24408470
2023-02-06,aave,2193673347,0.61853749
2023-02-06,morpho,255480205,0.07203629
2023-02-06,euler,233791399,0.06592082
2023-02-06,compound,863603764,0.24350540
2023-02-07,aave,2182171680,0.61568914
2023-02-07,morpho,260341694,0.07345414
2023-02-07,euler,247803984,0.06991669
2023-02-07,compound,853957740,0.24094003
2023-02-08,aave,2238905285,0.61831656
2023-02-08,morpho,272640572,0.07529491
2023-02-08,euler,253032105,0.06987966
2023-02-08,compound,856391330,0.23650887
2023-02-09,aave,2225233075,0.61572873
2023-02-09,morpho,270453652,0.07483534
2023-02-09,euler,259551113,0.07181858
2023-02-09,compound,858745038,0.23761735
2023-02-10,aave,2146154219,0.60913566
2023-02-10,morpho,259998128,0.07379438
2023-02-10,euler,248602183,0.07055991
2023-02-10,compound,868523405,0.24651005
2023-02-11,aave,2097250272,0.60679749
2023-02-11,morpho,258917921,0.07491273
2023-02-11,euler,243720951,0.07051579
2023-02-11,compound,856371480,0.24777399
2023-02-12,aave,2098643680,0.60672058
2023-02-12,morpho,254562289,0.07359428
2023-02-12,euler,250137918,0.07231519
2023-02-12,compound,855651509,0.24736995
2023-02-13,aave,2059645129,0.60296288
2023-02-13,morpho,252166226,0.07382188
2023-02-13,euler,248436295,0.07272994
2023-02-13,compound,855626173,0.25048530
2023-02-14,aave,2160555031,0.61806931
2023-02-14,morpho,253885165,0.07262885
2023-02-14,euler,214445505,0.06134636
2023-02-14,compound,866765986,0.24795548
2023-02-15,aave,2188941791,0.61909351
2023-02-15,morpho,258577213,0.07313281
2023-02-15,euler,219396089,0.06205130
2023-02-15,compound,868805706,0.24572238
2023-02-16,aave,2294627464,0.62481775
2023-02-16,morpho,274808402,0.07482921
2023-02-16,euler,220379907,0.06000856
2023-02-16,compound,882659037,0.24034448
2023-02-17,aave,2266985606,0.62595357
2023-02-17,morpho,269570794,0.07443312
2023-02-17,euler,216245741,0.05970915
2023-02-17,compound,868849241,0.23990416
2023-02-18,aave,2252420621,0.62050266
2023-02-18,morpho,278611233,0.07675254
2023-02-18,euler,229782819,0.06330117
2023-02-18,compound,869178822,0.23944363
2023-02-19,aave,2284702429,0.62480088
2023-02-19,morpho,274912732,0.07518078
2023-02-19,euler,234683380,0.06417920
2023-02-19,compound,862390337,0.23583914
2023-02-20,aave,2282578959,0.62557606
2023-02-20,morpho,272977303,0.07481365
2023-02-20,euler,230406650,0.06314650
2023-02-20,compound,862800390,0.23646379
2023-02-21,aave,2299801065,0.62541072
2023-02-21,morpho,286742932,0.07797722
2023-02-21,euler,227320918,0.06181793
2023-02-21,compound,863400287,0.23479413
2023-02-22,aave,2283740472,0.61800552
2023-02-22,morpho,322492780,0.08727013
2023-02-22,euler,218485993,0.05912473
2023-02-22,compound,870620704,0.23559962
2023-02-23,aave,2275045631,0.60962491
2023-02-23,morpho,322274012,0.08635707
2023-02-23,euler,225718256,0.06048383
2023-02-23,compound,908839816,0.24353419
2023-02-24,aave,2299807068,0.61126008
2023-02-24,morpho,323132210,0.08588452
2023-02-24,euler,227184703,0.06038287
2023-02-24,compound,912279513,0.24247253
2023-02-25,aave,2228996024,0.60348982
2023-02-25,morpho,328520477,0.08894532
2023-02-25,euler,224226177,0.06070815
2023-02-25,compound,911767896,0.24685671
2023-02-26,aave,2222844930,0.60183522
2023-02-26,morpho,338645103,0.09168815
2023-02-26,euler,222340193,0.06019860
2023-02-26,compound,909614182,0.24627803
2023-02-27,aave,2227129444,0.60009174
2023-02-27,morpho,346800197,0.09344402
2023-02-27,euler,224968208,0.06061685
2023-02-27,compound,912417093,0.24584739
2023-02-28,aave,2212780476,0.59673821
2023-02-28,morpho,352290206,0.09500492
2023-02-28,euler,225122817,0.06071067
2023-02-28,compound,917932491,0.24754620
2023-03-01,aave,2201149728,0.59568961
2023-03-01,morpho,349557127,0.09459945
2023-03-01,euler,225654155,0.06106801
2023-03-01,compound,918767595,0.24864293
2023-03-02,aave,2261097521,0.59979256
2023-03-02,morpho,357249510,0.09476619
2023-03-02,euler,233156346,0.06184848
2023-03-02,compound,918295865,0.24359277
2023-03-03,aave,2164642152,0.58700521
2023-03-03,morpho,357729257,0.09700861
2023-03-03,euler,240936209,0.06533681
2023-03-03,compound,924295357,0.25064937
2023-03-04,aave,2135821915,0.59009461
2023-03-04,morpho,322185272,0.08901482
2023-03-04,euler,232444009,0.06422069
2023-03-04,compound,929005539,0.25666988
2023-03-05,aave,2104411932,0.58737878
2023-03-05,morpho,321513933,0.08974025
2023-03-05,euler,235010590,0.06559563
2023-03-05,compound,921780560,0.25728534
2023-03-06,aave,2108354939,0.58582449
2023-03-06,morpho,322463206,0.08959917
2023-03-06,euler,236889286,0.06582172
2023-03-06,compound,931245804,0.25875462
2023-03-07,aave,2161750072,0.59117902
2023-03-07,morpho,328591722,0.08986077
2023-03-07,euler,238175748,0.06513450
2023-03-07,compound,928158377,0.25382571
2023-03-08,aave,2179523910,0.59857735
2023-03-08,morpho,326454094,0.08965629
2023-03-08,euler,247040663,0.06784644
2023-03-08,compound,888154707,0.24391992
2023-03-09,aave,2123794431,0.60368820
2023-03-09,morpho,319668308,0.09086566
2023-03-09,euler,225131281,0.06399353
2023-03-09,compound,849438049,0.24145261
2023-03-10,aave,2065762622,0.59959048
2023-03-10,morpho,308197370,0.08945472
2023-03-10,euler,230742885,0.06697344
2023-03-10,compound,840586362,0.24398136
2023-03-11,aave,2066822673,0.61186331
2023-03-11,morpho,276919209,0.08197931
2023-03-11,euler,216911051,0.06421447
2023-03-11,compound,817262745,0.24194291
2023-03-12,aave,2174622539,0.66712395
2023-03-12,morpho,276439594,0.08480528
2023-03-12,euler,165693473,0.05083093
2023-03-12,compound,642942295,0.19723984
2023-03-13,aave,2505434545,0.69331987
2023-03-13,morpho,277563254,0.07680908
2023-03-13,euler,173891935,0.04812049
2023-03-13,compound,656787972,0.18175056
2023-03-14,aave,2562706884,0.73782324
2023-03-14,morpho,233875766,0.06733465
2023-03-14,euler,0,0.00000000
2023-03-14,compound,676751816,0.19484211
2023-03-15,aave,2448802695,0.72861397
2023-03-15,morpho,242313841,0.07209778
2023-03-15,euler,0,0.00000000
2023-03-15,compound,669788955,0.19928825
2023-03-16,aave,2421335166,0.72690336
2023-03-16,morpho,235569222,0.07071968
2023-03-16,euler,0,0.00000000
2023-03-16,compound,674123211,0.20237696
2023-03-17,aave,2376162707,0.72452825
2023-03-17,morpho,238252891,0.07264694
2023-03-17,euler,0,0.00000000
2023-03-17,compound,665184184,0.20282481
2023-03-18,aave,2471841076,0.72521209
2023-03-18,morpho,263365201,0.07726857
2023-03-18,euler,0,0.00000000
2023-03-18,compound,673232603,0.19751934
2023-03-19,aave,2462833532,0.72246719
2023-03-19,morpho,251779384,0.07385897
2023-03-19,euler,0,0.00000000
2023-03-19,compound,694308021,0.20367384
2023-03-20,aave,2500677818,0.72285529
2023-03-20,morpho,250718791,0.07247371
2023-03-20,euler,0,0.00000000
2023-03-20,compound,708047954,0.20467100
2023-03-21,aave,2512191706,0.70117265
2023-03-21,morpho,249723307,0.06969976
2023-03-21,euler,0,0.00000000
2023-03-21,compound,820928271,0.22912759
2023-03-22,aave,2524480511,0.69657704
2023-03-22,morpho,276624103,0.07632857
2023-03-22,euler,0,0.00000000
2023-03-22,compound,823017873,0.22709439
2023-03-23,aave,2482592033,0.69129259
2023-03-23,morpho,275429707,0.07669505
2023-03-23,euler,0,0.00000000
2023-03-23,compound,833210212,0.23201236
2023-03-24,aave,2537959531,0.69803594
2023-03-24,morpho,277623795,0.07635716
2023-03-24,euler,0,0.00000000
2023-03-24,compound,820274649,0.22560690
2023-03-25,aave,2473807598,0.69063008
2023-03-25,morpho,272662764,0.07612116
2023-03-25,euler,0,0.00000000
2023-03-25,compound,835487153,0.23324876
2023-03-26,aave,2394194193,0.68494009
2023-03-26,morpho,273206359,0.07815990
2023-03-26,euler,0,0.00000000
2023-03-26,compound,828079190,0.23690001
2023-03-27,aave,2429348877,0.68506302
2023-03-27,morpho,273549743,0.07713952
2023-03-27,euler,0,0.00000000
2023-03-27,compound,843269869,0.23779746
2023-03-28,aave,2392697658,0.67936456
2023-03-28,morpho,275418134,0.07820015
2023-03-28,euler,0,0.00000000
2023-03-28,compound,853848429,0.24243529
2023-03-29,aave,2364027799,0.67471857
2023-03-29,morpho,278615582,0.07951984
2023-03-29,euler,0,0.00000000
2023-03-29,compound,861080839,0.24576159
2023-03-30,aave,2406481871,0.67958827
2023-03-30,morpho,269891276,0.07621705
2023-03-30,euler,0,0.00000000
2023-03-30,compound,864714865,0.24419468
2023-03-31,aave,2442750942,0.68383251
2023-03-31,morpho,272523618,0.07629124
2023-03-31,euler,0,0.00000000
2023-03-31,compound,856873466,0.23987625
2023-04-01,aave,2480953300,0.69616554
2023-04-01,morpho,274455395,0.07701329
2023-04-01,euler,0,0.00000000
2023-04-01,compound,808331788,0.22682117
2023-04-02,aave,2434196407,0.69092016
2023-04-02,morpho,279696419,0.07938879
2023-04-02,euler,0,0.00000000
2023-04-02,compound,809229718,0.22969105
2023-04-03,aave,2441561473,0.69234572
2023-04-03,morpho,276569056,0.07842580
2023-04-03,euler,0,0.00000000
2023-04-03,compound,808375660,0.22922848
2023-04-04,aave,2465424704,0.70286259
2023-04-04,morpho,266227558,0.07589824
2023-04-04,euler,0,0.00000000
2023-04-04,compound,776038617,0.22123917
2023-04-05,aave,2514761196,0.70423361
2023-04-05,morpho,281617264,0.07886409
2023-04-05,euler,0,0.00000000
2023-04-05,compound,774540550,0.21690230
2023-04-06,aave,2515616054,0.71565081
2023-04-06,morpho,281324321,0.08003208
2023-04-06,euler,0,0.00000000
2023-04-06,compound,718204188,0.20431711
2023-04-07,aave,2515816567,0.71286544
2023-04-07,morpho,278013962,0.07877623
2023-04-07,euler,0,0.00000000
2023-04-07,compound,735329987,0.20835833
2023-04-08,aave,2502961239,0.70997974
2023-04-08,morpho,274103557,0.07775109
2023-04-08,euler,0,0.00000000
2023-04-08,compound,748333299,0.21226917
2023-04-09,aave,2491658069,0.70859201
2023-04-09,morpho,276634854,0.07867101
2023-04-09,euler,0,0.00000000
2023-04-09,compound,748057868,0.21273698
2023-04-10,aave,2541662671,0.71213832
2023-04-10,morpho,277611476,0.07778285
2023-04-10,euler,0,0.00000000
2023-04-10,compound,749783426,0.21007883
2023-04-11,aave,2549395097,0.71080960
2023-04-11,morpho,283250855,0.07897459
2023-04-11,euler,0,0.00000000
2023-04-11,compound,753961644,0.21021581
2023-04-12,aave,2559679152,0.70934924
2023-04-12,morpho,291030176,0.08065153
2023-04-12,euler,0,0.00000000
2023-04-12,compound,757779981,0.20999923
2023-04-13,aave,2589744815,0.71146574
2023-04-13,morpho,293755506,0.08070177
2023-04-13,euler,0,0.00000000
2023-04-13,compound,756513072,0.20783249
2023-04-14,aave,2683383741,0.70527341
2023-04-14,morpho,331391948,0.08709970
2023-04-14,euler,0,0.00000000
2023-04-14,compound,789966831,0.20762689
2023-04-15,aave,2651778974,0.70290766
2023-04-15,morpho,322488560,0.08548212
2023-04-15,euler,0,0.00000000
2023-04-15,compound,798317566,0.21161022
2023-04-16,aave,2652301281,0.70388124
2023-04-16,morpho,313230598,0.08312673
2023-04-16,euler,0,0.00000000
2023-04-16,compound,802577178,0.21299203
2023-04-17,aave,2630457035,0.70040408
2023-04-17,morpho,315137477,0.08391073
2023-04-17,euler,0,0.00000000
2023-04-17,compound,810033283,0.21568519
2023-04-18,aave,2648153219,0.69946204
2023-04-18,morpho,315937509,0.08344921
2023-04-18,euler,0,0.00000000
2023-04-18,compound,821894896,0.21708875
2023-04-19,aave,2642081810,0.69606259
2023-04-19,morpho,335560671,0.08840424
2023-04-19,euler,0,0.00000000
2023-04-19,compound,818110744,0.21553317
2023-04-20,aave,2547387874,0.69549159
2023-04-20,morpho,318376955,0.08692375
2023-04-20,euler,0,0.00000000
2023-04-20,compound,796950727,0.21758466
2023-04-21,aave,2544522308,0.69312215
2023-04-21,morpho,318664007,0.08680336
2023-04-21,euler,0,0.00000000
2023-04-21,compound,807915987,0.22007449
2023-04-22,aave,2458186548,0.68752717
2023-04-22,morpho,316111700,0.08841289
2023-04-22,euler,0,0.00000000
2023-04-22,compound,801104507,0.22405994
2023-04-23,aave,2449283422,0.68242255
2023-04-23,morpho,332659246,0.09268595
2023-04-23,euler,0,0.00000000
2023-04-23,compound,807158275,0.22489150
2023-04-24,aave,2470834362,0.68416274
2023-04-24,morpho,338627517,0.09376441
2023-04-24,euler,0,0.00000000
2023-04-24,compound,802009784,0.22207285
2023-04-25,aave,2434083543,0.68077540
2023-04-25,morpho,332216318,0.09291575
2023-04-25,euler,0,0.00000000
2023-04-25,compound,809157667,0.22630885
2023-04-26,aave,2471737970,0.68260841
2023-04-26,morpho,340638244,0.09407248
2023-04-26,euler,0,0.00000000
2023-04-26,compound,808642723,0.22331911
2023-04-27,aave,2509579606,0.68082661
2023-04-27,morpho,351843279,0.09545195
2023-04-27,euler,0,0.00000000
2023-04-27,compound,824654541,0.22372144
2023-04-28,aave,2511310257,0.67978184
2023-04-28,morpho,349916764,0.09471831
2023-04-28,euler,0,0.00000000
2023-04-28,compound,833061533,0.22549985
2023-04-29,aave,2487894619,0.67893665
2023-04-29,morpho,348649358,0.09514504
2023-04-29,euler,0,0.00000000
2023-04-29,compound,827854789,0.22591831
2023-04-30,aave,2496603281,0.67937651
2023-04-30,morpho,347441335,0.09454585
2023-04-30,euler,0,0.00000000
2023-04-30,compound,830800262,0.22607764
2023-05-01,aave,2528617854,0.68346862
2023-05-01,morpho,345932647,0.09350330
2023-05-01,spark-lend,0,0.00000000
2023-05-01,euler,0,0.00000000
2023-05-01,compound,825133412,0.22302808
2023-05-02,aave,2447281361,0.67759437
2023-05-02,morpho,338811471,0.09380889
2023-05-02,spark-lend,0,0.00000000
2023-05-02,euler,0,0.00000000
2023-05-02,compound,825627494,0.22859674
2023-05-03,aave,2456057821,0.67673857
2023-05-03,morpho,351101052,0.09674187
2023-05-03,spark-lend,0,0.00000000
2023-05-03,euler,0,0.00000000
2023-05-03,compound,822097587,0.22651956
2023-05-04,aave,2499057131,0.67910846
2023-05-04,morpho,359121242,0.09758972
2023-05-04,spark-lend,0,0.00000000
2023-05-04,euler,0,0.00000000
2023-05-04,compound,821730315,0.22330182
2023-05-05,aave,2521074220,0.68098292
2023-05-05,morpho,363569186,0.09820592
2023-05-05,spark-lend,0,0.00000000
2023-05-05,euler,0,0.00000000
2023-05-05,compound,817467376,0.22081116
2023-05-06,aave,2603372568,0.68449320
2023-05-06,morpho,378820874,0.09960169
2023-05-06,spark-lend,0,0.00000000
2023-05-06,euler,0,0.00000000
2023-05-06,compound,821164383,0.21590511
2023-05-07,aave,2569409729,0.68584926
2023-05-07,morpho,367975492,0.09822323
2023-05-07,spark-lend,0,0.00000000
2023-05-07,euler,0,0.00000000
2023-05-07,compound,808933202,0.21592751
2023-05-08,aave,2589809706,0.68253838
2023-05-08,morpho,396323048,0.10445003
2023-05-08,spark-lend,0,0.00000000
2023-05-08,euler,0,0.00000000
2023-05-08,compound,808246864,0.21301159
2023-05-09,aave,2509337198,0.67842597
2023-05-09,morpho,390365594,0.10553949
2023-05-09,spark-lend,2000,0.00000054
2023-05-09,euler,0,0.00000000
2023-05-09,compound,799058684,0.21603400
2023-05-10,aave,2523873780,0.67977774
2023-05-10,morpho,391957849,0.10556955
2023-05-10,spark-lend,102102,0.00002750
2023-05-10,euler,0,0.00000000
2023-05-10,compound,796858888,0.21462521
2023-05-11,aave,2528322800,0.67752722
2023-05-11,morpho,390405556,0.10461892
2023-05-11,spark-lend,445364,0.00011935
2023-05-11,euler,0,0.00000000
2023-05-11,compound,812518142,0.21773451
2023-05-12,aave,2520905018,0.67631793
2023-05-12,morpho,386830349,0.10378031
2023-05-12,spark-lend,441727,0.00011851
2023-05-12,euler,0,0.00000000
2023-05-12,compound,819219330,0.21978325
2023-05-13,aave,2529470645,0.68298557
2023-05-13,morpho,392567017,0.10599752
2023-05-13,spark-lend,442984,0.00011961
2023-05-13,euler,0,0.00000000
2023-05-13,compound,781068509,0.21089730
2023-05-14,aave,2543945148,0.68600862
2023-05-14,morpho,390547996,0.10531646
2023-05-14,spark-lend,856713,0.00023102
2023-05-14,euler,0,0.00000000
2023-05-14,compound,772978389,0.20844390
2023-05-15,aave,2548374866,0.68636384
2023-05-15,morpho,388441141,0.10462038
2023-05-15,spark-lend,857227,0.00023088
2023-05-15,euler,0,0.00000000
2023-05-15,compound,775189703,0.20878490
2023-05-16,aave,2562930929,0.68709676
2023-05-16,morpho,393076134,0.10537987
2023-05-16,spark-lend,859864,0.00023052
2023-05-16,euler,0,0.00000000
2023-05-16,compound,773220418,0.20729285
2023-05-17,aave,2564105486,0.68680013
2023-05-17,morpho,394374981,0.10563403
2023-05-17,spark-lend,873645,0.00023401
2023-05-17,euler,0,0.00000000
2023-05-17,compound,774054453,0.20733183
2023-05-18,aave,2593646020,0.69131753
2023-05-18,morpho,392741643,0.10468244
2023-05-18,spark-lend,920643,0.00024539
2023-05-18,euler,0,0.00000000
2023-05-18,compound,764435142,0.20375464
2023-05-19,aave,2566504591,0.69052084
2023-05-19,morpho,390294007,0.10500903
2023-05-19,spark-lend,919212,0.00024731
2023-05-19,euler,0,0.00000000
2023-05-19,compound,759048502,0.20422282
2023-05-20,aave,2590293402,0.69134009
2023-05-20,morpho,395000386,0.10542420
2023-05-20,spark-lend,920898,0.00024578
2023-05-20,euler,0,0.00000000
2023-05-20,compound,760556904,0.20298993
2023-05-21,aave,2606387093,0.69189946
2023-05-21,morpho,397936478,0.10563743
2023-05-21,spark-lend,921702,0.00024468
2023-05-21,euler,0,0.00000000
2023-05-21,compound,761757391,0.20221843
2023-05-22,aave,2590038646,0.69156470
2023-05-22,morpho,393703148,0.10512245
2023-05-22,spark-lend,935438,0.00024977
2023-05-22,euler,0,0.00000000
2023-05-22,compound,760509094,0.20306308
2023-05-23,aave,2607710923,0.69016466
2023-05-23,morpho,396746557,0.10500414
2023-05-23,spark-lend,935624,0.00024763
2023-05-23,euler,0,0.00000000
2023-05-23,compound,772996398,0.20458357
2023-05-24,aave,2621342049,0.68835680
2023-05-24,morpho,400123740,0.10507133
2023-05-24,spark-lend,1342167,0.00035245
2023-05-24,euler,0,0.00000000
2023-05-24,compound,785307314,0.20621942
2023-05-25,aave,2590451222,0.68798006
2023-05-25,morpho,392598110,0.10426742
2023-05-25,spark-lend,1341697,0.00035633
2023-05-25,euler,0,0.00000000
2023-05-25,compound,780908813,0.20739619
2023-05-26,aave,2606723941,0.68862244
2023-05-26,morpho,397373186,0.10497471
2023-05-26,spark-lend,1419742,0.00037506
2023-05-26,euler,0,0.00000000
2023-05-26,compound,779901362,0.20602779
2023-05-27,aave,2639404612,0.68966683
2023-05-27,morpho,402812238,0.10525337
2023-05-27,spark-lend,2421693,0.00063278
2023-05-27,euler,0,0.00000000
2023-05-27,compound,782433436,0.20444702
2023-05-28,aave,2659430640,0.69046018
2023-05-28,morpho,405370331,0.10524511
2023-05-28,spark-lend,2876038,0.00074670
2023-05-28,euler,0,0.00000000
2023-05-28,compound,784001522,0.20354801
2023-05-29,aave,2710756038,0.69216581
2023-05-29,morpho,417425114,0.10658554
2023-05-29,spark-lend,3683788,0.00094062
2023-05-29,euler,0,0.00000000
2023-05-29,compound,784474178,0.20030803
2023-05-30,aave,2671599938,0.69029751
2023-05-30,morpho,413846175,0.10693105
2023-05-30,spark-lend,5142053,0.00132862
2023-05-30,euler,0,0.00000000
2023-05-30,compound,779627082,0.20144282
2023-05-31,aave,2690659512,0.69243561
2023-05-31,morpho,417376769,0.10741104
2023-05-31,spark-lend,5148058,0.00132484
2023-05-31,euler,0,0.00000000
2023-05-31,compound,772605849,0.19882851
2023-06-01,aave,2704126945,0.69101596
2023-06-01,morpho,433430883,0.11075947
2023-06-01,spark-lend,4949080,0.00126469
2023-06-01,euler,0,0.00000000
2023-06-01,compound,770755719,0.19695988
2023-06-02,aave,2751808696,0.69376272
2023-06-02,morpho,438907399,0.11065362
2023-06-02,spark-lend,5146404,0.00129747
2023-06-02,euler,0,0.00000000
2023-06-02,compound,770635848,0.19428619
2023-06-03,aave,2817242532,0.69724831
2023-06-03,morpho,439472145,0.10876636
2023-06-03,spark-lend,5150170,0.00127463
2023-06-03,euler,0,0.00000000
2023-06-03,compound,778650567,0.19271070
2023-06-04,aave,2820644088,0.69849429
2023-06-04,morpho,434311323,0.10755131
2023-06-04,spark-lend,5147593,0.00127473
2023-06-04,euler,0,0.00000000
2023-06-04,compound,778074723,0.19267967
2023-06-05,aave,2808473871,0.69714187
2023-06-05,morpho,433813990,0.10768478
2023-06-05,spark-lend,5149601,0.00127828
2023-06-05,euler,0,0.00000000
2023-06-05,compound,781116810,0.19389507
2023-06-06,aave,2740290469,0.69536683
2023-06-06,morpho,419593239,0.10647456
2023-06-06,spark-lend,4440313,0.00112676
2023-06-06,euler,0,0.00000000
2023-06-06,compound,776459963,0.19703185
2023-06-07,aave,2836210950,0.69693012
2023-06-07,morpho,433108001,0.10642580
2023-06-07,spark-lend,4719323,0.00115966
2023-06-07,euler,0,0.00000000
2023-06-07,compound,795538937,0.19548442
2023-06-08,aave,2793848294,0.69455100
2023-06-08,morpho,423262123,0.10522301
2023-06-08,spark-lend,5147036,0.00127955
2023-06-08,euler,0,0.00000000
2023-06-08,compound,800266893,0.19894644
2023-06-09,aave,2770272789,0.69193839
2023-06-09,morpho,430963274,0.10764284
2023-06-09,spark-lend,5148269,0.00128590
2023-06-09,euler,0,0.00000000
2023-06-09,compound,797256470,0.19913287
2023-06-10,aave,2713184711,0.68779702
2023-06-10,morpho,429319227,0.10883317
2023-06-10,spark-lend,5146058,0.00130453
2023-06-10,euler,0,0.00000000
2023-06-10,compound,797096252,0.20206528
2023-06-11,aave,2618367064,0.68325487
2023-06-11,morpho,415193047,0.10834335
2023-06-11,spark-lend,5140526,0.00134140
2023-06-11,euler,0,0.00000000
2023-06-11,compound,793496075,0.20706038
2023-06-12,aave,2639619520,0.68543232
2023-06-12,morpho,414922865,0.10774339
2023-06-12,spark-lend,5120457,0.00132963
2023-06-12,euler,0,0.00000000
2023-06-12,compound,791365810,0.20549466
2023-06-13,aave,2580831254,0.68510175
2023-06-13,morpho,414333259,0.10998799
2023-06-13,spark-lend,5123862,0.00136017
2023-06-13,euler,0,0.00000000
2023-06-13,compound,766788928,0.20355009
2023-06-14,aave,2587634414,0.68438102
2023-06-14,morpho,419910700,0.11105854
2023-06-14,spark-lend,5132587,0.00135747
2023-06-14,euler,0,0.00000000
2023-06-14,compound,768307380,0.20320297
2023-06-15,aave,2556153971,0.68523472
2023-06-15,morpho,405376526,0.10867032
2023-06-15,spark-lend,5111289,0.00137020
2023-06-15,euler,0,0.00000000
2023-06-15,compound,763691638,0.20472476
2023-06-16,aave,2631198148,0.68339615
2023-06-16,morpho,398176905,0.10341774
2023-06-16,spark-lend,5121874,0.00133029
2023-06-16,euler,0,0.00000000
2023-06-16,compound,815682990,0.21185582
2023-06-17,aave,2679714070,0.69963950
2023-06-17,morpho,383228992,0.10005625
2023-06-17,spark-lend,5128532,0.00133899
2023-06-17,euler,0,0.00000000
2023-06-17,compound,762063905,0.19896526
2023-06-18,aave,2649400364,0.69565345
2023-06-18,morpho,381622061,0.10020256
2023-06-18,spark-lend,5127352,0.00134629
2023-06-18,euler,0,0.00000000
2023-06-18,compound,772356258,0.20279770
2023-06-19,aave,2645879463,0.69561288
2023-06-19,morpho,381362272,0.10026175
2023-06-19,spark-lend,5129050,0.00134845
2023-06-19,euler,0,0.00000000
2023-06-19,compound,771295800,0.20277692
2023-06-20,aave,2647100767,0.70005299
2023-06-20,morpho,384529500,0.10169278
2023-06-20,spark-lend,5128680,0.00135633
2023-06-20,euler,0,0.00000000
2023-06-20,compound,744527356,0.19689790
2023-06-21,aave,2674801791,0.69983484
2023-06-21,morpho,394460205,0.10320652
2023-06-21,spark-lend,5613127,0.00146862
2023-06-21,euler,0,0.00000000
2023-06-21,compound,747172071,0.19549002
2023-06-22,aave,2770525096,0.70315953
2023-06-22,morpho,408215188,0.10360505
2023-06-22,spark-lend,5841107,0.00148247
2023-06-22,euler,0,0.00000000
2023-06-22,compound,755527445,0.19175295
2023-06-23,aave,2768129481,0.70886924
2023-06-23,morpho,403780114,0.10340098
2023-06-23,spark-lend,5824921,0.00149166
2023-06-23,euler,0,0.00000000
2023-06-23,compound,727258594,0.18623812
2023-06-24,aave,2804923323,0.71239533
2023-06-24,morpho,398797982,0.10128684
2023-06-24,spark-lend,5826454,0.00147980
2023-06-24,euler,0,0.00000000
2023-06-24,compound,727765121,0.18483803
2023-06-25,aave,2804674075,0.71254514
2023-06-25,morpho,397232225,0.10091935
2023-06-25,spark-lend,5964949,0.00151543
2023-06-25,euler,0,0.00000000
2023-06-25,compound,728264044,0.18502008
2023-06-26,aave,2829052995,0.71325515
2023-06-26,morpho,401345260,0.10118636
2023-06-26,spark-lend,5973477,0.00150602
2023-06-26,euler,0,0.00000000
2023-06-26,compound,730025135,0.18405247
2023-06-27,aave,2819969906,0.71234699
2023-06-27,morpho,395747241,0.09996892
2023-06-27,spark-lend,6035247,0.00152455
2023-06-27,euler,0,0.00000000
2023-06-27,compound,736950261,0.18615954
2023-06-28,aave,2826272292,0.70955401
2023-06-28,morpho,396674232,0.09958764
2023-06-28,spark-lend,6049191,0.00151869
2023-06-28,euler,0,0.00000000
2023-06-28,compound,754171527,0.18933966
2023-06-29,aave,2803046913,0.70693596
2023-06-29,morpho,400777110,0.10107706
2023-06-29,spark-lend,6143186,0.00154933
2023-06-29,euler,0,0.00000000
2023-06-29,compound,755097631,0.19043765
2023-06-30,aave,2811564062,0.70561670
2023-06-30,morpho,402116557,0.10091897
2023-06-30,spark-lend,6164488,0.00154710
2023-06-30,euler,0,0.00000000
2023-06-30,compound,764703510,0.19191723
2023-07-01,aave,2859343958,0.70829872
2023-07-01,morpho,403568864,0.09996954
2023-07-01,spark-lend,10931116,0.00270779
2023-07-01,euler,0,0.00000000
2023-07-01,compound,763074216,0.18902395
2023-07-02,aave,2890130663,0.70811886
2023-07-02,morpho,407917588,0.09994501
2023-07-02,spark-lend,10931079,0.00267825
2023-07-02,euler,0,0.00000000
2023-07-02,compound,772440915,0.18925788
2023-07-03,aave,2794861061,0.69550216
2023-07-03,morpho,410541371,0.10216336
2023-07-03,spark-lend,10949647,0.00272482
2023-07-03,euler,0,0.00000000
2023-07-03,compound,802127273,0.19960966
2023-07-04,aave,2823152797,0.67941892
2023-07-04,morpho,413573336,0.09953041
2023-07-04,spark-lend,10954253,0.00263625
2023-07-04,euler,0,0.00000000
2023-07-04,compound,907565703,0.21841442
2023-07-05,aave,2804131659,0.67836305
2023-07-05,morpho,408885035,0.09891565
2023-07-05,spark-lend,11036554,0.00266991
2023-07-05,euler,0,0.00000000
2023-07-05,compound,909620715,0.22005139
2023-07-06,aave,2766177379,0.67655542
2023-07-06,morpho,406720120,0.09947616
2023-07-06,spark-lend,11764653,0.00287741
2023-07-06,euler,0,0.00000000
2023-07-06,compound,903956872,0.22109101
2023-07-07,aave,2753624387,0.67206421
2023-07-07,morpho,402308709,0.09818960
2023-07-07,spark-lend,11646614,0.00284253
2023-07-07,euler,0,0.00000000
2023-07-07,compound,929684113,0.22690366
2023-07-08,aave,2766607611,0.67123390
2023-07-08,morpho,409503076,0.09935357
2023-07-08,spark-lend,11691151,0.00283651
2023-07-08,euler,0,0.00000000
2023-07-08,compound,933872613,0.22657602
2023-07-09,aave,2772528197,0.66436817
2023-07-09,morpho,417617258,0.10007170
2023-07-09,spark-lend,11801562,0.00282795
2023-07-09,euler,0,0.00000000
2023-07-09,compound,971233332,0.23273218
2023-07-10,aave,2770980682,0.66324995
2023-07-10,morpho,424605411,0.10163171
2023-07-10,spark-lend,11808826,0.00282651
2023-07-10,euler,0,0.00000000
2023-07-10,compound,970488069,0.23229183
2023-07-11,aave,2783016212,0.66166788
2023-07-11,morpho,426568769,0.10141761
2023-07-11,spark-lend,11908234,0.00283121
2023-07-11,euler,0,0.00000000
2023-07-11,compound,984568931,0.23408330
2023-07-12,aave,2798493646,0.66277814
2023-07-12,morpho,425920990,0.10087253
2023-07-12,spark-lend,11905401,0.00281960
2023-07-12,euler,0,0.00000000
2023-07-12,compound,986048594,0.23352973
2023-07-13,aave,2791709919,0.65667832
2023-07-13,morpho,420953868,0.09901863
2023-07-13,spark-lend,11901194,0.00279945
2023-07-13,euler,0,0.00000000
2023-07-13,compound,1026694464,0.24150360
2023-07-14,aave,2880501601,0.65866050
2023-07-14,morpho,446181189,0.10202457
2023-07-14,spark-lend,12130056,0.00277368
2023-07-14,euler,0,0.00000000
2023-07-14,compound,1034459304,0.23654125
2023-07-15,aave,2875366802,0.65338145
2023-07-15,morpho,432029848,0.09817192
2023-07-15,spark-lend,12100255,0.00274959
2023-07-15,euler,0,0.00000000
2023-07-15,compound,1081250650,0.24569704
2023-07-16,aave,2872090185,0.65679694
2023-07-16,morpho,431693267,0.09872072
2023-07-16,spark-lend,12091724,0.00276517
2023-07-16,euler,0,0.00000000
2023-07-16,compound,1056998693,0.24171717
2023-07-17,aave,2851543293,0.65506941
2023-07-17,morpho,428247116,0.09837886
2023-07-17,spark-lend,12081472,0.00277541
2023-07-17,euler,0,0.00000000
2023-07-17,compound,1061168044,0.24377632
2023-07-18,aave,2818338748,0.65201320
2023-07-18,morpho,424065901,0.09810622
2023-07-18,spark-lend,12061377,0.00279036
2023-07-18,euler,0,0.00000000
2023-07-18,compound,1068051916,0.24709022
2023-07-19,aave,2827177578,0.65526968
2023-07-19,morpho,421131439,0.09760783
2023-07-19,spark-lend,12035050,0.00278943
2023-07-19,euler,0,0.00000000
2023-07-19,compound,1054181199,0.24433306
2023-07-20,aave,2825677850,0.65771795
2023-07-20,morpho,419661233,0.09768230
2023-07-20,spark-lend,12032954,0.00280085
2023-07-20,euler,0,0.00000000
2023-07-20,compound,1038812773,0.24179890
2023-07-21,aave,2832837518,0.65502714
2023-07-21,morpho,439640634,0.10165657
2023-07-21,spark-lend,13222556,0.00305741
2023-07-21,euler,0,0.00000000
2023-07-21,compound,1039062887,0.24025888
2023-07-22,aave,2822694651,0.65244844
2023-07-22,morpho,441035583,0.10194265
2023-07-22,spark-lend,18225712,0.00421276
2023-07-22,euler,0,0.00000000
2023-07-22,compound,1044354703,0.24139615
2023-07-23,aave,2803362523,0.65175577
2023-07-23,morpho,435901352,0.10134302
2023-07-23,spark-lend,17840063,0.00414765
2023-07-23,euler,0,0.00000000
2023-07-23,compound,1044142996,0.24275356
2023-07-24,aave,2815757349,0.64987416
2023-07-24,morpho,440838117,0.10174502
2023-07-24,spark-lend,17882908,0.00412736
2023-07-24,euler,0,0.00000000
2023-07-24,compound,1058294831,0.24425346
2023-07-25,aave,2792573057,0.64916881
2023-07-25,morpho,434986835,0.10111817
2023-07-25,spark-lend,17819526,0.00414237
2023-07-25,euler,0,0.00000000
2023-07-25,compound,1056387727,0.24557065
2023-07-26,aave,2797711404,0.65876348
2023-07-26,morpho,436858209,0.10286488
2023-07-26,spark-lend,18834241,0.00443481
2023-07-26,euler,0,0.00000000
2023-07-26,compound,993509458,0.23393683
2023-07-27,aave,2809263549,0.65882188
2023-07-27,morpho,441439546,0.10352536
2023-07-27,spark-lend,18878692,0.00442739
2023-07-27,euler,0,0.00000000
2023-07-27,compound,994489658,0.23322537
2023-07-28,aave,2820209010,0.65927710
2023-07-28,morpho,443059265,0.10357347
2023-07-28,spark-lend,18840241,0.00440426
2023-07-28,euler,0,0.00000000
2023-07-28,compound,995620865,0.23274517
2023-07-29,aave,2835596365,0.65950325
2023-07-29,morpho,434622462,0.10108453
2023-07-29,spark-lend,18850811,0.00438432
2023-07-29,euler,0,0.00000000
2023-07-29,compound,1010524598,0.23502790
2023-07-30,aave,2844873114,0.65980026
2023-07-30,morpho,435723678,0.10105568
2023-07-30,spark-lend,18863798,0.00437501
2023-07-30,euler,0,0.00000000
2023-07-30,compound,1012258133,0.23476905
2023-07-31,aave,2786689130,0.65699752
2023-07-31,morpho,423545393,0.09985623
2023-07-31,spark-lend,22862161,0.00539005
2023-07-31,euler,0,0.00000000
2023-07-31,compound,1008455311,0.23775620
2023-08-01,aave,2686705149,0.64895777
2023-08-01,morpho,392946761,0.09491397
2023-08-01,spark-lend,22835355,0.00551575
2023-08-01,euler,0,0.00000000
2023-08-01,compound,1037543535,0.25061251
2023-08-02,aave,2553177954,0.63089217
2023-08-02,morpho,391078490,0.09663579
2023-08-02,spark-lend,23778193,0.00587561
2023-08-02,euler,0,0.00000000
2023-08-02,compound,1078897727,0.26659643
2023-08-03,aave,2531697614,0.62817250
2023-08-03,morpho,386178692,0.09581983
2023-08-03,spark-lend,23880858,0.00592539
2023-08-03,euler,0,0.00000000
2023-08-03,compound,1088501438,0.27008228
2023-08-04,aave,2518866833,0.62724586
2023-08-04,morpho,389707753,0.09704466
2023-08-04,spark-lend,23894429,0.00595017
2023-08-04,euler,0,0.00000000
2023-08-04,compound,1083287799,0.26975931
2023-08-05,aave,2518483903,0.62477533
2023-08-05,morpho,388875206,0.09647059
2023-08-05,spark-lend,23952907,0.00594214
2023-08-05,euler,0,0.00000000
2023-08-05,compound,1099711266,0.27281194
2023-08-06,aave,2505424180,0.62489272
2023-08-06,morpho,389953484,0.09726061
2023-08-06,spark-lend,23857206,0.00595037
2023-08-06,euler,0,0.00000000
2023-08-06,compound,1090132030,0.27189630
2023-08-07,aave,2500711923,0.62179932
2023-08-07,morpho,391306440,0.09729792
2023-08-07,spark-lend,32155619,0.00799546
2023-08-07,euler,0,0.00000000
2023-08-07,compound,1097560766,0.27290730
2023-08-08,aave,2507633100,0.61635736
2023-08-08,morpho,389003214,0.09561406
2023-08-08,spark-lend,88368363,0.02172028
2023-08-08,euler,0,0.00000000
2023-08-08,compound,1083468055,0.26630830
2023-08-09,aave,2479041158,0.60592885
2023-08-09,morpho,391403261,0.09566704
2023-08-09,spark-lend,157807504,0.03857141
2023-08-09,euler,0,0.00000000
2023-08-09,compound,1063055402,0.25983270
2023-08-10,aave,2480261062,0.60513923
2023-08-10,morpho,390373597,0.09524416
2023-08-10,spark-lend,171507928,0.04184486
2023-08-10,euler,0,0.00000000
2023-08-10,compound,1056519236,0.25777175
2023-08-11,aave,2466790017,0.59611071
2023-08-11,morpho,389310619,0.09407863
2023-08-11,spark-lend,208003641,0.05026500
2023-08-11,euler,0,0.00000000
2023-08-11,compound,1074036470,0.25954566
2023-08-12,aave,2541739875,0.59807789
2023-08-12,morpho,386100857,0.09085052
2023-08-12,spark-lend,209254096,0.04923802
2023-08-12,euler,0,0.00000000
2023-08-12,compound,1112752767,0.26183357
2023-08-13,aave,2490053839,0.59904645
2023-08-13,morpho,387304402,0.09317603
2023-08-13,spark-lend,207032390,0.04980696
2023-08-13,euler,0,0.00000000
2023-08-13,compound,1072305129,0.25797056
2023-08-14,aave,2479633142,0.59801914
2023-08-14,morpho,382560554,0.09226306
2023-08-14,spark-lend,209428418,0.05050836
2023-08-14,euler,0,0.00000000
2023-08-14,compound,1074788920,0.25920944
2023-08-15,aave,2482425740,0.59809876
2023-08-15,morpho,379883500,0.09152654
2023-08-15,spark-lend,211379352,0.05092830
2023-08-15,euler,0,0.00000000
2023-08-15,compound,1076839563,0.25944640
2023-08-16,aave,2481951424,0.59585308
2023-08-16,morpho,385001454,0.09242901
2023-08-16,spark-lend,211238954,0.05071307
2023-08-16,euler,0,0.00000000
2023-08-16,compound,1087183000,0.26100484
2023-08-17,aave,2453055283,0.59448680
2023-08-17,morpho,380714721,0.09226448
2023-08-17,spark-lend,209880481,0.05086358
2023-08-17,euler,0,0.00000000
2023-08-17,compound,1082690568,0.26238514
2023-08-18,aave,2389821675,0.60115796
2023-08-18,morpho,356359023,0.08964186
2023-08-18,spark-lend,204856791,0.05153158
2023-08-18,euler,0,0.00000000
2023-08-18,compound,1024326438,0.25766860
2023-08-19,aave,2304402977,0.60117796
2023-08-19,morpho,406303101,0.10599729
2023-08-19,spark-lend,209895837,0.05475811
2023-08-19,euler,0,0.00000000
2023-08-19,compound,912544247,0.23806664
2023-08-20,aave,2307600207,0.60123614
2023-08-20,morpho,407858326,0.10626588
2023-08-20,spark-lend,210859213,0.05493854
2023-08-20,euler,0,0.00000000
2023-08-20,compound,911775235,0.23755944
2023-08-21,aave,2326131233,0.61409911
2023-08-21,morpho,409652351,0.10814830
2023-08-21,spark-lend,139536356,0.03683763
2023-08-21,euler,0,0.00000000
2023-08-21,compound,912555968,0.24091496
2023-08-22,aave,2319564945,0.61495194
2023-08-22,morpho,406137154,0.10767314
2023-08-22,spark-lend,134723637,0.03571728
2023-08-22,euler,0,0.00000000
2023-08-22,compound,911519361,0.24165764
2023-08-23,aave,2292482508,0.61114185
2023-08-23,morpho,400972378,0.10689329
2023-08-23,spark-lend,144461622,0.03851133
2023-08-23,euler,0,0.00000000
2023-08-23,compound,913229793,0.24345353
2023-08-24,aave,2322523442,0.61202875
2023-08-24,morpho,416141334,0.10966109
2023-08-24,spark-lend,140161582,0.03693522
2023-08-24,euler,0,0.00000000
2023-08-24,compound,915968337,0.24137494
2023-08-25,aave,2311626990,0.60341302
2023-08-25,morpho,421474307,0.11001908
2023-08-25,spark-lend,203133866,0.05302483
2023-08-25,euler,0,0.00000000
2023-08-25,compound,894684825,0.23354307
2023-08-26,aave,2303347082,0.60984709
2023-08-26,morpho,421774336,0.11167134
2023-08-26,spark-lend,155085501,0.04106131
2023-08-26,euler,0,0.00000000
2023-08-26,compound,896718692,0.23742026
2023-08-27,aave,2310361994,0.60027282
2023-08-27,morpho,423343861,0.10999221
2023-08-27,spark-lend,217414339,0.05648808
2023-08-27,euler,0,0.00000000
2023-08-27,compound,897733028,0.23324689
2023-08-28,aave,2319646408,0.59907312
2023-08-28,morpho,430727588,0.11123994
2023-08-28,spark-lend,223120599,0.05762325
2023-08-28,euler,0,0.00000000
2023-08-28,compound,898564302,0.23206369
2023-08-29,aave,2411083166,0.61020422
2023-08-29,morpho,423336963,0.10713940
2023-08-29,spark-lend,219096575,0.05544962
2023-08-29,euler,0,0.00000000
2023-08-29,compound,897755797,0.22720676
2023-08-30,aave,2467323706,0.61196471
2023-08-30,morpho,442968239,0.10986841
2023-08-30,spark-lend,220182896,0.05461146
2023-08-30,euler,0,0.00000000
2023-08-30,compound,901332360,0.22355542
2023-08-31,aave,2457951499,0.60982019
2023-08-31,morpho,444001614,0.11015724
2023-08-31,spark-lend,225999385,0.05607067
2023-08-31,euler,0,0.00000000
2023-08-31,compound,902664310,0.22395190
2023-09-01,aave,2421135279,0.60855479
2023-09-01,morpho,432396462,0.10868329
2023-09-01,spark-lend,216676662,0.05446190
2023-09-01,euler,0,0.00000000
2023-09-01,compound,908291654,0.22830002
2023-09-02,aave,2402483737,0.60725732
2023-09-02,morpho,430300338,0.10876370
2023-09-02,spark-lend,218468693,0.05522065
2023-09-02,euler,0,0.00000000
2023-09-02,compound,905033409,0.22875833
2023-09-03,aave,2413635090,0.60924698
2023-09-03,morpho,425272409,0.10734677
2023-09-03,spark-lend,220300701,0.05560805
2023-09-03,euler,0,0.00000000
2023-09-03,compound,902461132,0.22779820
2023-09-04,aave,2412637228,0.60891997
2023-09-04,morpho,424678652,0.10718367
2023-09-04,spark-lend,226815716,0.05724550
2023-09-04,euler,0,0.00000000
2023-09-04,compound,898026590,0.22665086
2023-09-05,aave,2419315046,0.60762231
2023-09-05,morpho,435543376,0.10938876
2023-09-05,spark-lend,223206537,0.05605937
2023-09-05,euler,0,0.00000000
2023-09-05,compound,903544987,0.22692956
2023-09-06,aave,2409359345,0.60801985
2023-09-06,morpho,419606709,0.10589089
2023-09-06,spark-lend,227131255,0.05731827
2023-09-06,euler,0,0.00000000
2023-09-06,compound,906535409,0.22877099
2023-09-07,aave,2397350572,0.59983507
2023-09-07,morpho,449702196,0.11251886
2023-09-07,spark-lend,232953944,0.05828682
2023-09-07,euler,0,0.00000000
2023-09-07,compound,916676164,0.22935925
2023-09-08,aave,2450841096,0.60381906
2023-09-08,morpho,460528112,0.11346131
2023-09-08,spark-lend,233356627,0.05749258
2023-09-08,euler,0,0.00000000
2023-09-08,compound,914174005,0.22522705
2023-09-09,aave,2439042520,0.60407552
2023-09-09,morpho,456409297,0.11303849
2023-09-09,spark-lend,234023612,0.05796042
2023-09-09,euler,0,0.00000000
2023-09-09,compound,908169590,0.22492557
2023-09-10,aave,2434673327,0.60432635
2023-09-10,morpho,456158428,0.11322610
2023-09-10,spark-lend,233887332,0.05805472
2023-09-10,euler,0,0.00000000
2023-09-10,compound,904020262,0.22439283
2023-09-11,aave,2421667535,0.60344697
2023-09-11,morpho,451495706,0.11250666
2023-09-11,spark-lend,236685928,0.05897895
2023-09-11,euler,0,0.00000000
2023-09-11,compound,903208564,0.22506742
2023-09-12,aave,2377230346,0.60105888
2023-09-12,morpho,424270989,0.10727267
2023-09-12,spark-lend,240890194,0.06090667
2023-09-12,euler,0,0.00000000
2023-09-12,compound,912679165,0.23076178
2023-09-13,aave,2401279767,0.60276535
2023-09-13,morpho,431363465,0.10828016
2023-09-13,spark-lend,237900680,0.05971744
2023-09-13,euler,0,0.00000000
2023-09-13,compound,913228181,0.22923705
2023-09-14,aave,2416316505,0.60304792
2023-09-14,morpho,434376572,0.10840877
2023-09-14,spark-lend,245608352,0.06129727
2023-09-14,euler,0,0.00000000
2023-09-14,compound,910538510,0.22724604
2023-09-15,aave,2434769227,0.60506518
2023-09-15,morpho,438578637,0.10899130
2023-09-15,spark-lend,245426815,0.06099109
2023-09-15,euler,0,0.00000000
2023-09-15,compound,905203768,0.22495243
2023-09-16,aave,2452504559,0.60512570
2023-09-16,morpho,453233653,0.11182990
2023-09-16,spark-lend,244026626,0.06021061
2023-09-16,euler,0,0.00000000
2023-09-16,compound,903119616,0.22283379
2023-09-17,aave,2442475503,0.60506708
2023-09-17,morpho,448487307,0.11110241
2023-09-17,spark-lend,244845695,0.06065488
2023-09-17,euler,0,0.00000000
2023-09-17,compound,900893509,0.22317563
2023-09-18,aave,2471485840,0.60704722
2023-09-18,morpho,446026968,0.10955330
2023-09-18,spark-lend,241546059,0.05932863
2023-09-18,euler,0,0.00000000
2023-09-18,compound,912265028,0.22407085
2023-09-19,aave,2472501555,0.60711597
2023-09-19,morpho,472553614,0.11603424
2023-09-19,spark-lend,203144706,0.04988163
2023-09-19,euler,0,0.00000000
2023-09-19,compound,924335969,0.22696816
2023-09-20,aave,2502712226,0.60997967
2023-09-20,morpho,475626680,0.11592328
2023-09-20,spark-lend,202642019,0.04938942
2023-09-20,euler,0,0.00000000
2023-09-20,compound,921962723,0.22470763
2023-09-21,aave,2479815341,0.61051024
2023-09-21,morpho,471942409,0.11618836
2023-09-21,spark-lend,202329020,0.04981175
2023-09-21,euler,0,0.00000000
2023-09-21,compound,907786696,0.22348965
2023-09-22,aave,2456720841,0.61014766
2023-09-22,morpho,461146410,0.11452966
2023-09-22,spark-lend,198439818,0.04928423
2023-09-22,euler,0,0.00000000
2023-09-22,compound,910129480,0.22603845
2023-09-23,aave,2478237535,0.61421741
2023-09-23,morpho,464317857,0.11507860
2023-09-23,spark-lend,196733144,0.04875922
2023-09-23,euler,0,0.00000000
2023-09-23,compound,895500298,0.22194477
2023-09-24,aave,2482214475,0.61502517
2023-09-24,morpho,462456843,0.11458422
2023-09-24,spark-lend,196766912,0.04875348
2023-09-24,euler,0,0.00000000
2023-09-24,compound,894517688,0.22163713
2023-09-25,aave,2463392016,0.61427270
2023-09-25,morpho,457116115,0.11398671
2023-09-25,spark-lend,192040059,0.04788721
2023-09-25,euler,0,0.00000000
2023-09-25,compound,897709823,0.22385338
2023-09-26,aave,2471656847,0.61443250
2023-09-26,morpho,462998783,0.11509749
2023-09-26,spark-lend,191709186,0.04765724
2023-09-26,euler,0,0.00000000
2023-09-26,compound,896301347,0.22281277
2023-09-27,aave,2474893394,0.61427125
2023-09-27,morpho,462614918,0.11482153
2023-09-27,spark-lend,193385267,0.04799843
2023-09-27,euler,0,0.00000000
2023-09-27,compound,898097531,0.22290879
2023-09-28,aave,2490945845,0.61466607
2023-09-28,morpho,478260098,0.11801551
2023-09-28,spark-lend,197326967,0.04869242
2023-09-28,euler,0,0.00000000
2023-09-28,compound,885985950,0.21862600
2023-09-29,aave,2537121903,0.61631108
2023-09-29,morpho,496713029,0.12066024
2023-09-29,spark-lend,199429650,0.04844493
2023-09-29,euler,0,0.00000000
2023-09-29,compound,883360905,0.21458375
2023-09-30,aave,2547779379,0.61053378
2023-09-30,morpho,521399352,0.12494485
2023-09-30,spark-lend,217241788,0.05205845
2023-09-30,euler,0,0.00000000
2023-09-30,compound,886615359,0.21246292
2023-10-01,aave,2520363154,0.60577208
2023-10-01,morpho,524326791,0.12602253
2023-10-01,spark-lend,220747886,0.05305700
2023-10-01,euler,0,0.00000000
2023-10-01,compound,895142110,0.21514839
2023-10-02,aave,2552894954,0.60715406
2023-10-02,morpho,541773739,0.12884985
2023-10-02,spark-lend,218433145,0.05194987
2023-10-02,euler,0,0.00000000
2023-10-02,compound,891588755,0.21204622
2023-10-03,aave,2548617347,0.61263964
2023-10-03,morpho,524076708,0.12597818
2023-10-03,spark-lend,216431406,0.05202604
2023-10-03,euler,0,0.00000000
2023-10-03,compound,870934038,0.20935614
2023-10-04,aave,2533338462,0.60841830
2023-10-04,morpho,525185454,0.12613097
2023-10-04,spark-lend,218143226,0.05239029
2023-10-04,euler,0,0.00000000
2023-10-04,compound,887143275,0.21306044
2023-10-05,aave,2551281935,0.60952766
2023-10-05,morpho,528295297,0.12621521
2023-10-05,spark-lend,224901326,0.05373125
2023-10-05,euler,0,0.00000000
2023-10-05,compound,881191919,0.21052588
2023-10-06,aave,2536270892,0.60830621
2023-10-06,morpho,524019016,0.12568217
2023-10-06,spark-lend,225319232,0.05404119
2023-10-06,euler,0,0.00000000
2023-10-06,compound,883789167,0.21197043
2023-10-07,aave,2567760830,0.60855427
2023-10-07,morpho,537162745,0.12730651
2023-10-07,spark-lend,230805064,0.05470035
2023-10-07,euler,0,0.00000000
2023-10-07,compound,883715668,0.20943887
2023-10-08,aave,2564970883,0.60770183
2023-10-08,morpho,533590908,0.12642022
2023-10-08,spark-lend,231323395,0.05480594
2023-10-08,euler,0,0.00000000
2023-10-08,compound,890886834,0.21107201
2023-10-09,aave,2554249527,0.60642668
2023-10-09,morpho,531798635,0.12625896
2023-10-09,spark-lend,229857172,0.05457240
2023-10-09,euler,0,0.00000000
2023-10-09,compound,896062251,0.21274196
2023-10-10,aave,2530066718,0.60742290
2023-10-10,morpho,518605929,0.12450783
2023-10-10,spark-lend,229363564,0.05506601
2023-10-10,euler,0,0.00000000
2023-10-10,compound,887211279,0.21300326
2023-10-11,aave,2489158909,0.60665860
2023-10-11,morpho,512343650,0.12486856
2023-10-11,spark-lend,227254309,0.05538649
2023-10-11,euler,0,0.00000000
2023-10-11,compound,874306848,0.21308635
2023-10-12,aave,2480307365,0.60562156
2023-10-12,morpho,509347828,0.12436847
2023-10-12,spark-lend,234273381,0.05720300
2023-10-12,kamino,1,0.00000000
2023-10-12,euler,0,0.00000000
2023-10-12,compound,871545420,0.21280697
2023-10-13,aave,2505674742,0.61790452
2023-10-13,morpho,471808598,0.11634897
2023-10-13,spark-lend,235379189,0.05804499
2023-10-13,kamino,54,0.00000001
2023-10-13,euler,0,0.00000000
2023-10-13,compound,842253778,0.20770151
2023-10-14,aave,2479066483,0.61351512
2023-10-14,morpho,474180773,0.11734944
2023-10-14,spark-lend,239003647,0.05914821
2023-10-14,kamino,249,0.00000006
2023-10-14,euler,0,0.00000000
2023-10-14,compound,848507415,0.20998717
2023-10-15,aave,2488407589,0.61424701
2023-10-15,morpho,474772895,0.11719456
2023-10-15,spark-lend,237717590,0.05867902
2023-10-15,kamino,256,0.00000006
2023-10-15,euler,0,0.00000000
2023-10-15,compound,850253021,0.20987935
2023-10-16,aave,2496144370,0.61374371
2023-10-16,morpho,475520416,0.11691938
2023-10-16,spark-lend,237762759,0.05846032
2023-10-16,kamino,494,0.00000012
2023-10-16,euler,0,0.00000000
2023-10-16,compound,857651335,0.21087647
2023-10-17,aave,2538688099,0.61677473
2023-10-17,morpho,480519501,0.11674230
2023-10-17,spark-lend,236302760,0.05740980
2023-10-17,kamino,715,0.00000017
2023-10-17,euler,0,0.00000000
2023-10-17,compound,860559137,0.20907300
2023-10-18,aave,2509709988,0.62017309
2023-10-18,morpho,440979991,0.10897033
2023-10-18,spark-lend,238382331,0.05890653
2023-10-18,kamino,741,0.00000018
2023-10-18,euler,0,0.00000000
2023-10-18,compound,857716522,0.21194987
2023-10-19,aave,2518978891,0.62011387
2023-10-19,morpho,446990385,0.11003861
2023-10-19,spark-lend,239410553,0.05893730
2023-10-19,kamino,760,0.00000019
2023-10-19,euler,0,0.00000000
2023-10-19,compound,856742524,0.21091003
2023-10-20,aave,2531386010,0.61959788
2023-10-20,morpho,443122780,0.10846150
2023-10-20,spark-lend,255511769,0.06254066
2023-10-20,kamino,3761,0.00000092
2023-10-20,euler,0,0.00000000
2023-10-20,compound,855506139,0.20939904
2023-10-21,aave,2572377209,0.61935437
2023-10-21,morpho,455421786,0.10965245
2023-10-21,spark-lend,256274757,0.06170358
2023-10-21,kamino,13938,0.00000336
2023-10-21,euler,0,0.00000000
2023-10-21,compound,869232825,0.20928624
2023-10-22,aave,2596065768,0.61855179
2023-10-22,morpho,469658926,0.11190332
2023-10-22,spark-lend,267104536,0.06364168
2023-10-22,kamino,24594,0.00000586
2023-10-22,euler,0,0.00000000
2023-10-22,compound,864152468,0.20589735
2023-10-23,aave,2637629011,0.61913312
2023-10-23,morpho,482095182,0.11316265
2023-10-23,spark-lend,271342741,0.06369253
2023-10-23,kamino,31182,0.00000732
2023-10-23,euler,0,0.00000000
2023-10-23,compound,869098831,0.20400438
2023-10-24,aave,2713664087,0.61733807
2023-10-24,morpho,512305797,0.11654570
2023-10-24,spark-lend,288033188,0.06552537
2023-10-24,kamino,40909,0.00000931
2023-10-24,euler,0,0.00000000
2023-10-24,compound,881706479,0.20058155
2023-10-25,aave,2730100454,0.62044340
2023-10-25,morpho,510072763,0.11591928
2023-10-25,spark-lend,271553714,0.06171337
2023-10-25,kamino,42162,0.00000958
2023-10-25,euler,0,0.00000000
2023-10-25,compound,888471887,0.20191437
2023-10-26,aave,2729873723,0.62114576
2023-10-26,morpho,503030367,0.11445774
2023-10-26,spark-lend,272165967,0.06192768
2023-10-26,kamino,53208,0.00001211
2023-10-26,euler,0,0.00000000
2023-10-26,compound,889777095,0.20245671
2023-10-27,aave,2738002307,0.61976782
2023-10-27,morpho,502537953,0.11375332
2023-10-27,spark-lend,290668317,0.06579500
2023-10-27,kamino,58441,0.00001323
2023-10-27,euler,0,0.00000000
2023-10-27,compound,886520157,0.20067063
2023-10-28,aave,2725587753,0.61713178
2023-10-28,morpho,499590038,0.11311795
2023-10-28,spark-lend,288764221,0.06538244
2023-10-28,kamino,60354,0.00001367
2023-10-28,euler,0,0.00000000
2023-10-28,compound,902538543,0.20435416
2023-10-29,aave,2721964701,0.61808355
2023-10-29,morpho,500375908,0.11362165
2023-10-29,spark-lend,282723234,0.06419869
2023-10-29,kamino,62626,0.00001422
2023-10-29,euler,0,0.00000000
2023-10-29,compound,898751795,0.20408189
2023-10-30,aave,2742652447,0.61844596
2023-10-30,morpho,511413426,0.11531959
2023-10-30,spark-lend,288761749,0.06511344
2023-10-30,kamino,72910,0.00001644
2023-10-30,euler,0,0.00000000
2023-10-30,compound,891848211,0.20110457
2023-10-31,aave,2754792602,0.61618342
2023-10-31,morpho,528976591,0.11831984
2023-10-31,spark-lend,289951063,0.06485535
2023-10-31,kamino,91145,0.00002039
2023-10-31,euler,0,0.00000000
2023-10-31,compound,896923277,0.20062100
2023-11-01,aave,2730644603,0.61592851
2023-11-01,morpho,526187770,0.11868774
2023-11-01,spark-lend,283156621,0.06386925
2023-11-01,kamino,102112,0.00002303
2023-11-01,euler,0,0.00000000
2023-11-01,compound,893288049,0.20149147
2023-11-02,aave,2749350145,0.61522631
2023-11-02,morpho,521749412,0.11675267
2023-11-02,spark-lend,305269389,0.06831060
2023-11-02,kamino,110054,0.00002463
2023-11-02,euler,0,0.00000000
2023-11-02,compound,892364576,0.19968579
2023-11-03,aave,2730804117,0.60675248
2023-11-03,morpho,490509135,0.10898535
2023-11-03,spark-lend,384336435,0.08539502
2023-11-03,kamino,110966,0.00002466
2023-11-03,euler,0,0.00000000
2023-11-03,compound,894928211,0.19884249
2023-11-04,aave,2749268044,0.60477293
2023-11-04,morpho,494813568,0.10884710
2023-11-04,spark-lend,401180701,0.08825012
2023-11-04,kamino,115441,0.00002539
2023-11-04,euler,0,0.00000000
2023-11-04,compound,900573119,0.19810446
2023-11-05,aave,2821046813,0.60076449
2023-11-05,morpho,556074559,0.11842053
2023-11-05,spark-lend,415856638,0.08856000
2023-11-05,kamino,117205,0.00002496
2023-11-05,euler,0,0.00000000
2023-11-05,compound,902666393,0.19223002
2023-11-06,aave,2824548837,0.59982844
2023-11-06,morpho,555102460,0.11788298
2023-11-06,spark-lend,422558270,0.08973556
2023-11-06,kamino,111872,0.00002376
2023-11-06,euler,0,0.00000000
2023-11-06,compound,906606360,0.19252926
2023-11-07,aave,2814631578,0.59716991
2023-11-07,morpho,560496786,0.11891852
2023-11-07,spark-lend,436764274,0.09266665
2023-11-07,kamino,117753,0.00002498
2023-11-07,euler,0,0.00000000
2023-11-07,compound,901273957,0.19121994
2023-11-08,aave,2842955657,0.59835412
2023-11-08,morpho,569720400,0.11990850
2023-11-08,spark-lend,461624908,0.09715775
2023-11-08,kamino,124494,0.00002620
2023-11-08,euler,0,0.00000000
2023-11-08,compound,876867425,0.18455343
2023-11-09,aave,2856906907,0.59829469
2023-11-09,morpho,571295021,0.11964085
2023-11-09,spark-lend,461754846,0.09670090
2023-11-09,kamino,122755,0.00002571
2023-11-09,euler,0,0.00000000
2023-11-09,compound,885003638,0.18533785
2023-11-10,aave,2933046439,0.58833562
2023-11-10,morpho,631497846,0.12667126
2023-11-10,spark-lend,522058526,0.10471898
2023-11-10,kamino,132464,0.00002657
2023-11-10,euler,0,0.00000000
2023-11-10,compound,898593397,0.18024757
2023-11-11,aave,2921352705,0.58588535
2023-11-11,morpho,623015337,0.12494745
2023-11-11,spark-lend,532937126,0.10688201
2023-11-11,kamino,169110,0.00003392
2023-11-11,euler,0,0.00000000
2023-11-11,compound,908744812,0.18225127
2023-11-12,aave,2914340291,0.58472169
2023-11-12,morpho,616031067,0.12359803
2023-11-12,spark-lend,539153272,0.10817358
2023-11-12,kamino,169967,0.00003410
2023-11-12,euler,0,0.00000000
2023-11-12,compound,914454888,0.18347260
2023-11-13,aave,2909371102,0.58246387
2023-11-13,morpho,616098957,0.12334466
2023-11-13,spark-lend,554365812,0.11098552
2023-11-13,kamino,178602,0.00003576
2023-11-13,euler,0,0.00000000
2023-11-13,compound,914923819,0.18317019
2023-11-14,aave,2880211607,0.57972179
2023-11-14,morpho,611841929,0.12315001
2023-11-14,spark-lend,566834570,0.11409104
2023-11-14,kamino,184076,0.00003705
2023-11-14,euler,0,0.00000000
2023-11-14,compound,909193048,0.18300011
2023-11-15,aave,2842859219,0.56611931
2023-11-15,morpho,703684959,0.14012992
2023-11-15,spark-lend,563883897,0.11229032
2023-11-15,kamino,198498,0.00003953
2023-11-15,euler,0,0.00000000
2023-11-15,compound,911034345,0.18142092
2023-11-16,aave,2898104877,0.56846223
2023-11-16,morpho,702562496,0.13780738
2023-11-16,spark-lend,571089603,0.11201902
2023-11-16,kamino,241402,0.00004735
2023-11-16,euler,0,0.00000000
2023-11-16,compound,926150148,0.18166402
2023-11-17,aave,2870749691,0.57496395
2023-11-17,morpho,677333341,0.13565873
2023-11-17,spark-lend,551814151,0.11051930
2023-11-17,kamino,436308,0.00008739
2023-11-17,euler,0,0.00000000
2023-11-17,compound,892587741,0.17877063
2023-11-18,aave,2895476561,0.57660232
2023-11-18,morpho,698324161,0.13906358
2023-11-18,spark-lend,544715960,0.10847419
2023-11-18,kamino,507035,0.00010097
2023-11-18,euler,0,0.00000000
2023-11-18,compound,882594226,0.17575894
2023-11-19,aave,2904372077,0.57377711
2023-11-19,morpho,724177073,0.14306577
2023-11-19,spark-lend,544707825,0.10761048
2023-11-19,kamino,543293,0.00010733
2023-11-19,euler,0,0.00000000
2023-11-19,compound,888046934,0.17543931
2023-11-20,aave,2948834565,0.57483077
2023-11-20,morpho,741750689,0.14459310
2023-11-20,spark-lend,547779826,0.10678141
2023-11-20,kamino,595179,0.00011602
2023-11-20,euler,0,0.00000000
2023-11-20,compound,890957494,0.17367870
2023-11-21,aave,2952691819,0.57377080
2023-11-21,morpho,747494801,0.14525413
2023-11-21,spark-lend,550902783,0.10705212
2023-11-21,kamino,990435,0.00019246
2023-11-21,euler,0,0.00000000
2023-11-21,compound,894037428,0.17373049
2023-11-22,aave,2842673560,0.57014758
2023-11-22,morpho,668490328,0.13407735
2023-11-22,spark-lend,594029861,0.11914301
2023-11-22,kamino,1278613,0.00025645
2023-11-22,euler,0,0.00000000
2023-11-22,compound,879383374,0.17637561
2023-11-23,aave,3004340028,0.57265571
2023-11-23,morpho,712727062,0.13585254
2023-11-23,spark-lend,628430227,0.11978476
2023-11-23,kamino,1955472,0.00037273
2023-11-23,euler,0,0.00000000
2023-11-23,compound,898875763,0.17133426
2023-11-24,aave,2998367534,0.57471959
2023-11-24,morpho,675643693,0.12950569
2023-11-24,spark-lend,631708092,0.12108423
2023-11-24,kamino,2537369,0.00048636
2023-11-24,euler,0,0.00000000
2023-11-24,compound,908839747,0.17420413
2023-11-25,aave,3012610895,0.57867991
2023-11-25,morpho,680942640,0.13079944
2023-11-25,spark-lend,627343992,0.12050390
2023-11-25,kamino,3264388,0.00062704
2023-11-25,euler,0,0.00000000
2023-11-25,compound,881843772,0.16938971
2023-11-26,aave,3018031252,0.57883019
2023-11-26,morpho,679945672,0.13040723
2023-11-26,spark-lend,633507158,0.12150075
2023-11-26,kamino,3458731,0.00066335
2023-11-26,euler,0,0.00000000
2023-11-26,compound,879075545,0.16859848
2023-11-27,aave,2993881236,0.57691391
2023-11-27,morpho,676866702,0.13043063
2023-11-27,spark-lend,635378015,0.12243586
2023-11-27,kamino,3560589,0.00068612
2023-11-27,euler,0,0.00000000
2023-11-27,compound,879790097,0.16953348
2023-11-28,aave,2980062535,0.57707599
2023-11-28,morpho,666189275,0.12900462
2023-11-28,spark-lend,633147434,0.12260621
2023-11-28,kamino,4101311,0.00079420
2023-11-28,euler,0,0.00000000
2023-11-28,compound,880572416,0.17051898
2023-11-29,aave,3001884374,0.57554428
2023-11-29,morpho,680150275,0.13040362
2023-11-29,spark-lend,639222777,0.12255669
2023-11-29,kamino,5271558,0.00101070
2023-11-29,euler,0,0.00000000
2023-11-29,compound,889202440,0.17048471
2023-11-30,aave,2996593082,0.57298604
2023-11-30,morpho,671803427,0.12845721
2023-11-30,spark-lend,666654702,0.12747271
2023-11-30,kamino,6136480,0.00117337
2023-11-30,euler,0,0.00000000
2023-11-30,compound,888596082,0.16991067
2023-12-01,aave,3033739006,0.57156027
2023-12-01,morpho,696992159,0.13131421
2023-12-01,spark-lend,674627456,0.12710067
2023-12-01,kamino,6928084,0.00130526
2023-12-01,euler,0,0.00000000
2023-12-01,compound,895533240,0.16871959
2023-12-02,aave,3048612301,0.56861787
2023-12-02,morpho,705060039,0.13150565
2023-12-02,spark-lend,694381778,0.12951397
2023-12-02,kamino,8093349,0.00150955
2023-12-02,euler,0,0.00000000
2023-12-02,compound,905295549,0.16885296
2023-12-03,aave,3109321827,0.56753890
2023-12-03,morpho,727953865,0.13287211
2023-12-03,spark-lend,723534498,0.13206545
2023-12-03,kamino,8979855,0.00163908
2023-12-03,euler,0,0.00000000
2023-12-03,compound,908815603,0.16588446
2023-12-04,aave,3126811305,0.56464177
2023-12-04,morpho,730474711,0.13190963
2023-12-04,spark-lend,759482474,0.13714788
2023-12-04,kamino,9233014,0.00166730
2023-12-04,euler,0,0.00000000
2023-12-04,compound,911688898,0.16463342
2023-12-05,aave,3166593128,0.56435302
2023-12-05,morpho,747651953,0.13324719
2023-12-05,spark-lend,773195995,0.13779967
2023-12-05,kamino,9656311,0.00172096
2023-12-05,euler,0,0.00000000
2023-12-05,compound,913917353,0.16287916
2023-12-06,aave,3231559800,0.56397306
2023-12-06,morpho,761073838,0.13282290
2023-12-06,spark-lend,787909085,0.13750620
2023-12-06,kamino,11124093,0.00194138
2023-12-06,euler,0,0.00000000
2023-12-06,compound,938322829,0.16375646
2023-12-07,aave,3206395694,0.56361911
2023-12-07,morpho,740879995,0.13023162
2023-12-07,spark-lend,778300924,0.13680946
2023-12-07,kamino,13092619,0.00230142
2023-12-07,euler,0,0.00000000
2023-12-07,compound,950271492,0.16703839
2023-12-08,aave,3281072975,0.56199592
2023-12-08,morpho,778219373,0.13329667
2023-12-08,spark-lend,806691529,0.13817350
2023-12-08,kamino,17873387,0.00306143
2023-12-08,euler,0,0.00000000
2023-12-08,compound,954393308,0.16347248
2023-12-09,aave,3317946797,0.56459171
2023-12-09,morpho,795124249,0.13530071
2023-12-09,spark-lend,785890488,0.13372947
2023-12-09,kamino,22216600,0.00378044
2023-12-09,euler,0,0.00000000
2023-12-09,compound,955540799,0.16259767
2023-12-10,aave,3279187702,0.55687203
2023-12-10,morpho,800452604,0.13593295
2023-12-10,spark-lend,834549439,0.14172328
2023-12-10,kamino,22216600,0.00377283
2023-12-10,euler,0,0.00000000
2023-12-10,compound,952177587,0.16169891
2023-12-11,aave,3291315541,0.55548556
2023-12-11,morpho,801786275,0.13531996
2023-12-11,spark-lend,843867050,0.14242207
2023-12-11,kamino,36418517,0.00614647
2023-12-11,euler,0,0.00000000
2023-12-11,compound,951727063,0.16062594
2023-12-12,aave,3255893569,0.55750584
2023-12-12,morpho,786520205,0.13467566
2023-12-12,spark-lend,823021206,0.14092572
2023-12-12,kamino,36100759,0.00618152
2023-12-12,euler,0,0.00000000
2023-12-12,compound,938570891,0.16071126
2023-12-13,aave,3228383123,0.55572799
2023-12-13,morpho,771510284,0.13280638
2023-12-13,spark-lend,803460431,0.13830622
2023-12-13,kamino,38788094,0.00667691
2023-12-13,euler,0,0.00000000
2023-12-13,compound,967144582,0.16648250
2023-12-14,aave,3309698865,0.55845733
2023-12-14,morpho,797036708,0.13448685
2023-12-14,spark-lend,815700554,0.13763607
2023-12-14,kamino,39944684,0.00674001
2023-12-14,euler,0,0.00000000
2023-12-14,compound,964121922,0.16267974
2023-12-15,aave,3350582462,0.55686632
2023-12-15,morpho,828236188,0.13765273
2023-12-15,spark-lend,818444483,0.13602535
2023-12-15,kamino,42680787,0.00709354
2023-12-15,euler,0,0.00000000
2023-12-15,compound,976908526,0.16236206
2023-12-16,aave,3280208537,0.55630015
2023-12-16,morpho,795821860,0.13496575
2023-12-16,spark-lend,806613253,0.13679590
2023-12-16,kamino,41697699,0.00707163
2023-12-16,euler,0,0.00000000
2023-12-16,compound,972131167,0.16486657
2023-12-17,aave,3300483189,0.55560012
2023-12-17,morpho,798620405,0.13443898
2023-12-17,spark-lend,823622732,0.13864785
2023-12-17,kamino,42354284,0.00712988
2023-12-17,euler,0,0.00000000
2023-12-17,compound,975312617,0.16418317
2023-12-18,aave,3260053039,0.55298538
2023-12-18,morpho,786775871,0.13345659
2023-12-18,spark-lend,824503063,0.13985605
2023-12-18,kamino,45595342,0.00773409
2023-12-18,euler,0,0.00000000
2023-12-18,compound,978441960,0.16596789
2023-12-19,aave,3278255176,0.55037114
2023-12-19,morpho,809580191,0.13591668
2023-12-19,spark-lend,839852006,0.14099888
2023-12-19,kamino,50161350,0.00842136
2023-12-19,euler,0,0.00000000
2023-12-19,compound,978595867,0.16429194
2023-12-20,aave,3246993247,0.55150390
2023-12-20,morpho,797578543,0.13546923
2023-12-20,spark-lend,824237078,0.13999720
2023-12-20,kamino,49392852,0.00838941
2023-12-20,euler,0,0.00000000
2023-12-20,compound,969323752,0.16464026
2023-12-21,aave,3299679694,0.55139396
2023-12-21,morpho,796012462,0.13301790
2023-12-21,spark-lend,858798474,0.14350977
2023-12-21,kamino,53664793,0.00896767
2023-12-21,euler,0,0.00000000
2023-12-21,compound,976095324,0.16311070
2023-12-22,aave,3342675541,0.55223948
2023-12-22,morpho,807529628,0.13341102
2023-12-22,spark-lend,870899830,0.14388033
2023-12-22,kamino,57828038,0.00955370
2023-12-22,euler,0,0.00000000
2023-12-22,compound,974012551,0.16091547
2023-12-23,aave,3397365359,0.55047841
2023-12-23,morpho,837514731,0.13570333
2023-12-23,spark-lend,895823880,0.14515121
2023-12-23,kamino,60423964,0.00979055
2023-12-23,euler,0,0.00000000
2023-12-23,compound,980531640,0.15887650
2023-12-24,aave,3410293957,0.55127648
2023-12-24,morpho,832008873,0.13449483
2023-12-24,spark-lend,907843394,0.14675354
2023-12-24,kamino,63763809,0.01030747
2023-12-24,euler,0,0.00000000
2023-12-24,compound,972267144,0.15716768
2023-12-25,aave,3369928112,0.54998814
2023-12-25,morpho,801180996,0.13075651
2023-12-25,spark-lend,918613720,0.14992208
2023-12-25,kamino,67773413,0.01106094
2023-12-25,euler,0,0.00000000
2023-12-25,compound,969777949,0.15827233
2023-12-26,aave,3382147776,0.54960581
2023-12-26,morpho,804632646,0.13075442
2023-12-26,spark-lend,925299001,0.15036295
2023-12-26,kamino,75611744,0.01228706
2023-12-26,euler,0,0.00000000
2023-12-26,compound,966078874,0.15698976
2023-12-27,aave,3354195194,0.54880596
2023-12-27,morpho,797863701,0.13054468
2023-12-27,spark-lend,924500416,0.15126470
2023-12-27,kamino,73117638,0.01196335
2023-12-27,euler,0,0.00000000
2023-12-27,compound,962128439,0.15742131
2023-12-28,aave,3464697837,0.54797100
2023-12-28,morpho,861821195,0.13630424
2023-12-28,spark-lend,959730446,0.15178941
2023-12-28,kamino,71992529,0.01138622
2023-12-28,euler,0,0.00000000
2023-12-28,compound,964533939,0.15254913
2023-12-29,aave,3455878404,0.54813446
2023-12-29,morpho,837267018,0.13279834
2023-12-29,spark-lend,977485262,0.15503826
2023-12-29,kamino,71693125,0.01137120
2023-12-29,euler,0,0.00000000
2023-12-29,compound,962476626,0.15265774
2023-12-30,aave,3422581081,0.54761437
2023-12-30,morpho,813079024,0.13009298
2023-12-30,spark-lend,978163715,0.15650659
2023-12-30,kamino,75413640,0.01206621
2023-12-30,euler,0,0.00000000
2023-12-30,compound,960746596,0.15371985
2023-12-31,aave,3400109612,0.54495358
2023-12-31,morpho,813026527,0.13030807
2023-12-31,spark-lend,1016559207,0.16292933
2023-12-31,kamino,73567990,0.01179113
2023-12-31,euler,0,0.00000000
2023-12-31,compound,936001266,0.15001789
2024-01-01,aave,3407864514,0.54491258
2024-01-01,morpho,814278656,0.13020197
2024-01-01,spark-lend,1029397578,0.16459918
2024-01-01,kamino,75243402,0.01203131
2024-01-01,euler,0,0.00000000
2024-01-01,compound,927181400,0.14825496
2024-01-02,aave,3463958039,0.54433204
2024-01-02,morpho,849188113,0.13344281
2024-01-02,spark-lend,1037392673,0.16301758
2024-01-02,kamino,80315006,0.01262083
2024-01-02,euler,0,0.00000000
2024-01-02,compound,932831900,0.14658674
2024-01-03,aave,3465826352,0.54336392
2024-01-03,morpho,836808989,0.13119290
2024-01-03,spark-lend,1053544940,0.16517224
2024-01-03,kamino,81412766,0.01276370
2024-01-03,euler,0,0.00000000
2024-01-03,compound,940869392,0.14750724
2024-01-04,aave,3326955144,0.53815344
2024-01-04,morpho,787317109,0.12735291
2024-01-04,spark-lend,1046983040,0.16935531
2024-01-04,kamino,79742149,0.01289873
2024-01-04,euler,0,0.00000000
2024-01-04,compound,941170843,0.15223961
2024-01-05,aave,3375029497,0.53796468
2024-01-05,morpho,809574530,0.12904258
2024-01-05,spark-lend,1068091867,0.17024909
2024-01-05,kamino,83191051,0.01326028
2024-01-05,euler,0,0.00000000
2024-01-05,compound,937814004,0.14948337
2024-01-06,aave,3436092992,0.54170792
2024-01-06,morpho,808533676,0.12746718
2024-01-06,spark-lend,1072393116,0.16906523
2024-01-06,kamino,79345705,0.01250903
2024-01-06,euler,0,0.00000000
2024-01-06,compound,946707705,0.14925064
2024-01-07,aave,3416912529,0.54279636
2024-01-07,morpho,799109152,0.12694312
2024-01-07,spark-lend,1067718987,0.16961335
2024-01-07,kamino,79455359,0.01262194
2024-01-07,euler,0,0.00000000
2024-01-07,compound,931821379,0.14802523
2024-01-08,aave,3415454360,0.54471932
2024-01-08,morpho,792054439,0.12632210
2024-01-08,spark-lend,1052322549,0.16783138
2024-01-08,kamino,79511805,0.01268107
2024-01-08,euler,0,0.00000000
2024-01-08,compound,930774713,0.14844613
2024-01-09,aave,3471114589,0.54589863
2024-01-09,morpho,818880544,0.12878450
2024-01-09,spark-lend,1079166312,0.16971938
2024-01-09,kamino,82391428,0.01295762
2024-01-09,euler,0,0.00000000
2024-01-09,compound,906980358,0.14263987
2024-01-10,aave,3486838858,0.54544484
2024-01-10,morpho,850407375,0.13302889
2024-01-10,spark-lend,1076524685,0.16840033
2024-01-10,kamino,81337734,0.01272363
2024-01-10,euler,0,0.00000000
2024-01-10,compound,897543044,0.14040231
2024-01-11,aave,3680797618,0.54552135
2024-01-11,morpho,924297140,0.13698765
2024-01-11,spark-lend,1128549346,0.16725934
2024-01-11,kamino,84154150,0.01247227
2024-01-11,euler,0,0.00000000
2024-01-11,compound,929504305,0.13775939
2024-01-12,aave,3750876532,0.54679131
2024-01-12,morpho,930365831,0.13562589
2024-01-12,spark-lend,1176807816,0.17155144
2024-01-12,kamino,84443406,0.01230990
2024-01-12,euler,0,0.00000000
2024-01-12,compound,917301866,0.13372146
2024-01-13,aave,3651594452,0.54346487
2024-01-13,morpho,898355950,0.13370184
2024-01-13,spark-lend,1165614138,0.17347774
2024-01-13,kamino,78876944,0.01173921
2024-01-13,euler,0,0.00000000
2024-01-13,compound,924657810,0.13761634
2024-01-14,aave,3690872633,0.54189468
2024-01-14,morpho,926360644,0.13600846
2024-01-14,spark-lend,1187931231,0.17441231
2024-01-14,kamino,81577150,0.01197717
2024-01-14,euler,0,0.00000000
2024-01-14,compound,924309937,0.13570738
2024-01-15,aave,3656245340,0.54523274
2024-01-15,morpho,900512919,0.13428779
2024-01-15,spark-lend,1173756594,0.17503490
2024-01-15,kamino,82730700,0.01233711
2024-01-15,euler,0,0.00000000
2024-01-15,compound,892597825,0.13310746
2024-01-16,aave,3684759249,0.54438429
2024-01-16,morpho,914167474,0.13505860
2024-01-16,spark-lend,1187343800,0.17541752
2024-01-16,kamino,85263520,0.01259679
2024-01-16,euler,0,0.00000000
2024-01-16,compound,897138945,0.13254280
2024-01-17,aave,3739386115,0.54559309
2024-01-17,morpho,935221547,0.13645299
2024-01-17,spark-lend,1203210334,0.17555375
2024-01-17,kamino,88140657,0.01286011
2024-01-17,euler,0,0.00000000
2024-01-17,compound,887841720,0.12954006
2024-01-18,aave,3719144340,0.54779607
2024-01-18,morpho,911674635,0.13428137
2024-01-18,spark-lend,1185373648,0.17459474
2024-01-18,kamino,90815091,0.01337624
2024-01-18,euler,0,0.00000000
2024-01-18,compound,882278602,0.12995158
2024-01-19,aave,3710309314,0.54974158
2024-01-19,morpho,889026554,0.13172348
2024-01-19,spark-lend,1185750939,0.17568794
2024-01-19,kamino,89005763,0.01318763
2024-01-19,euler,0,0.00000000
2024-01-19,compound,875095449,0.12965937
2024-01-20,aave,3716642604,0.54724510
2024-01-20,morpho,897631016,0.13216879
2024-01-20,spark-lend,1192965429,0.17565436
2024-01-20,kamino,98009736,0.01443113
2024-01-20,euler,0,0.00000000
2024-01-20,compound,886301518,0.13050062
2024-01-21,aave,3695340256,0.54641789
2024-01-21,morpho,900659429,0.13317757
2024-01-21,spark-lend,1183182229,0.17495329
2024-01-21,kamino,103416040,0.01529179
2024-01-21,euler,0,0.00000000
2024-01-21,compound,880248462,0.13015946
2024-01-22,aave,3727652107,0.54975899
2024-01-22,morpho,852977464,0.12579823
2024-01-22,spark-lend,1211385846,0.17865676
2024-01-22,kamino,107300948,0.01582488
2024-01-22,euler,0,0.00000000
2024-01-22,compound,881204197,0.12996114
2024-01-23,aave,3592462790,0.54461051
2024-01-23,morpho,870762638,0.13200596
2024-01-23,spark-lend,1171087004,0.17753456
2024-01-23,kamino,105349769,0.01597082
2024-01-23,euler,0,0.00000000
2024-01-23,compound,856726786,0.12987815
2024-01-24,aave,3459918365,0.53752924
2024-01-24,morpho,866985252,0.13469391
2024-01-24,spark-lend,1130807910,0.17568111
2024-01-24,kamino,108353620,0.01683370
2024-01-24,euler,0,0.00000000
2024-01-24,compound,870642131,0.13526204
2024-01-25,aave,3445214749,0.53667143
2024-01-25,morpho,865068640,0.13475434
2024-01-25,spark-lend,1120473964,0.17453959
2024-01-25,kamino,118031168,0.01838607
2024-01-25,euler,0,0.00000000
2024-01-25,compound,870809257,0.13564857
2024-01-26,aave,3479623531,0.54105309
2024-01-26,morpho,858189413,0.13344146
2024-01-26,spark-lend,1105053887,0.17182687
2024-01-26,kamino,121632597,0.01891288
2024-01-26,euler,0,0.00000000
2024-01-26,compound,866705969,0.13476570
2024-01-27,aave,3533804938,0.54164822
2024-01-27,morpho,880168669,0.13490891
2024-01-27,spark-lend,1114600470,0.17084173
2024-01-27,kamino,125517578,0.01923886
2024-01-27,euler,0,0.00000000
2024-01-27,compound,870078166,0.13336228
2024-01-28,aave,3554882675,0.54279791
2024-01-28,morpho,881404318,0.13458234
2024-01-28,spark-lend,1116004488,0.17040363
2024-01-28,kamino,131406809,0.02006461
2024-01-28,euler,0,0.00000000
2024-01-28,compound,865484450,0.13215151
2024-01-29,aave,3553273770,0.54225375
2024-01-29,morpho,875558381,0.13361617
2024-01-29,spark-lend,1115836036,0.17028417
2024-01-29,kamino,140677487,0.02146834
2024-01-29,euler,0,0.00000000
2024-01-29,compound,867442098,0.13237757
2024-01-30,aave,3604791197,0.54040370
2024-01-30,morpho,897049841,0.13447909
2024-01-30,spark-lend,1146117737,0.17181752
2024-01-30,kamino,147167168,0.02206222
2024-01-30,euler,0,0.00000000
2024-01-30,compound,875426425,0.13123747
2024-01-31,aave,3625182877,0.54253044
2024-01-31,morpho,907366823,0.13579291
2024-01-31,spark-lend,1127564354,0.16874679
2024-01-31,kamino,147582193,0.02208656
2024-01-31,euler,0,0.00000000
2024-01-31,compound,874293556,0.13084330
2024-02-01,aave,3587197948,0.53836176
2024-02-01,morpho,895054320,0.13432853
2024-02-01,spark-lend,1181131524,0.17726260
2024-02-01,kamino,145727485,0.02187058
2024-02-01,euler,0,0.00000000
2024-02-01,compound,854062513,0.12817653
2024-02-02,aave,3631077550,0.53774052
2024-02-02,morpho,916872287,0.13578321
2024-02-02,spark-lend,1187030987,0.17579208
2024-02-02,kamino,153633768,0.02275223
2024-02-02,euler,0,0.00000000
2024-02-02,compound,863856956,0.12793196
2024-02-03,aave,3656461291,0.53803589
2024-02-03,morpho,919969881,0.13537045
2024-02-03,spark-lend,1192648260,0.17549415
2024-02-03,kamino,162097655,0.02385212
2024-02-03,euler,0,0.00000000
2024-02-03,compound,864765971,0.12724739
2024-02-04,aave,3643853132,0.53768323
2024-02-04,morpho,914860033,0.13499581
2024-02-04,spark-lend,1192208010,0.17592099
2024-02-04,kamino,164671931,0.02429882
2024-02-04,euler,0,0.00000000
2024-02-04,compound,861358376,0.12710115
2024-02-05,aave,3655769012,0.53977280
2024-02-05,morpho,912068021,0.13466647
2024-02-05,spark-lend,1187180009,0.17528664
2024-02-05,kamino,165260786,0.02440069
2024-02-05,euler,0,0.00000000
2024-02-05,compound,852514332,0.12587340
2024-02-06,aave,3668202878,0.53870254
2024-02-06,morpho,882966592,0.12967013
2024-02-06,spark-lend,1221565963,0.17939594
2024-02-06,kamino,165698249,0.02433401
2024-02-06,euler,0,0.00000000
2024-02-06,compound,870895371,0.12789738
2024-02-07,aave,3744819274,0.54143343
2024-02-07,morpho,906907683,0.13112252
2024-02-07,spark-lend,1219643947,0.17633855
2024-02-07,kamino,170878548,0.02470596
2024-02-07,euler,0,0.00000000
2024-02-07,compound,874241195,0.12639954
2024-02-08,aave,3813112874,0.54420232
2024-02-08,morpho,926961647,0.13229471
2024-02-08,spark-lend,1221642075,0.17435111
2024-02-08,kamino,179789943,0.02565938
2024-02-08,euler,0,0.00000000
2024-02-08,compound,865286256,0.12349248
2024-02-09,aave,3833290471,0.54616431
2024-02-09,morpho,926212209,0.13196601
2024-02-09,spark-lend,1210556904,0.17247923
2024-02-09,kamino,184585964,0.02629967
2024-02-09,euler,0,0.00000000
2024-02-09,compound,863920885,0.12309078
2024-02-10,aave,3920818019,0.54869225
2024-02-10,morpho,951518904,0.13315870
2024-02-10,spark-lend,1195659644,0.16732457
2024-02-10,kamino,191806097,0.02684198
2024-02-10,euler,0,0.00000000
2024-02-10,compound,885947998,0.12398250
2024-02-11,aave,3926944523,0.55101967
2024-02-11,morpho,954953193,0.13399680
2024-02-11,spark-lend,1171362462,0.16436284
2024-02-11,kamino,196307988,0.02754548
2024-02-11,euler,0,0.00000000
2024-02-11,compound,877118471,0.12307521
2024-02-12,aave,3913159605,0.54796032
2024-02-12,morpho,955153573,0.13375030
2024-02-12,spark-lend,1174267584,0.16443287
2024-02-12,kamino,196124410,0.02746333
2024-02-12,euler,0,0.00000000
2024-02-12,compound,902614056,0.12639318
2024-02-13,aave,4041447753,0.54643905
2024-02-13,morpho,1018449392,0.13770326
2024-02-13,spark-lend,1230144153,0.16632624
2024-02-13,kamino,202862112,0.02742873
2024-02-13,euler,0,0.00000000
2024-02-13,compound,903068300,0.12210272
2024-02-14,aave,4057741750,0.54284362
2024-02-14,morpho,1032154134,0.13808131
2024-02-14,spark-lend,1272679308,0.17025870
2024-02-14,kamino,206580601,0.02763630
2024-02-14,euler,0,0.00000000
2024-02-14,compound,905817793,0.12118007
2024-02-15,aave,4195715394,0.54337615
2024-02-15,morpho,1090195266,0.14118834
2024-02-15,spark-lend,1319742107,0.17091636
2024-02-15,kamino,214039984,0.02771976
2024-02-15,euler,0,0.00000000
2024-02-15,compound,901874346,0.11679939
2024-02-16,aave,4299328817,0.54755965
2024-02-16,morpho,1099847221,0.14007581
2024-02-16,spark-lend,1332159874,0.16966299
2024-02-16,kamino,210362371,0.02679161
2024-02-16,euler,0,0.00000000
2024-02-16,compound,910101664,0.11590994
2024-02-17,aave,4299403978,0.54780544
2024-02-17,morpho,1090482164,0.13894299
2024-02-17,spark-lend,1333509706,0.16990817
2024-02-17,kamino,209007356,0.02663052
2024-02-17,euler,0,0.00000000
2024-02-17,compound,916010962,0.11671288
2024-02-18,aave,4283404900,0.54776548
2024-02-18,morpho,1087016176,0.13900856
2024-02-18,spark-lend,1323556824,0.16925758
2024-02-18,kamino,210404915,0.02690676
2024-02-18,euler,0,0.00000000
2024-02-18,compound,915396012,0.11706162
2024-02-19,aave,4349949717,0.54802168
2024-02-19,morpho,1120312147,0.14114079
2024-02-19,spark-lend,1326883780,0.16716540
2024-02-19,kamino,216978914,0.02733575
2024-02-19,euler,0,0.00000000
2024-02-19,compound,923425811,0.11633638
2024-02-20,aave,4418089231,0.54990005
2024-02-20,morpho,1147292894,0.14279848
2024-02-20,spark-lend,1319748300,0.16426324
2024-02-20,kamino,216693577,0.02697089
2024-02-20,fluid,2683,0.00000033
2024-02-20,euler,0,0.00000000
2024-02-20,compound,932522931,0.11606701
2024-02-21,aave,4478066759,0.54933043
2024-02-21,morpho,1165646026,0.14299135
2024-02-21,spark-lend,1373424582,0.16847983
2024-02-21,kamino,214686281,0.02633585
2024-02-21,fluid,2705,0.00000033
2024-02-21,euler,0,0.00000000
2024-02-21,compound,920037291,0.11286221
2024-02-22,aave,4431695151,0.54878902
2024-02-22,morpho,1148004229,0.14216053
2024-02-22,spark-lend,1370125007,0.16966635
2024-02-22,kamino,210189596,0.02602836
2024-02-22,fluid,2694,0.00000033
2024-02-22,euler,0,0.00000000
2024-02-22,compound,915391211,0.11335541
2024-02-23,aave,4469948801,0.54991934
2024-02-23,morpho,1106103207,0.13607931
2024-02-23,spark-lend,1414823306,0.17405987
2024-02-23,kamino,207906395,0.02557786
2024-02-23,fluid,8730389,0.00107406
2024-02-23,euler,0,0.00000000
2024-02-23,compound,920859645,0.11328956
2024-02-24,aave,4395603441,0.55013470
2024-02-24,morpho,1052753530,0.13175807
2024-02-24,spark-lend,1396177216,0.17473950
2024-02-24,kamino,206882154,0.02589247
2024-02-24,fluid,15076535,0.00188691
2024-02-24,euler,0,0.00000000
2024-02-24,compound,923556551,0.11558835
2024-02-25,aave,4437614270,0.54946906
2024-02-25,morpho,1068658866,0.13232222
2024-02-25,spark-lend,1406632744,0.17417043
2024-02-25,kamino,215153972,0.02664054
2024-02-25,fluid,24808527,0.00307181
2024-02-25,euler,0,0.00000000
2024-02-25,compound,923317579,0.11432594
2024-02-26,aave,4539117121,0.54977483
2024-02-26,morpho,1109527781,0.13438526
2024-02-26,spark-lend,1431803132,0.17341904
2024-02-26,kamino,214263109,0.02595140
2024-02-26,fluid,29842273,0.00361448
2024-02-26,euler,0,0.00000000
2024-02-26,compound,931766890,0.11285499
2024-02-27,aave,4594706016,0.54789140
2024-02-27,morpho,1119706194,0.13351831
2024-02-27,spark-lend,1464329504,0.17461260
2024-02-27,kamino,226893390,0.02705569
2024-02-27,fluid,38680330,0.00461240
2024-02-27,euler,0,0.00000000
2024-02-27,compound,941846486,0.11230960
2024-02-28,aave,4724984310,0.55133311
2024-02-28,morpho,1146544674,0.13378416
2024-02-28,spark-lend,1477511131,0.17240286
2024-02-28,kamino,225639077,0.02632862
2024-02-28,fluid,45192603,0.00527328
2024-02-28,euler,0,0.00000000
2024-02-28,compound,950236185,0.11087797
2024-02-29,aave,4907355221,0.54980109
2024-02-29,morpho,1192311653,0.13358198
2024-02-29,spark-lend,1559545074,0.17472540
2024-02-29,kamino,237273841,0.02658324
2024-02-29,fluid,47303335,0.00529968
2024-02-29,euler,0,0.00000000
2024-02-29,compound,981902890,0.11000861
2024-03-01,aave,4945929893,0.54957593
2024-03-01,morpho,1192961127,0.13255803
2024-03-01,spark-lend,1577657811,0.17530430
2024-03-01,kamino,242119812,0.02690358
2024-03-01,fluid,49575543,0.00550868
2024-03-01,euler,0,0.00000000
2024-03-01,compound,991294608,0.11014948
2024-03-02,aave,5060089733,0.55189260
2024-03-02,morpho,1210758266,0.13205468
2024-03-02,spark-lend,1604178409,0.17496413
2024-03-02,kamino,254369184,0.02774347
2024-03-02,fluid,52061676,0.00567825
2024-03-02,euler,0,0.00000000
2024-03-02,compound,987155914,0.10766687
2024-03-03,aave,5076053509,0.55152162
2024-03-03,morpho,1196333841,0.12998365
2024-03-03,spark-lend,1637473951,0.17791426
2024-03-03,kamino,257230184,0.02794849
2024-03-03,fluid,55390795,0.00601830
2024-03-03,euler,0,0.00000000
2024-03-03,compound,981242983,0.10661368
2024-03-04,aave,5139824614,0.55079972
2024-03-04,morpho,1221020173,0.13084835
2024-03-04,spark-lend,1663722710,0.17828974
2024-03-04,kamino,262137816,0.02809151
2024-03-04,fluid,56145718,0.00601675
2024-03-04,euler,0,0.00000000
2024-03-04,compound,988716184,0.10595393
2024-03-05,aave,5266411562,0.55006035
2024-03-05,morpho,1260693591,0.13167553
2024-03-05,spark-lend,1725647488,0.18023853
2024-03-05,kamino,272560872,0.02846814
2024-03-05,fluid,62353955,0.00651268
2024-03-05,euler,0,0.00000000
2024-03-05,compound,986575705,0.10304477
2024-03-06,aave,5262135435,0.54970593
2024-03-06,morpho,1251458008,0.13073283
2024-03-06,spark-lend,1740610769,0.18183189
2024-03-06,kamino,263916170,0.02756985
2024-03-06,fluid,62114314,0.00648874
2024-03-06,euler,0,0.00000000
2024-03-06,compound,992402569,0.10367076
2024-03-07,aave,5469501719,0.54764997
2024-03-07,morpho,1342028572,0.13437456
2024-03-07,spark-lend,1805877965,0.18081885
2024-03-07,kamino,282684014,0.02830457
2024-03-07,fluid,73720593,0.00738149
2024-03-07,euler,0,0.00000000
2024-03-07,compound,1013408851,0.10147056
2024-03-08,aave,5506060979,0.54781541
2024-03-08,morpho,1338701045,0.13319160
2024-03-08,spark-lend,1764599838,0.17556562
2024-03-08,kamino,345464342,0.03437134
2024-03-08,fluid,76117263,0.00757315
2024-03-08,euler,0,0.00000000
2024-03-08,compound,1019998614,0.10148288
2024-03-09,aave,5557427550,0.54633627
2024-03-09,morpho,1347797195,0.13249844
2024-03-09,spark-lend,1788573709,0.17583004
2024-03-09,kamino,373635269,0.03673111
2024-03-09,fluid,82078765,0.00806895
2024-03-09,euler,0,0.00000000
2024-03-09,compound,1022661327,0.10053519
2024-03-10,aave,5652101266,0.54761552
2024-03-10,morpho,1357051555,0.13148075
2024-03-10,spark-lend,1821874670,0.17651609
2024-03-10,kamino,398922781,0.03865046
2024-03-10,fluid,85093664,0.00824448
2024-03-10,euler,0,0.00000000
2024-03-10,compound,1006251027,0.09749270
2024-03-11,aave,5663069153,0.54758310
2024-03-11,morpho,1380991965,0.13353322
2024-03-11,spark-lend,1783189214,0.17242316
2024-03-11,kamino,418221538,0.04043939
2024-03-11,fluid,85954946,0.00831130
2024-03-11,euler,0,0.00000000
2024-03-11,compound,1010508749,0.09770983
2024-03-12,aave,5906599280,0.58263340
2024-03-12,morpho,1017015914,0.10031956
2024-03-12,spark-lend,1699559625,0.16764642
2024-03-12,kamino,400582916,0.03951394
2024-03-12,fluid,96459316,0.00951485
2024-03-12,euler,0,0.00000000
2024-03-12,compound,1017545797,0.10037183
2024-03-13,aave,5855476099,0.58337395
2024-03-13,morpho,995487784,0.09917923
2024-03-13,spark-lend,1742189310,0.17357220
2024-03-13,kamino,366400067,0.03650399
2024-03-13,fluid,96008160,0.00956518
2024-03-13,euler,0,0.00000000
2024-03-13,compound,981698746,0.09780545
2024-03-14,aave,5959878763,0.58303328
2024-03-14,morpho,1007365183,0.09854688
2024-03-14,spark-lend,1758080371,0.17198661
2024-03-14,kamino,399021869,0.03903486
2024-03-14,fluid,98370709,0.00962325
2024-03-14,euler,0,0.00000000
2024-03-14,compound,999476141,0.09777512
2024-03-15,aave,5927711935,0.58424888
2024-03-15,morpho,983475605,0.09693361
2024-03-15,spark-lend,1715511451,0.16908474
2024-03-15,kamino,418268287,0.04122548
2024-03-15,fluid,100024577,0.00985865
2024-03-15,euler,0,0.00000000
2024-03-15,compound,1000876023,0.09864864
2024-03-16,aave,5855946134,0.58784148
2024-03-16,morpho,949776610,0.09534208
2024-03-16,spark-lend,1636696109,0.16429759
2024-03-16,kamino,429195170,0.04308419
2024-03-16,fluid,95933337,0.00963014
2024-03-16,euler,0,0.00000000
2024-03-16,compound,994230296,0.09980452
2024-03-17,aave,5720100399,0.59100591
2024-03-17,morpho,903092439,0.09330832
2024-03-17,spark-lend,1564231275,0.16161778
2024-03-17,kamino,417805844,0.04316808
2024-03-17,fluid,92488760,0.00955602
2024-03-17,euler,0,0.00000000
2024-03-17,compound,980865373,0.10134389
2024-03-18,aave,5794117223,0.58831330
2024-03-18,morpho,927207681,0.09414525
2024-03-18,spark-lend,1585613604,0.16099736
2024-03-18,kamino,457050859,0.04640726
2024-03-18,fluid,97510194,0.00990083
2024-03-18,euler,0,0.00000000
2024-03-18,compound,987193647,0.10023600
2024-03-19,aave,5725591741,0.59378028
2024-03-19,morpho,874408549,0.09068173
2024-03-19,spark-lend,1519354695,0.15756675
2024-03-19,kamino,444757228,0.04612415
2024-03-19,fluid,95486804,0.00990259
2024-03-19,euler,0,0.00000000
2024-03-19,compound,983011113,0.10194450
2024-03-20,aave,5353168303,0.58924059
2024-03-20,morpho,820378294,0.09030170
2024-03-20,spark-lend,1484208074,0.16337159
2024-03-20,kamino,399146765,0.04393538
2024-03-20,fluid,85679907,0.00943107
2024-03-20,euler,0,0.00000000
2024-03-20,compound,942278712,0.10371967
2024-03-21,aave,5705191407,0.58791449
2024-03-21,morpho,904255056,0.09318261
2024-03-21,spark-lend,1600353842,0.16491493
2024-03-21,kamino,444707424,0.04582667
2024-03-21,fluid,90874140,0.00936449
2024-03-21,euler,0,0.00000000
2024-03-21,compound,958735805,0.09879681
2024-03-22,aave,5664381693,0.58430349
2024-03-22,morpho,897197888,0.09254953
2024-03-22,spark-lend,1668411053,0.17210323
2024-03-22,kamino,416973379,0.04301246
2024-03-22,fluid,87466434,0.00902251
2024-03-22,euler,0,0.00000000
2024-03-22,compound,959815394,0.09900878
2024-03-23,aave,5720143515,0.59618676
2024-03-23,morpho,874525694,0.09114817
2024-03-23,spark-lend,1560245320,0.16261788
2024-03-23,kamino,405216919,0.04223407
2024-03-23,fluid,84229617,0.00877890
2024-03-23,euler,0,0.00000000
2024-03-23,compound,950188673,0.09903422
2024-03-24,aave,5750743158,0.59593921
2024-03-24,morpho,905745313,0.09386076
2024-03-24,spark-lend,1533191462,0.15888188
2024-03-24,kamino,419842046,0.04350748
2024-03-24,fluid,84228236,0.00872842
2024-03-24,euler,0,0.00000000
2024-03-24,compound,956131921,0.09908225
2024-03-25,aave,5835634862,0.60019425
2024-03-25,morpho,928211804,0.09546646
2024-03-25,spark-lend,1484651532,0.15269621
2024-03-25,kamino,451191511,0.04640499
2024-03-25,fluid,86184279,0.00886404
2024-03-25,euler,0,0.00000000
2024-03-25,compound,937036288,0.09637405
2024-03-26,aave,6076888303,0.60049782
2024-03-26,morpho,966464517,0.09550280
2024-03-26,spark-lend,1530800064,0.15126855
2024-03-26,kamino,472949185,0.04673526
2024-03-26,fluid,96963604,0.00958162
2024-03-26,euler,0,0.00000000
2024-03-26,compound,975685112,0.09641395
2024-03-27,aave,6066555236,0.59874024
2024-03-27,morpho,963989360,0.09514118
2024-03-27,spark-lend,1524520296,0.15046293
2024-03-27,kamino,491853290,0.04854359
2024-03-27,fluid,115502625,0.01139956
2024-03-27,euler,0,0.00000000
2024-03-27,compound,969778129,0.09571250
2024-03-28,aave,6018252816,0.59892445
2024-03-28,morpho,949714334,0.09451367
2024-03-28,spark-lend,1492372456,0.14851791
2024-03-28,kamino,494183513,0.04918015
2024-03-28,fluid,129069230,0.01284471
2024-03-28,euler,0,0.00000000
2024-03-28,compound,964841622,0.09601911
2024-03-29,aave,6123280998,0.59829898
2024-03-29,morpho,914287329,0.08933400
2024-03-29,spark-lend,1566444475,0.15305555
2024-03-29,kamino,520680118,0.05087508
2024-03-29,fluid,133423136,0.01303663
2024-03-29,euler,0,0.00000000
2024-03-29,compound,976367338,0.09539976
2024-03-30,aave,6114083834,0.58831324
2024-03-30,morpho,1000721529,0.09629206
2024-03-30,spark-lend,1624901568,0.15635231
2024-03-30,kamino,533208876,0.05130676
2024-03-30,fluid,130676235,0.01257401
2024-03-30,euler,0,0.00000000
2024-03-30,compound,988973434,0.09516162
2024-03-31,aave,6105533133,0.58652161
2024-03-31,morpho,997720047,0.09584493
2024-03-31,spark-lend,1650123566,0.15851738
2024-03-31,kamino,540815656,0.05195289
2024-03-31,fluid,131045347,0.01258873
2024-03-31,euler,0,0.00000000
2024-03-31,compound,984494843,0.09457446
2024-04-01,aave,6234655703,0.58712520
2024-04-01,morpho,1027388320,0.09675042
2024-04-01,spark-lend,1677212311,0.15794515
2024-04-01,kamino,556546110,0.05241063
2024-04-01,fluid,134866125,0.01270051
2024-04-01,euler,0,0.00000000
2024-04-01,compound,988285778,0.09306809
2024-04-02,aave,6166332690,0.58575732
2024-04-02,morpho,1003973557,0.09537028
2024-04-02,spark-lend,1715642790,0.16297374
2024-04-02,kamino,537332361,0.05104272
2024-04-02,fluid,135874270,0.01290708
2024-04-02,euler,0,0.00000000
2024-04-02,compound,967955973,0.09194886
2024-04-03,aave,5913915702,0.59098085
2024-04-03,morpho,949602391,0.09489429
2024-04-03,spark-lend,1531313289,0.15302498
2024-04-03,kamino,518355773,0.05179958
2024-04-03,fluid,131989448,0.01318978
2024-04-03,euler,0,0.00000000
2024-04-03,compound,961773204,0.09611052
2024-04-04,aave,5950654753,0.59265081
2024-04-04,morpho,962827677,0.09589207
2024-04-04,spark-lend,1516476818,0.15103232
2024-04-04,kamino,518991817,0.05168858
2024-04-04,fluid,135974640,0.01354229
2024-04-04,euler,0,0.00000000
2024-04-04,compound,955817750,0.09519393
2024-04-05,aave,5979196503,0.59509245
2024-04-05,morpho,973126741,0.09685254
2024-04-05,spark-lend,1499705946,0.14926148
2024-04-05,kamino,510544148,0.05081301
2024-04-05,fluid,135807768,0.01351656
2024-04-05,euler,0,0.00000000
2024-04-05,compound,949127433,0.09446396
2024-04-06,aave,5939039615,0.59509380
2024-04-06,morpho,974132396,0.09760840
2024-04-06,spark-lend,1492844669,0.14958355
2024-04-06,kamino,489338732,0.04903191
2024-04-06,fluid,137507062,0.01377825
2024-04-06,euler,0,0.00000000
2024-04-06,compound,947143417,0.09490409
2024-04-07,aave,6044339873,0.60032708
2024-04-07,morpho,916751574,0.09105226
2024-04-07,spark-lend,1509749875,0.14994917
2024-04-07,kamino,495480169,0.04921136
2024-04-07,fluid,152642246,0.01516051
2024-04-07,euler,0,0.00000000
2024-04-07,compound,949447464,0.09429962
2024-04-08,aave,6065391041,0.59855171
2024-04-08,morpho,890232036,0.08785087
2024-04-08,spark-lend,1550212507,0.15297981
2024-04-08,kamino,503293759,0.04966660
2024-04-08,fluid,173669615,0.01713826
2024-04-08,euler,0,0.00000000
2024-04-08,compound,950646407,0.09381275
2024-04-09,aave,6283463885,0.59476857
2024-04-09,morpho,1019609451,0.09651232
2024-04-09,spark-lend,1593534210,0.15083783
2024-04-09,kamino,502746388,0.04758804
2024-04-09,fluid,193884709,0.01835238
2024-04-09,euler,0,0.00000000
2024-04-09,compound,971314082,0.09194086
2024-04-10,aave,6065665473,0.58949818
2024-04-10,morpho,972787603,0.09454140
2024-04-10,spark-lend,1601891418,0.15568153
2024-04-10,kamino,486897967,0.04731970
2024-04-10,fluid,193028695,0.01875970
2024-04-10,euler,0,0.00000000
2024-04-10,compound,969269513,0.09419949
2024-04-11,aave,6125923596,0.59389118
2024-04-11,morpho,967530081,0.09379934
2024-04-11,spark-lend,1551678363,0.15043088
2024-04-11,kamino,495308888,0.04801881
2024-04-11,fluid,200563236,0.01944405
2024-04-11,euler,0,0.00000000
2024-04-11,compound,973888207,0.09441574
2024-04-12,aave,6008015538,0.58971962
2024-04-12,morpho,968933415,0.09510612
2024-04-12,spark-lend,1530597065,0.15023648
2024-04-12,kamino,504723149,0.04954134
2024-04-12,fluid,199812365,0.01961268
2024-04-12,euler,0,0.00000000
2024-04-12,compound,975837166,0.09578376
2024-04-13,aave,5762841055,0.58677881
2024-04-13,morpho,955196818,0.09725919
2024-04-13,spark-lend,1482116223,0.15091070
2024-04-13,kamino,456349576,0.04646602
2024-04-13,fluid,202344492,0.02060294
2024-04-13,euler,0,0.00000000
2024-04-13,compound,962299026,0.09798234
2024-04-14,aave,5417428234,0.58632603
2024-04-14,morpho,904940359,0.09794132
2024-04-14,spark-lend,1435050527,0.15531493
2024-04-14,kamino,410896109,0.04447112
2024-04-14,fluid,185233054,0.02004770
2024-04-14,euler,0,0.00000000
2024-04-14,compound,886069198,0.09589890
2024-04-15,aave,5527868831,0.58498948
2024-04-15,morpho,956106254,0.10118042
2024-04-15,spark-lend,1449095612,0.15335127
2024-04-15,kamino,437724240,0.04632239
2024-04-15,fluid,193822127,0.02051132
2024-04-15,euler,0,0.00000000
2024-04-15,compound,884901340,0.09364512
2024-04-16,aave,5508949501,0.58750479
2024-04-16,morpho,957934874,0.10215946
2024-04-16,spark-lend,1433136450,0.15283758
2024-04-16,kamino,408107830,0.04352287
2024-04-16,fluid,192697561,0.02055033
2024-04-16,euler,0,0.00000000
2024-04-16,compound,876032605,0.09342497
2024-04-17,aave,5464827006,0.58667169
2024-04-17,morpho,976902986,0.10487456
2024-04-17,spark-lend,1416544458,0.15207188
2024-04-17,kamino,401711009,0.04312533
2024-04-17,fluid,193820800,0.02080746
2024-04-17,euler,0,0.00000000
2024-04-17,compound,861159999,0.09244908
2024-04-18,aave,5375782552,0.58919332
2024-04-18,morpho,972607254,0.10659912
2024-04-18,spark-lend,1330080958,0.14577874
2024-04-18,kamino,393031302,0.04307678
2024-04-18,fluid,188114437,0.02061761
2024-04-18,euler,0,0.00000000
2024-04-18,compound,864354190,0.09473443
2024-04-19,aave,5385302753,0.58656984
2024-04-19,morpho,996545389,0.10854422
2024-04-19,spark-lend,1323393046,0.14414462
2024-04-19,kamino,415912514,0.04530140
2024-04-19,fluid,195168712,0.02125787
2024-04-19,euler,0,0.00000000
2024-04-19,compound,864686258,0.09418205
2024-04-20,aave,5383315202,0.58524228
2024-04-20,morpho,1004185859,0.10916916
2024-04-20,spark-lend,1310535115,0.14247365
2024-04-20,kamino,419780871,0.04563610
2024-04-20,fluid,207510034,0.02255927
2024-04-20,euler,0,0.00000000
2024-04-20,compound,873111522,0.09491954
2024-04-21,aave,5419792564,0.58302123
2024-04-21,morpho,1019290503,0.10964774
2024-04-21,spark-lend,1317275508,0.14170276
2024-04-21,kamino,453084233,0.04873945
2024-04-21,fluid,213379215,0.02295376
2024-04-21,euler,0,0.00000000
2024-04-21,compound,873224647,0.09393506
2024-04-22,aave,5379872921,0.57986599
2024-04-22,morpho,1049375615,0.11310625
2024-04-22,spark-lend,1283755868,0.13836877
2024-04-22,kamino,458198472,0.04938661
2024-04-22,fluid,212023679,0.02285283
2024-04-22,euler,0,0.00000000
2024-04-22,compound,894560002,0.09641955
2024-04-23,aave,5443272697,0.57991056
2024-04-23,morpho,1058148320,0.11273207
2024-04-23,spark-lend,1280644590,0.13643618
2024-04-23,kamino,477021199,0.05082046
2024-04-23,fluid,223329131,0.02379284
2024-04-23,euler,0,0.00000000
2024-04-23,compound,903984448,0.09630789
2024-04-24,aave,5463556927,0.58139735
2024-04-24,morpho,1065701658,0.11340526
2024-04-24,spark-lend,1281716237,0.13639218
2024-04-24,kamino,465047313,0.04948741
2024-04-24,fluid,226019465,0.02405157
2024-04-24,euler,0,0.00000000
2024-04-24,compound,895243993,0.09526623
2024-04-25,aave,5379046469,0.58273057
2024-04-25,morpho,1019012451,0.11039312
2024-04-25,spark-lend,1266580461,0.13721301
2024-04-25,kamino,446590058,0.04838063
2024-04-25,fluid,225921557,0.02447486
2024-04-25,euler,0,0.00000000
2024-04-25,compound,893609697,0.09680781
2024-04-26,aave,5430870887,0.58346756
2024-04-26,morpho,1026866837,0.11032181
2024-04-26,spark-lend,1265770019,0.13598846
2024-04-26,kamino,444214160,0.04772431
2024-04-26,fluid,242128534,0.02601317
2024-04-26,euler,0,0.00000000
2024-04-26,compound,898072154,0.09648469
2024-04-27,aave,5397115138,0.58445698
2024-04-27,morpho,1019874632,0.11044286
2024-04-27,spark-lend,1246952180,0.13503323
2024-04-27,kamino,431706405,0.04674976
2024-04-27,fluid,259830597,0.02813722
2024-04-27,euler,0,0.00000000
2024-04-27,compound,878930634,0.09517995
2024-04-28,aave,5481461241,0.58524683
2024-04-28,morpho,1008125636,0.10763596
2024-04-28,spark-lend,1264375178,0.13499531
2024-04-28,kamino,435912215,0.04654165
2024-04-28,fluid,293903339,0.03137959
2024-04-28,euler,0,0.00000000
2024-04-28,compound,882289787,0.09420066
2024-04-29,aave,5493361909,0.58382569
2024-04-29,morpho,1016953730,0.10808021
2024-04-29,spark-lend,1267559193,0.13471416
2024-04-29,kamino,428344625,0.04552378
2024-04-29,fluid,312123867,0.03317202
2024-04-29,euler,0,0.00000000
2024-04-29,compound,890906674,0.09468414
2024-04-30,aave,5417584555,0.58595028
2024-04-30,morpho,999563451,0.10810989
2024-04-30,spark-lend,1241454061,0.13427208
2024-04-30,kamino,419085301,0.04532705
2024-04-30,fluid,285274406,0.03085445
2024-04-30,euler,0,0.00000000
2024-04-30,compound,882847503,0.09548625
2024-05-01,aave,5239207587,0.58613757
2024-05-01,morpho,954174699,0.10674852
2024-05-01,spark-lend,1209444567,0.13530689
2024-05-01,kamino,380400492,0.04255739
2024-05-01,fluid,268136148,0.02999779
2024-05-01,euler,0,0.00000000
2024-05-01,compound,887165394,0.09925184
2024-05-02,aave,5141974989,0.57903498
2024-05-02,morpho,986559208,0.11109589
2024-05-02,spark-lend,1197392652,0.13483773
2024-05-02,kamino,389885786,0.04390482
2024-05-02,fluid,274694211,0.03093316
2024-05-02,euler,0,0.00000000
2024-05-02,compound,889742514,0.10019342
2024-05-03,aave,5266332510,0.59921707
2024-05-03,morpho,813464722,0.09255814
2024-05-03,spark-lend,1173590164,0.13353416
2024-05-03,kamino,399193797,0.04542131
2024-05-03,fluid,272505016,0.03100633
2024-05-03,euler,0,0.00000000
2024-05-03,compound,863602789,0.09826299
2024-05-04,aave,5375470411,0.59953538
2024-05-04,morpho,853721973,0.09521707
2024-05-04,spark-lend,1170215292,0.13051611
2024-05-04,kamino,413010312,0.04606374
2024-05-04,fluid,280431883,0.03127705
2024-05-04,euler,0,0.00000000
2024-05-04,compound,873210548,0.09739065
2024-05-05,aave,5380062775,0.59937056
2024-05-05,morpho,855956996,0.09535863
2024-05-05,spark-lend,1164591219,0.12974229
2024-05-05,kamino,418765187,0.04665290
2024-05-05,fluid,282602092,0.03148353
2024-05-05,euler,0,0.00000000
2024-05-05,compound,874209711,0.09739209
2024-05-06,aave,5403226913,0.59889605
2024-05-06,morpho,856561029,0.09494160
2024-05-06,spark-lend,1169412223,0.12961817
2024-05-06,kamino,418626919,0.04640079
2024-05-06,fluid,280044921,0.03104030
2024-05-06,euler,0,0.00000000
2024-05-06,compound,894105805,0.09910309
2024-05-07,aave,5408922273,0.60176161
2024-05-07,morpho,846948727,0.09422602
2024-05-07,spark-lend,1143325775,0.12719901
2024-05-07,kamino,431850864,0.04804493
2024-05-07,fluid,281177037,0.03128193
2024-05-07,euler,0,0.00000000
2024-05-07,compound,876255473,0.09748650
2024-05-08,aave,5446153992,0.60629771
2024-05-08,morpho,845871221,0.09416733
2024-05-08,spark-lend,1136297480,0.12649928
2024-05-08,kamino,425664776,0.04738749
2024-05-08,fluid,259543589,0.02889391
2024-05-08,euler,0,0.00000000
2024-05-08,compound,869108782,0.09675428
2024-05-09,aave,5545713417,0.61412001
2024-05-09,morpho,837844385,0.09278103
2024-05-09,spark-lend,1117937816,0.12379796
2024-05-09,kamino,412355144,0.04566329
2024-05-09,fluid,238311494,0.02639009
2024-05-09,euler,0,0.00000000
2024-05-09,compound,878179277,0.09724762
2024-05-10,aave,5603485367,0.61368277
2024-05-10,morpho,849907740,0.09308024
2024-05-10,spark-lend,1126350173,0.12335567
2024-05-10,kamino,429738472,0.04706412
2024-05-10,fluid,241088875,0.02640358
2024-05-10,euler,0,0.00000000
2024-05-10,compound,880344555,0.09641362
2024-05-11,aave,5540705884,0.61397727
2024-05-11,morpho,833076531,0.09231496
2024-05-11,spark-lend,1113364045,0.12337421
2024-05-11,kamino,419865382,0.04652617
2024-05-11,fluid,237834828,0.02635498
2024-05-11,euler,0,0.00000000
2024-05-11,compound,879438347,0.09745241
2024-05-12,aave,5542239127,0.61286503
2024-05-12,morpho,839889808,0.09287566
2024-05-12,spark-lend,1121899123,0.12406046
2024-05-12,kamino,420597494,0.04650999
2024-05-12,fluid,237208326,0.02623068
2024-05-12,euler,0,0.00000000
2024-05-12,compound,881330346,0.09745818
2024-05-13,aave,5552233130,0.61278013
2024-05-13,morpho,845335036,0.09329661
2024-05-13,spark-lend,1124025715,0.12405470
2024-05-13,kamino,416912320,0.04601312
2024-05-13,fluid,237736564,0.02623813
2024-05-13,euler,0,0.00000000
2024-05-13,compound,884483740,0.09761731
2024-05-14,aave,5619857173,0.61468880
2024-05-14,morpho,850527353,0.09302899
2024-05-14,spark-lend,1129256637,0.12351584
2024-05-14,kamino,424326940,0.04641204
2024-05-14,fluid,233988232,0.02559317
2024-05-14,euler,0,0.00000000
2024-05-14,compound,884649155,0.09676116
2024-05-15,aave,5568912440,0.61499861
2024-05-15,morpho,839318583,0.09268951
2024-05-15,spark-lend,1117232691,0.12338074
2024-05-15,kamino,415075012,0.04583849
2024-05-15,fluid,235758559,0.02603582
2024-05-15,euler,0,0.00000000
2024-05-15,compound,878865371,0.09705683
2024-05-16,aave,5824963113,0.61794693
2024-05-16,morpho,860921441,0.09133170
2024-05-16,spark-lend,1174226285,0.12456895
2024-05-16,kamino,447442001,0.04746732
2024-05-16,fluid,242329017,0.02570771
2024-05-16,euler,0,0.00000000
2024-05-16,compound,876434201,0.09297739
2024-05-17,aave,5768587203,0.61708799
2024-05-17,morpho,845242968,0.09041890
2024-05-17,spark-lend,1162906665,0.12440061
2024-05-17,kamino,465418981,0.04978766
2024-05-17,fluid,228410879,0.02443399
2024-05-17,euler,0,0.00000000
2024-05-17,compound,877512144,0.09387085
2024-05-18,aave,5971882636,0.61846907
2024-05-18,morpho,931373124,0.09645626
2024-05-18,spark-lend,1131329100,0.11716440
2024-05-18,kamino,490143704,0.05076100
2024-05-18,fluid,246341561,0.02551199
2024-05-18,euler,0,0.00000000
2024-05-18,compound,884841409,0.09163728
2024-05-19,aave,6003219200,0.61434988
2024-05-19,morpho,961954004,0.09844324
2024-05-19,spark-lend,1150996418,0.11778922
2024-05-19,kamino,502112496,0.05138456
2024-05-19,fluid,257761696,0.02637849
2024-05-19,euler,0,0.00000000
2024-05-19,compound,895617895,0.09165461
2024-05-20,aave,5978884171,0.61397509
2024-05-20,morpho,955777300,0.09814933
2024-05-20,spark-lend,1139931759,0.11706025
2024-05-20,kamino,503368377,0.05169119
2024-05-20,fluid,257459877,0.02643870
2024-05-20,euler,0,0.00000000
2024-05-20,compound,902570029,0.09268544
2024-05-21,aave,6534496428,0.61819732
2024-05-21,morpho,1068320259,0.10106865
2024-05-21,spark-lend,1217644440,0.11519549
2024-05-21,kamino,537492479,0.05084958
2024-05-21,fluid,294219546,0.02783470
2024-05-21,euler,0,0.00000000
2024-05-21,compound,918070628,0.08685426
2024-05-22,aave,6724230707,0.62087951
2024-05-22,morpho,1095305655,0.10113467
2024-05-22,spark-lend,1251227985,0.11553170
2024-05-22,kamino,522298331,0.04822624
2024-05-22,fluid,318670333,0.02942431
2024-05-22,euler,0,0.00000000
2024-05-22,compound,918437043,0.08480357
2024-05-23,aave,6780228151,0.62319278
2024-05-23,morpho,1083819165,0.09961734
2024-05-23,spark-lend,1248855188,0.11478633
2024-05-23,kamino,522230127,0.04799987
2024-05-23,fluid,320866267,0.02949186
2024-05-23,euler,0,0.00000000
2024-05-23,compound,923825762,0.08491182
2024-05-24,aave,6953970885,0.62386736
2024-05-24,morpho,1097706283,0.09847944
2024-05-24,spark-lend,1266255505,0.11360063
2024-05-24,kamino,558547671,0.05010945
2024-05-24,fluid,335228840,0.03007466
2024-05-24,euler,0,0.00000000
2024-05-24,compound,934844203,0.08386846
2024-05-25,aave,6859632251,0.61913603
2024-05-25,morpho,1101118120,0.09938461
2024-05-25,spark-lend,1275996793,0.11516880
2024-05-25,kamino,562297657,0.05075181
2024-05-25,fluid,331039914,0.02987897
2024-05-25,euler,0,0.00000000
2024-05-25,compound,949277285,0.08567978
2024-05-26,aave,6922557022,0.62025480
2024-05-26,morpho,1104020427,0.09891922
2024-05-26,spark-lend,1266899490,0.11351304
2024-05-26,kamino,574211834,0.05144886
2024-05-26,fluid,337065411,0.03020075
2024-05-26,euler,0,0.00000000
2024-05-26,compound,956073628,0.08566333
2024-05-27,aave,7024540752,0.62070077
2024-05-27,morpho,1093350245,0.09661035
2024-05-27,spark-lend,1316323441,0.11631265
2024-05-27,kamino,564434072,0.04987439
2024-05-27,fluid,355773352,0.03143676
2024-05-27,euler,0,0.00000000
2024-05-27,compound,962691196,0.08506508
2024-05-28,aave,7125370452,0.61904826
2024-05-28,morpho,1080461615,0.09386991
2024-05-28,spark-lend,1377125501,0.11964390
2024-05-28,kamino,585665750,0.05088232
2024-05-28,fluid,371412852,0.03226814
2024-05-28,euler,0,0.00000000
2024-05-28,compound,970165725,0.08428747
2024-05-29,aave,7136045787,0.61858850
2024-05-29,morpho,1099500060,0.09531022
2024-05-29,spark-lend,1376576158,0.11932858
2024-05-29,kamino,585592309,0.05076210
2024-05-29,fluid,369024662,0.03198892
2024-05-29,euler,0,0.00000000
2024-05-29,compound,969275381,0.08402168
2024-05-30,aave,7240393462,0.62267127
2024-05-30,morpho,1082205612,0.09306930
2024-05-30,spark-lend,1363121818,0.11722799
2024-05-30,kamino,608490212,0.05232994
2024-05-30,fluid,363849330,0.03129091
2024-05-30,euler,0,0.00000000
2024-05-30,compound,969894417,0.08341059
2024-05-31,aave,7245452091,0.62242534
2024-05-31,morpho,1062263353,0.09125443
2024-05-31,spark-lend,1374111720,0.11804397
2024-05-31,kamino,640619452,0.05503284
2024-05-31,fluid,363496960,0.03122645
2024-05-31,euler,0,0.00000000
2024-05-31,compound,954733112,0.08201697
2024-06-01,aave,7282218741,0.62065062
2024-06-01,morpho,1064739432,0.09074586
2024-06-01,spark-lend,1396215105,0.11899694
2024-06-01,kamino,669520528,0.05706205
2024-06-01,fluid,364212444,0.03104118
2024-06-01,euler,0,0.00000000
2024-06-01,compound,956295109,0.08150335
2024-06-02,aave,7330684874,0.61832611
2024-06-02,morpho,1076649067,0.09081283
2024-06-02,spark-lend,1432129441,0.12079677
2024-06-02,kamino,688289503,0.05805561
2024-06-02,fluid,368465989,0.03107924
2024-06-02,euler,0,0.00000000
2024-06-02,compound,959474613,0.08092944
2024-06-03,aave,7340752672,0.61880783
2024-06-03,morpho,1082399921,0.09124371
2024-06-03,spark-lend,1428838303,0.12044764
2024-06-03,kamino,685448247,0.05778164
2024-06-03,fluid,364325672,0.03071178
2024-06-03,euler,0,0.00000000
2024-06-03,compound,960969248,0.08100740
2024-06-04,aave,7393083296,0.61969256
2024-06-04,morpho,1081446168,0.09064745
2024-06-04,spark-lend,1448272611,0.12139506
2024-06-04,kamino,679437409,0.05695084
2024-06-04,fluid,365807781,0.03066222
2024-06-04,euler,0,0.00000000
2024-06-04,compound,962196470,0.08065187
2024-06-05,aave,7701007937,0.62604980
2024-06-05,morpho,1099462426,0.08938028
2024-06-05,spark-lend,1461435218,0.11880669
2024-06-05,kamino,699014098,0.05682602
2024-06-05,fluid,366550727,0.02979857
2024-06-05,euler,0,0.00000000
2024-06-05,compound,973480636,0.07913864
2024-06-06,aave,7783645551,0.62282978
2024-06-06,morpho,1110837167,0.08888669
2024-06-06,spark-lend,1545473689,0.12366532
2024-06-06,kamino,702935829,0.05624734
2024-06-06,fluid,378117256,0.03025609
2024-06-06,euler,0,0.00000000
2024-06-06,compound,976218263,0.07811478
2024-06-07,aave,7815808881,0.62535709
2024-06-07,morpho,1100569296,0.08805855
2024-06-07,spark-lend,1533169036,0.12267164
2024-06-07,kamino,690035130,0.05521097
2024-06-07,fluid,387417759,0.03099800
2024-06-07,euler,0,0.00000000
2024-06-07,compound,971153390,0.07770375
2024-06-08,aave,7710153933,0.62529389
2024-06-08,morpho,1088813660,0.08830284
2024-06-08,spark-lend,1521729087,0.12341231
2024-06-08,kamino,665308079,0.05395652
2024-06-08,fluid,380113009,0.03082718
2024-06-08,euler,0,0.00000000
2024-06-08,compound,964330492,0.07820726
2024-06-09,aave,7718835894,0.62414005
2024-06-09,morpho,1111970343,0.08991320
2024-06-09,spark-lend,1532132093,0.12388720
2024-06-09,kamino,658897909,0.05327806
2024-06-09,fluid,382864454,0.03095817
2024-06-09,euler,0,0.00000000
2024-06-09,compound,962452960,0.07782332
2024-06-10,aave,7763918916,0.62259515
2024-06-10,morpho,1142603941,0.09162637
2024-06-10,spark-lend,1543406101,0.12376703
2024-06-10,kamino,674104773,0.05405703
2024-06-10,fluid,385234496,0.03089228
2024-06-10,euler,0,0.00000000
2024-06-10,compound,960984491,0.07706214
2024-06-11,aave,7750238818,0.62415975
2024-06-11,morpho,1106165216,0.08908420
2024-06-11,spark-lend,1540476784,0.12406116
2024-06-11,kamino,663435239,0.05342927
2024-06-11,fluid,382610433,0.03081325
2024-06-11,euler,0,0.00000000
2024-06-11,compound,974149219,0.07845237
2024-06-12,aave,7649876995,0.62708529
2024-06-12,morpho,1080271605,0.08855338
2024-06-12,spark-lend,1508178447,0.12363029
2024-06-12,kamino,630026445,0.05164532
2024-06-12,fluid,361512637,0.02963437
2024-06-12,euler,0,0.00000000
2024-06-12,compound,969235185,0.07945135
2024-06-13,aave,7717058579,0.62605598
2024-06-13,morpho,1113263398,0.09031488
2024-06-13,spark-lend,1515440866,0.12294203
2024-06-13,kamino,645290665,0.05235001
2024-06-13,fluid,362552215,0.02941250
2024-06-13,euler,0,0.00000000
2024-06-13,compound,972861510,0.07892460
2024-06-14,aave,7614369133,0.62518250
2024-06-14,morpho,1115790595,0.09161268
2024-06-14,spark-lend,1499682862,0.12313239
2024-06-14,kamino,623363998,0.05118169
2024-06-14,fluid,360113615,0.02956735
2024-06-14,euler,0,0.00000000
2024-06-14,compound,966114101,0.07932339
2024-06-15,aave,7605399691,0.62572516
2024-06-15,morpho,1114881111,0.09172551
2024-06-15,spark-lend,1495016170,0.12300067
2024-06-15,kamino,605203288,0.04979238
2024-06-15,fluid,366616956,0.03016297
2024-06-15,euler,0,0.00000000
2024-06-15,compound,967419936,0.07959331
2024-06-16,aave,7690861922,0.62658910
2024-06-16,morpho,1129957239,0.09205976
2024-06-16,spark-lend,1505543927,0.12265952
2024-06-16,kamino,613654267,0.04999558
2024-06-16,fluid,374183194,0.03048541
2024-06-16,euler,0,0.00000000
2024-06-16,compound,959970702,0.07821063
2024-06-17,aave,7712405534,0.62439648
2024-06-17,morpho,1147389938,0.09289271
2024-06-17,spark-lend,1516292116,0.12275903
2024-06-17,kamino,629049254,0.05092784
2024-06-17,fluid,377463641,0.03055946
2024-06-17,euler,0,0.00000000
2024-06-17,compound,969175738,0.07846448
2024-06-18,aave,7636509688,0.62575951
2024-06-18,morpho,1130021280,0.09259748
2024-06-18,spark-lend,1500191036,0.12293035
2024-06-18,kamino,598005227,0.04900242
2024-06-18,fluid,367812192,0.03013968
2024-06-18,euler,0,0.00000000
2024-06-18,compound,971046169,0.07957056
2024-06-19,aave,7551903628,0.62715931
2024-06-19,morpho,1117866725,0.09283494
2024-06-19,spark-lend,1485711084,0.12338313
2024-06-19,kamino,564701907,0.04689653
2024-06-19,fluid,357690789,0.02970498
2024-06-19,euler,0,0.00000000
2024-06-19,compound,963569654,0.08002111
2024-06-20,aave,7800755783,0.63193528
2024-06-20,morpho,1141243855,0.09245159
2024-06-20,spark-lend,1506309129,0.12202534
2024-06-20,kamino,560756276,0.04542658
2024-06-20,fluid,364779319,0.02955059
2024-06-20,euler,0,0.00000000
2024-06-20,compound,970387707,0.07861062
2024-06-21,aave,7799773838,0.63205100
2024-06-21,morpho,1137253831,0.09215683
2024-06-21,spark-lend,1522035161,0.12333740
2024-06-21,kamino,553020647,0.04481377
2024-06-21,fluid,361467500,0.02929135
2024-06-21,euler,0,0.00000000
2024-06-21,compound,966867524,0.07834965
2024-06-22,aave,7700798807,0.63001223
2024-06-22,morpho,1122850333,0.09186183
2024-06-22,spark-lend,1524956935,0.12475868
2024-06-22,kamino,553655069,0.04529523
2024-06-22,fluid,359926256,0.02944603
2024-06-22,euler,0,0.00000000
2024-06-22,compound,961065511,0.07862600
2024-06-23,aave,7658109078,0.63028332
2024-06-23,morpho,1119138430,0.09210815
2024-06-23,spark-lend,1513956495,0.12460276
2024-06-23,kamino,552400175,0.04546404
2024-06-23,fluid,346441267,0.02851306
2024-06-23,euler,0,0.00000000
2024-06-23,compound,960219135,0.07902867
2024-06-24,aave,7611619718,0.63192155
2024-06-24,morpho,1111288171,0.09225986
2024-06-24,spark-lend,1497453922,0.12431958
2024-06-24,kamino,538592719,0.04471431
2024-06-24,fluid,327913615,0.02722360
2024-06-24,euler,0,0.00000000
2024-06-24,compound,958329154,0.07956110
2024-06-25,aave,7443134059,0.62989286
2024-06-25,morpho,1094158006,0.09259571
2024-06-25,spark-lend,1505608281,0.12741567
2024-06-25,kamino,541057591,0.04578828
2024-06-25,fluid,295394627,0.02499847
2024-06-25,euler,0,0.00000000
2024-06-25,compound,937155502,0.07930901
2024-06-26,aave,7584206360,0.63069928
2024-06-26,morpho,1095432179,0.09109566
2024-06-26,spark-lend,1544517939,0.12844143
2024-06-26,kamino,554595636,0.04611993
2024-06-26,fluid,301116306,0.02504070
2024-06-26,euler,0,0.00000000
2024-06-26,compound,945206981,0.07860300
2024-06-27,aave,7904998366,0.63969325
2024-06-27,morpho,1088793203,0.08810801
2024-06-27,spark-lend,1583649246,0.12815306
2024-06-27,kamino,555533769,0.04495525
2024-06-27,fluid,276195625,0.02235048
2024-06-27,euler,0,0.00000000
2024-06-27,compound,948312672,0.07673995
2024-06-28,aave,7986096808,0.63897369
2024-06-28,morpho,1093965500,0.08752901
2024-06-28,spark-lend,1596469446,0.12773474
2024-06-28,kamino,591413095,0.04731941
2024-06-28,fluid,279217568,0.02234041
2024-06-28,euler,0,0.00000000
2024-06-28,compound,951156257,0.07610274
2024-06-29,aave,7908849349,0.63931985
2024-06-29,morpho,1072520928,0.08669832
2024-06-29,spark-lend,1597021555,0.12909686
2024-06-29,kamino,566130584,0.04576374
2024-06-29,fluid,277371176,0.02242158
2024-06-29,euler,0,0.00000000
2024-06-29,compound,948830306,0.07669965
2024-06-30,aave,7942789896,0.63822722
2024-06-30,morpho,1080662652,0.08683452
2024-06-30,spark-lend,1624708825,0.13055027
2024-06-30,kamino,568972677,0.04571868
2024-06-30,fluid,276624747,0.02222764
2024-06-30,euler,0,0.00000000
2024-06-30,compound,951322961,0.07644167
2024-07-01,aave,7983400434,0.63090443
2024-07-01,morpho,1088791341,0.08604395
2024-07-01,spark-lend,1758441307,0.13896439
2024-07-01,kamino,589422732,0.04658033
2024-07-01,fluid,279062340,0.02205347
2024-07-01,euler,0,0.00000000
2024-07-01,compound,954780075,0.07545343
2024-07-02,aave,8065745478,0.63882904
2024-07-02,morpho,1105842394,0.08758573
2024-07-02,spark-lend,1643004599,0.13013045
2024-07-02,kamino,583178430,0.04618932
2024-07-02,fluid,276808428,0.02192398
2024-07-02,euler,0,0.00000000
2024-07-02,compound,951248418,0.07534148
2024-07-03,aave,7998965713,0.63477469
2024-07-03,morpho,1120726354,0.08893759
2024-07-03,spark-lend,1650242309,0.13095844
2024-07-03,kamino,599916891,0.04760766
2024-07-03,fluid,276414409,0.02193544
2024-07-03,euler,0,0.00000000
2024-07-03,compound,955001793,0.07578618
2024-07-04,aave,8035999290,0.63770399
2024-07-04,morpho,1099300458,0.08723598
2024-07-04,spark-lend,1690961162,0.13418775
2024-07-04,kamino,561764731,0.04457935
2024-07-04,fluid,265419440,0.02106260
2024-07-04,euler,0,0.00000000
2024-07-04,compound,948011656,0.07523033
2024-07-05,aave,7811446310,0.63944592
2024-07-05,morpho,1146150202,0.09382399
2024-07-05,spark-lend,1551477484,0.12700413
2024-07-05,kamino,528585440,0.04327007
2024-07-05,fluid,255793474,0.02093928
2024-07-05,euler,0,0.00000000
2024-07-05,compound,922507966,0.07551661
2024-07-06,aave,7448594413,0.63747416
2024-07-06,morpho,1098169484,0.09398480
2024-07-06,spark-lend,1537358104,0.13157195
2024-07-06,kamino,538180294,0.04605916
2024-07-06,fluid,240339225,0.02056899
2024-07-06,euler,0,0.00000000
2024-07-06,compound,821901806,0.07034094
2024-07-07,aave,7556547399,0.63721819
2024-07-07,morpho,1114811155,0.09400827
2024-07-07,spark-lend,1556279454,0.13123580
2024-07-07,kamino,557962191,0.04705107
2024-07-07,fluid,247999897,0.02091300
2024-07-07,euler,0,0.00000000
2024-07-07,compound,825049814,0.06957367
2024-07-08,aave,7422664594,0.63922089
2024-07-08,morpho,1088500329,0.09373886
2024-07-08,spark-lend,1515838250,0.13054011
2024-07-08,kamino,526320119,0.04532534
2024-07-08,fluid,236231705,0.02034367
2024-07-08,euler,0,0.00000000
2024-07-08,compound,822494406,0.07083113
2024-07-09,aave,7430829934,0.63482682
2024-07-09,morpho,1099858848,0.09396257
2024-07-09,spark-lend,1568114428,0.13396634
2024-07-09,kamino,531115288,0.04537397
2024-07-09,fluid,248600735,0.02123833
2024-07-09,euler,0,0.00000000
2024-07-09,compound,826767514,0.07063197
2024-07-10,aave,7472762035,0.63180459
2024-07-10,morpho,1137065423,0.09613623
2024-07-10,spark-lend,1571318495,0.13285131
2024-07-10,kamino,527332620,0.04458474
2024-07-10,fluid,275124259,0.02326111
2024-07-10,euler,0,0.00000000
2024-07-10,compound,844044846,0.07136202
2024-07-11,aave,7477289436,0.63008523
2024-07-11,morpho,1148114474,0.09674762
2024-07-11,spark-lend,1576144361,0.13281622
2024-07-11,kamino,525172378,0.04425445
2024-07-11,fluid,292797547,0.02467303
2024-07-11,euler,0,0.00000000
2024-07-11,compound,847589666,0.07142345
2024-07-12,aave,7506336949,0.63165322
2024-07-12,morpho,1171837929,0.09860938
2024-07-12,spark-lend,1557656257,0.13107573
2024-07-12,kamino,499546923,0.04203654
2024-07-12,fluid,299420682,0.02519605
2024-07-12,euler,0,0.00000000
2024-07-12,compound,848837220,0.07142908
2024-07-13,aave,7522978791,0.63172091
2024-07-13,morpho,1167516675,0.09803892
2024-07-13,spark-lend,1552063606,0.13033016
2024-07-13,kamino,505704993,0.04246515
2024-07-13,fluid,308579518,0.02591209
2024-07-13,euler,0,0.00000000
2024-07-13,compound,851862706,0.07153277
2024-07-14,aave,7591235532,0.63146189
2024-07-14,morpho,1179061578,0.09807790
2024-07-14,spark-lend,1562530952,0.12997604
2024-07-14,kamino,511428886,0.04254220
2024-07-14,fluid,321061095,0.02670683
2024-07-14,euler,0,0.00000000
2024-07-14,compound,856366284,0.07123514
2024-07-15,aave,7746454901,0.63147475
2024-07-15,morpho,1213249900,0.09890159
2024-07-15,spark-lend,1571911343,0.12813891
2024-07-15,kamino,525727669,0.04285622
2024-07-15,fluid,340117118,0.02772563
2024-07-15,euler,0,0.00000000
2024-07-15,compound,869783220,0.07090290
2024-07-16,aave,8035042026,0.63276691
2024-07-16,morpho,1246022597,0.09812542
2024-07-16,spark-lend,1637689859,0.12896957
2024-07-16,kamino,552581988,0.04351634
2024-07-16,fluid,357686429,0.02816813
2024-07-16,euler,0,0.00000000
2024-07-16,compound,869242283,0.06845363
2024-07-17,aave,8083837607,0.63424884
2024-07-17,morpho,1243262947,0.09754502
2024-07-17,spark-lend,1632847719,0.12811140
2024-07-17,kamino,547615056,0.04296526
2024-07-17,fluid,355334113,0.02787912
2024-07-17,euler,0,0.00000000
2024-07-17,compound,882632624,0.06925036
2024-07-18,aave,8097109833,0.63507105
2024-07-18,morpho,1243302664,0.09751449
2024-07-18,spark-lend,1635502558,0.12827544
2024-07-18,kamino,532020081,0.04172730
2024-07-18,fluid,353269187,0.02770754
2024-07-18,euler,0,0.00000000
2024-07-18,compound,888723075,0.06970418
2024-07-19,aave,8172273512,0.63633213
2024-07-19,morpho,1240249275,0.09657171
2024-07-19,spark-lend,1645423679,0.12812052
2024-07-19,kamino,539114298,0.04197801
2024-07-19,fluid,347339268,0.02704549
2024-07-19,euler,0,0.00000000
2024-07-19,compound,898379948,0.06995214
2024-07-20,aave,8318942740,0.63461307
2024-07-20,morpho,1251260224,0.09545277
2024-07-20,spark-lend,1682763394,0.12837012
2024-07-20,kamino,562264048,0.04289248
2024-07-20,fluid,356642451,0.02720658
2024-07-20,euler,0,0.00000000
2024-07-20,compound,936812010,0.07146498
2024-07-21,aave,8401072489,0.63921762
2024-07-21,morpho,1254782766,0.09547344
2024-07-21,spark-lend,1660529179,0.12634572
2024-07-21,kamino,575039357,0.04375338
2024-07-21,fluid,367594096,0.02796936
2024-07-21,euler,0,0.00000000
2024-07-21,compound,883724407,0.06724048
2024-07-22,aave,8493063113,0.63966345
2024-07-22,morpho,1257509803,0.09471060
2024-07-22,spark-lend,1663991807,0.12532519
2024-07-22,kamino,601629265,0.04531230
2024-07-22,fluid,368949363,0.02778779
2024-07-22,euler,0,0.00000000
2024-07-22,compound,892249711,0.06720067
2024-07-23,aave,8441256330,0.64138170
2024-07-23,morpho,1243111577,0.09445383
2024-07-23,spark-lend,1648122645,0.12522730
2024-07-23,kamino,589710135,0.04480723
2024-07-23,fluid,359908868,0.02734652
2024-07-23,euler,0,0.00000000
2024-07-23,compound,878939979,0.06678342
2024-07-24,aave,8687597658,0.64667755
2024-07-24,morpho,1235849696,0.09199278
2024-07-24,spark-lend,1666109507,0.12401997
2024-07-24,kamino,581583218,0.04329123
2024-07-24,fluid,362728949,0.02700041
2024-07-24,euler,0,0.00000000
2024-07-24,compound,900334246,0.06701806
2024-07-25,aave,8531303429,0.64435124
2024-07-25,morpho,1157730857,0.08744095
2024-07-25,spark-lend,1713432566,0.12941192
2024-07-25,kamino,586748092,0.04431584
2024-07-25,fluid,352503816,0.02662386
2024-07-25,euler,0,0.00000000
2024-07-25,compound,898425635,0.06785619
2024-07-26,aave,8282196458,0.64205586
2024-07-26,morpho,1122265663,0.08700074
2024-07-26,spark-lend,1691151036,0.13110211
2024-07-26,kamino,571915010,0.04433623
2024-07-26,fluid,340453378,0.02639277
2024-07-26,euler,0,0.00000000
2024-07-26,compound,891513655,0.06911229
2024-07-27,aave,8424756499,0.64146964
2024-07-27,morpho,1141145347,0.08688798
2024-07-27,spark-lend,1718392393,0.13084017
2024-07-27,kamino,594919784,0.04529780
2024-07-27,fluid,360671338,0.02746189
2024-07-27,euler,0,0.00000000
2024-07-27,compound,893638096,0.06804252
2024-07-28,aave,8443096550,0.64196936
2024-07-28,morpho,1154269823,0.08776470
2024-07-28,spark-lend,1705334275,0.12966479
2024-07-28,kamino,596383100,0.04534588
2024-07-28,fluid,363146225,0.02761176
2024-07-28,euler,0,0.00000000
2024-07-28,compound,889638436,0.06764351
2024-07-29,aave,8460412936,0.64412105
2024-07-29,morpho,1156869125,0.08807652
2024-07-29,spark-lend,1701812584,0.12956499
2024-07-29,kamino,603137351,0.04591897
2024-07-29,fluid,363907869,0.02770559
2024-07-29,euler,0,0.00000000
2024-07-29,compound,848678338,0.06461288
2024-07-30,aave,8654269386,0.64831667
2024-07-30,morpho,1173790867,0.08793211
2024-07-30,spark-lend,1711934928,0.12824606
2024-07-30,kamino,603662027,0.04522209
2024-07-30,fluid,367411535,0.02752387
2024-07-30,euler,0,0.00000000
2024-07-30,compound,837761926,0.06275920
2024-07-31,aave,8664668611,0.65074125
2024-07-31,morpho,1132306015,0.08503940
2024-07-31,spark-lend,1720319295,0.12920087
2024-07-31,kamino,596831460,0.04482374
2024-07-31,fluid,361629475,0.02715940
2024-07-31,euler,0,0.00000000
2024-07-31,compound,839320155,0.06303534
2024-08-01,aave,8668437833,0.65369562
2024-08-01,morpho,1091993623,0.08234834
2024-08-01,spark-lend,1718276253,0.12957694
2024-08-01,kamino,578356304,0.04361443
2024-08-01,fluid,358528519,0.02703700
2024-08-01,euler,0,0.00000000
2024-08-01,compound,845071332,0.06372767
2024-08-02,aave,8527472377,0.65200415
2024-08-02,morpho,1070806720,0.08187308
2024-08-02,spark-lend,1713040481,0.13097779
2024-08-02,kamino,563627602,0.04309454
2024-08-02,fluid,360314950,0.02754941
2024-08-02,euler,0,0.00000000
2024-08-02,compound,843599903,0.06450103
2024-08-03,aave,8252201675,0.65337711
2024-08-03,morpho,1037351739,0.08213346
2024-08-03,spark-lend,1616323753,0.12797420
2024-08-03,kamino,543350250,0.04302035
2024-08-03,fluid,351192035,0.02780601
2024-08-03,euler,0,0.00000000
2024-08-03,compound,829655224,0.06568887
2024-08-04,aave,8079207970,0.65298017
2024-08-04,morpho,1008149378,0.08148095
2024-08-04,spark-lend,1602426655,0.12951181
2024-08-04,kamino,524771868,0.04241327
2024-08-04,fluid,344119143,0.02781250
2024-08-04,euler,0,0.00000000
2024-08-04,compound,814147918,0.06580130
2024-08-05,aave,7725269970,0.65166755
2024-08-05,morpho,959965223,0.08097816
2024-08-05,spark-lend,1540890763,0.12998232
2024-08-05,kamino,503371891,0.04246209
2024-08-05,fluid,323808688,0.02731498
2024-08-05,euler,0,0.00000000
2024-08-05,compound,801311649,0.06759490
2024-08-06,aave,6674744019,0.63695984
2024-08-06,morpho,863988229,0.08244898
2024-08-06,spark-lend,1519041370,0.14495962
2024-08-06,kamino,502417174,0.04794484
2024-08-06,fluid,237544780,0.02266851
2024-08-06,euler,0,0.00000000
2024-08-06,compound,681330075,0.06501821
2024-08-07,aave,6799516004,0.63675889
2024-08-07,morpho,878301749,0.08225092
2024-08-07,spark-lend,1517847510,0.14214290
2024-08-07,kamino,548847792,0.05139832
2024-08-07,fluid,242932852,0.02275010
2024-08-07,euler,0,0.00000000
2024-08-07,compound,690875345,0.06469887
2024-08-08,aave,6632591906,0.63632683
2024-08-08,morpho,842352757,0.08081481
2024-08-08,spark-lend,1477584984,0.14175860
2024-08-08,kamino,559593005,0.05368701
2024-08-08,fluid,238118134,0.02284491
2024-08-08,euler,0,0.00000000
2024-08-08,compound,673006557,0.06456784
2024-08-09,aave,7067981461,0.63809201
2024-08-09,morpho,880237698,0.07946719
2024-08-09,spark-lend,1564028227,0.14119928
2024-08-09,kamino,614918887,0.05551441
2024-08-09,fluid,258864411,0.02337008
2024-08-09,euler,0,0.00000000
2024-08-09,compound,690712669,0.06235703
2024-08-10,aave,7277880641,0.64767125
2024-08-10,morpho,894558401,0.07960831
2024-08-10,spark-lend,1513228570,0.13466484
2024-08-10,kamino,601137116,0.05349624
2024-08-10,fluid,261290137,0.02325266
2024-08-10,euler,0,0.00000000
2024-08-10,compound,688903278,0.06130670
2024-08-11,aave,7238339889,0.64548855
2024-08-11,morpho,890280480,0.07939194
2024-08-11,spark-lend,1524637126,0.13596154
2024-08-11,kamino,601919141,0.05367694
2024-08-11,fluid,267463944,0.02385145
2024-08-11,euler,0,0.00000000
2024-08-11,compound,691097966,0.06162958
2024-08-12,aave,7156800641,0.64570385
2024-08-12,morpho,894728013,0.08072452
2024-08-12,spark-lend,1503834924,0.13567962
2024-08-12,kamino,577028650,0.05206092
2024-08-12,fluid,264726498,0.02388426
2024-08-12,euler,0,0.00000000
2024-08-12,compound,686601216,0.06194683
2024-08-13,aave,7289497245,0.64468902
2024-08-13,morpho,915459543,0.08096398
2024-08-13,spark-lend,1548497277,0.13695035
2024-08-13,kamino,587258681,0.05193763
2024-08-13,fluid,270861935,0.02395525
2024-08-13,euler,0,0.00000000
2024-08-13,compound,695423015,0.06150377
2024-08-14,aave,7386775743,0.64578590
2024-08-14,morpho,912741257,0.07979604
2024-08-14,spark-lend,1571615607,0.13739786
2024-08-14,kamino,591764280,0.05173475
2024-08-14,fluid,274760724,0.02402085
2024-08-14,euler,0,0.00000000
2024-08-14,compound,700770813,0.06126460
2024-08-15,aave,7321654573,0.64473765
2024-08-15,morpho,899546049,0.07921313
2024-08-15,spark-lend,1573136139,0.13852881
2024-08-15,kamino,581409351,0.05119833
2024-08-15,fluid,278065521,0.02448617
2024-08-15,euler,0,0.00000000
2024-08-15,compound,702209772,0.06183591
2024-08-16,aave,7165038350,0.64457005
2024-08-16,morpho,847767596,0.07626555
2024-08-16,spark-lend,1546321046,0.13910773
2024-08-16,kamino,578707849,0.05206082
2024-08-16,fluid,272015626,0.02447065
2024-08-16,euler,0,0.00000000
2024-08-16,compound,706145884,0.06352520
2024-08-17,aave,7237429071,0.64597032
2024-08-17,morpho,856468397,0.07644333
2024-08-17,spark-lend,1550537213,0.13839182
2024-08-17,kamino,569956505,0.05087096
2024-08-17,fluid,276092220,0.02464237
2024-08-17,euler,0,0.00000000
2024-08-17,compound,713482004,0.06368120
2024-08-18,aave,7254954733,0.64591738
2024-08-18,morpho,857912308,0.07638097
2024-08-18,spark-lend,1556853910,0.13860858
2024-08-18,kamino,573880032,0.05109323
2024-08-18,fluid,278124610,0.02476177
2024-08-18,euler,0,0.00000000
2024-08-18,compound,710290976,0.06323807
2024-08-19,aave,7317561444,0.64748067
2024-08-19,morpho,880193220,0.07788224
2024-08-19,spark-lend,1527305776,0.13514078
2024-08-19,kamino,576495474,0.05101012
2024-08-19,fluid,281453723,0.02490390
2024-08-19,euler,0,0.00000000
2024-08-19,compound,718580953,0.06358229
2024-08-20,aave,7293727410,0.64653148
2024-08-20,morpho,869872794,0.07710737
2024-08-20,spark-lend,1531992774,0.13579909
2024-08-20,kamino,581363101,0.05153326
2024-08-20,fluid,285326936,0.02529199
2024-08-20,euler,0,0.00000000
2024-08-20,compound,719035349,0.06373681
2024-08-21,aave,7307529238,0.64792870
2024-08-21,morpho,851148786,0.07546788
2024-08-21,spark-lend,1519326147,0.13471243
2024-08-21,kamino,579703784,0.05139996
2024-08-21,fluid,290596973,0.02576604
2024-08-21,euler,0,0.00000000
2024-08-21,compound,729987245,0.06472499
2024-08-22,aave,7431144388,0.64867446
2024-08-22,morpho,867675381,0.07574054
2024-08-22,spark-lend,1535887267,0.13406964
2024-08-22,kamino,578664645,0.05051241
2024-08-22,fluid,299373949,0.02613275
2024-08-22,euler,0,0.00000000
2024-08-22,compound,743146096,0.06487020
2024-08-23,aave,7428993144,0.64821170
2024-08-23,morpho,860613264,0.07509222
2024-08-23,spark-lend,1535148200,0.13394830
2024-08-23,kamino,586618096,0.05118496
2024-08-23,fluid,303116210,0.02644820
2024-08-23,euler,0,0.00000000
2024-08-23,compound,746262495,0.06511462
2024-08-24,aave,7673566336,0.64840643
2024-08-24,morpho,890134813,0.07521524
2024-08-24,spark-lend,1573250831,0.13293766
2024-08-24,kamino,612925379,0.05179140
2024-08-24,fluid,320712419,0.02709978
2024-08-24,euler,0,0.00000000
2024-08-24,compound,763910873,0.06454949
2024-08-25,aave,7648577318,0.64632567
2024-08-25,morpho,858148707,0.07251591
2024-08-25,spark-lend,1599892033,0.13519525
2024-08-25,kamino,628444660,0.05310529
2024-08-25,fluid,332713651,0.02811521
2024-08-25,euler,0,0.00000000
2024-08-25,compound,766160752,0.06474267
2024-08-26,aave,7933779444,0.65424959
2024-08-26,morpho,859278395,0.07085936
2024-08-26,spark-lend,1592159633,0.13129553
2024-08-26,kamino,629924524,0.05194597
2024-08-26,fluid,343761544,0.02834788
2024-08-26,euler,10,0.00000000
2024-08-26,compound,767629693,0.06330167
2024-08-27,aave,7811105194,0.65212738
2024-08-27,morpho,852055687,0.07113575
2024-08-27,spark-lend,1564710936,0.13063335
2024-08-27,kamino,647532011,0.05406064
2024-08-27,fluid,339451290,0.02833984
2024-08-27,euler,278,0.00000002
2024-08-27,compound,763027130,0.06370302
2024-08-28,aave,7377472506,0.64787723
2024-08-28,morpho,815536972,0.07161909
2024-08-28,spark-lend,1504494380,0.13212217
2024-08-28,kamino,621254865,0.05455756
2024-08-28,fluid,319462621,0.02805467
2024-08-28,euler,7661,0.00000067
2024-08-28,compound,748916783,0.06576861
2024-08-29,aave,7458685676,0.64836140
2024-08-29,morpho,824843487,0.07170120
2024-08-29,spark-lend,1523658731,0.13244713
2024-08-29,kamino,617320241,0.05366182
2024-08-29,fluid,325616645,0.02830489
2024-08-29,euler,7661,0.00000067
2024-08-29,compound,753769021,0.06552289
2024-08-30,aave,7469735890,0.64940211
2024-08-30,morpho,817856145,0.07110258
2024-08-30,spark-lend,1518522895,0.13201698
2024-08-30,kamino,609792780,0.05301402
2024-08-30,fluid,328491978,0.02855836
2024-08-30,euler,7661,0.00000067
2024-08-30,compound,758074305,0.06590528
2024-08-31,aave,7440959951,0.64942407
2024-08-31,morpho,813308849,0.07098309
2024-08-31,spark-lend,1517687684,0.13245911
2024-08-31,kamino,601046644,0.05245750
2024-08-31,fluid,325543541,0.02841244
2024-08-31,euler,7661,0.00000067
2024-08-31,compound,759228486,0.06626312
2024-09-01,aave,7439876983,0.65034327
2024-09-01,morpho,813143944,0.07107949
2024-09-01,spark-lend,1512748335,0.13223414
2024-09-01,kamino,589067354,0.05149225
2024-09-01,fluid,325687745,0.02846940
2024-09-01,euler,7661,0.00000067
2024-09-01,compound,759390981,0.06638078
2024-09-02,aave,7291843833,0.64929687
2024-09-02,morpho,808447524,0.07198762
2024-09-02,spark-lend,1492595932,0.13290711
2024-09-02,kamino,570195223,0.05077261
2024-09-02,fluid,317372553,0.02826021
2024-09-02,euler,7661,0.00000068
2024-09-02,compound,749906798,0.06677490
2024-09-03,aave,7475741584,0.64968800
2024-09-03,morpho,815738373,0.07089269
2024-09-03,spark-lend,1524712880,0.13250694
2024-09-03,kamino,576290510,0.05008320
2024-09-03,fluid,327694150,0.02847864
2024-09-03,euler,7661,0.00000067
2024-09-03,compound,786478930,0.06834986
2024-09-04,aave,7338706353,0.64861907
2024-09-04,morpho,807551177,0.07137404
2024-09-04,spark-lend,1503557954,0.13288941
2024-09-04,kamino,556127735,0.04915240
2024-09-04,fluid,324141917,0.02864873
2024-09-04,euler,341682,0.00003020
2024-09-04,compound,783928023,0.06928615
2024-09-05,aave,7458761593,0.65178467
2024-09-05,morpho,807818924,0.07059134
2024-09-05,spark-lend,1502139488,0.13126462
2024-09-05,kamino,571090485,0.04990480
2024-09-05,fluid,320225425,0.02798293
2024-09-05,euler,763183,0.00006669
2024-09-05,compound,782798717,0.06840495
2024-09-06,aave,7331193850,0.65152948
2024-09-06,morpho,796888281,0.07082014
2024-09-06,spark-lend,1483519987,0.13184169
2024-09-06,kamino,554673101,0.04929427
2024-09-06,fluid,313041276,0.02782025
2024-09-06,euler,916645,0.00008146
2024-09-06,compound,772049483,0.06861271
2024-09-07,aave,6978678983,0.64814272
2024-09-07,morpho,761965740,0.07076734
2024-09-07,spark-lend,1427817918,0.13260816
2024-09-07,kamino,537903815,0.04995766
2024-09-07,fluid,301590680,0.02801014
2024-09-07,euler,749580,0.00006962
2024-09-07,compound,758488201,0.07044436
2024-09-08,aave,7075567244,0.64907595
2024-09-08,morpho,757654840,0.06950334
2024-09-08,spark-lend,1430002188,0.13118101
2024-09-08,kamino,545552501,0.05004617
2024-09-08,fluid,329976731,0.03027036
2024-09-08,euler,765472,0.00007022
2024-09-08,compound,761466130,0.06985295
2024-09-09,aave,7162473682,0.64980192
2024-09-09,morpho,763939859,0.06930700
2024-09-09,spark-lend,1441566352,0.13078339
2024-09-09,kamino,551224826,0.05000883
2024-09-09,fluid,336769538,0.03055278
2024-09-09,euler,784594,0.00007118
2024-09-09,compound,765790357,0.06947490
2024-09-10,aave,7279372464,0.65124290
2024-09-10,morpho,761465046,0.06812383
2024-09-10,spark-lend,1454305683,0.13010823
2024-09-10,kamino,564877975,0.05053633
2024-09-10,fluid,342241527,0.03061835
2024-09-10,euler,799001,0.00007148
2024-09-10,compound,774599514,0.06929888
2024-09-11,aave,7330629777,0.65141760
2024-09-11,morpho,757822622,0.06734196
2024-09-11,spark-lend,1474726355,0.13104777
2024-09-11,kamino,569417805,0.05059985
2024-09-11,fluid,344706990,0.03063150
2024-09-11,euler,802376,0.00007130
2024-09-11,compound,775243302,0.06889002
2024-09-12,aave,7299218875,0.65150282
2024-09-12,morpho,759451014,0.06778595
2024-09-12,spark-lend,1457592358,0.13009961
2024-09-12,kamino,567880167,0.05068700
2024-09-12,fluid,340348637,0.03037833
2024-09-12,euler,1199724,0.00010708
2024-09-12,compound,777973443,0.06943921
2024-09-13,aave,7328565146,0.64720976
2024-09-13,morpho,759613129,0.06708394
2024-09-13,spark-lend,1467397582,0.12959072
2024-09-13,kamino,642624089,0.05675225
2024-09-13,fluid,342638809,0.03025956
2024-09-13,euler,1204786,0.00010640
2024-09-13,compound,781279443,0.06899737
2024-09-14,aave,7590181488,0.65027101
2024-09-14,morpho,769050058,0.06588656
2024-09-14,spark-lend,1486415837,0.12734519
2024-09-14,kamino,686021060,0.05877325
2024-09-14,fluid,350869937,0.03005996
2024-09-14,euler,1261809,0.00010810
2024-09-14,compound,788535508,0.06755593
2024-09-15,aave,7578705966,0.65114068
2024-09-15,morpho,765901292,0.06580404
2024-09-15,spark-lend,1476728328,0.12687626
2024-09-15,kamino,685534186,0.05889913
2024-09-15,fluid,345886665,0.02971759
2024-09-15,euler,1244404,0.00010692
2024-09-15,compound,785121422,0.06745538
2024-09-16,aave,7483398945,0.65108137
2024-09-16,morpho,761803638,0.06627953
2024-09-16,spark-lend,1451811355,0.12631257
2024-09-16,kamino,666320908,0.05797220
2024-09-16,fluid,340303585,0.02960758
2024-09-16,euler,1227882,0.00010683
2024-09-16,compound,788933446,0.06863992
2024-09-17,aave,7402517133,0.65003822
2024-09-17,morpho,757184749,0.06649077
2024-09-17,spark-lend,1445028114,0.12689245
2024-09-17,kamino,665870641,0.05847219
2024-09-17,fluid,332243038,0.02917530
2024-09-17,euler,1208447,0.00010612
2024-09-17,compound,783766140,0.06882495
2024-09-18,aave,7499169876,0.65126544
2024-09-18,morpho,768644226,0.06675291
2024-09-18,spark-lend,1455907778,0.12643832
2024-09-18,kamino,663478445,0.05761979
2024-09-18,fluid,336075667,0.02918649
2024-09-18,euler,1264592,0.00010982
2024-09-18,compound,790226473,0.06862723
2024-09-19,aave,7523246886,0.65254885
2024-09-19,morpho,761524709,0.06605287
2024-09-19,spark-lend,1460216600,0.12665577
2024-09-19,kamino,660844478,0.05732011
2024-09-19,fluid,335746814,0.02912189
2024-09-19,euler,1361272,0.00011807
2024-09-19,compound,786076454,0.06818244
2024-09-20,aave,7712165287,0.65300021
2024-09-20,morpho,779285062,0.06598320
2024-09-20,spark-lend,1481226767,0.12541762
2024-09-20,kamino,702773820,0.05950488
2024-09-20,fluid,341263557,0.02889528
2024-09-20,euler,1404670,0.00011894
2024-09-20,compound,792237285,0.06707987
2024-09-21,aave,7850789441,0.65239260
2024-09-21,morpho,798886975,0.06638669
2024-09-21,spark-lend,1504214576,0.12499870
2024-09-21,kamino,720414607,0.05986572
2024-09-21,fluid,353537496,0.02937861
2024-09-21,euler,1420252,0.00011802
2024-09-21,compound,804578604,0.06685966
2024-09-22,aave,7884286017,0.65110652
2024-09-22,morpho,802641812,0.06628442
2024-09-22,spark-lend,1513325569,0.12497468
2024-09-22,kamino,727621609,0.06008904
2024-09-22,fluid,364858426,0.03013104
2024-09-22,euler,1426282,0.00011779
2024-09-22,compound,814897309,0.06729651
2024-09-23,aave,7846442119,0.65093290
2024-09-23,morpho,805247019,0.06680248
2024-09-23,spark-lend,1510995680,0.12535067
2024-09-23,kamino,706134392,0.05858019
2024-09-23,fluid,366029068,0.03036540
2024-09-23,euler,1628576,0.00013511
2024-09-23,compound,817672160,0.06783325
2024-09-24,aave,8067551379,0.65604412
2024-09-24,morpho,813147022,0.06612419
2024-09-24,spark-lend,1502559034,0.12218640
2024-09-24,kamino,705246053,0.05734981
2024-09-24,fluid,376134538,0.03058683
2024-09-24,euler,1668903,0.00013571
2024-09-24,compound,830962583,0.06757294
2024-09-25,aave,8179765315,0.65671415
2024-09-25,morpho,820932893,0.06590877
2024-09-25,spark-lend,1511330483,0.12133748
2024-09-25,kamino,741811119,0.05955646
2024-09-25,fluid,378815959,0.03041332
2024-09-25,euler,1672938,0.00013431
2024-09-25,compound,821266053,0.06593551
2024-09-26,aave,8124694671,0.65908326
2024-09-26,morpho,811631180,0.06584032
2024-09-26,spark-lend,1488461935,0.12074550
2024-09-26,kamino,727826768,0.05904203
2024-09-26,fluid,368118590,0.02986214
2024-09-26,euler,1646991,0.00013361
2024-09-26,compound,804885927,0.06529314
2024-09-27,aave,8377970109,0.66323525
2024-09-27,morpho,825538281,0.06535307
2024-09-27,spark-lend,1505774236,0.11920340
2024-09-27,kamino,751654534,0.05950413
2024-09-27,fluid,355046341,0.02810696
2024-09-27,euler,1673868,0.00013251
2024-09-27,compound,814316054,0.06446468
2024-09-28,aave,8527719632,0.66577625
2024-09-28,morpho,825531705,0.06445092
2024-09-28,spark-lend,1521856316,0.11881439
2024-09-28,kamino,755938050,0.05901761
2024-09-28,fluid,353325683,0.02758485
2024-09-28,euler,1949506,0.00015220
2024-09-28,compound,822366122,0.06420378
2024-09-29,aave,8550736654,0.66802797
2024-09-29,morpho,811663252,0.06341135
2024-09-29,spark-lend,1508881309,0.11788165
2024-09-29,kamino,755328131,0.05901016
2024-09-29,fluid,353302542,0.02760183
2024-09-29,euler,2261835,0.00017671
2024-09-29,compound,817794257,0.06389033
2024-09-30,aave,8550787608,0.66893022
2024-09-30,morpho,805179960,0.06298943
2024-09-30,spark-lend,1498331546,0.11721485
2024-09-30,kamino,762800314,0.05967406
2024-09-30,fluid,352531543,0.02757863
2024-09-30,euler,2255351,0.00017644
2024-09-30,compound,810893326,0.06343637
2024-10-01,aave,8491328388,0.66950626
2024-10-01,morpho,806969125,0.06362619
2024-10-01,spark-lend,1478680351,0.11658785
2024-10-01,kamino,744022608,0.05866312
2024-10-01,fluid,352765099,0.02781407
2024-10-01,euler,2240732,0.00017667
2024-10-01,compound,806964505,0.06362584
2024-10-02,aave,8140111187,0.66634953
2024-10-02,morpho,783665822,0.06415089
2024-10-02,spark-lend,1430601522,0.11710905
2024-10-02,kamino,724586647,0.05931467
2024-10-02,fluid,335882412,0.02749534
2024-10-02,euler,2649167,0.00021686
2024-10-02,compound,798481219,0.06536366
2024-10-03,aave,7974485770,0.66533728
2024-10-03,morpho,770453079,0.06428141
2024-10-03,spark-lend,1399848683,0.11679393
2024-10-03,kamino,717301525,0.05984680
2024-10-03,fluid,328547008,0.02741175
2024-10-03,euler,2824321,0.00023564
2024-10-03,compound,792168610,0.06609319
2024-10-04,aave,7970357396,0.66753921
2024-10-04,morpho,758673951,0.06354102
2024-10-04,spark-lend,1387858671,0.11623696
2024-10-04,kamino,710717944,0.05952457
2024-10-04,fluid,318181522,0.02664857
2024-10-04,euler,2813247,0.00023562
2024-10-04,compound,791306306,0.06627405
2024-10-05,aave,8110006032,0.66765581
2024-10-05,morpho,770393558,0.06342261
2024-10-05,spark-lend,1404899438,0.11565827
2024-10-05,kamino,738067120,0.06076134
2024-10-05,fluid,319973686,0.02634182
2024-10-05,euler,2867906,0.00023610
2024-10-05,compound,800778642,0.06592405
2024-10-06,aave,8080103119,0.66661061
2024-10-06,morpho,769210865,0.06346010
2024-10-06,spark-lend,1401687555,0.11563959
2024-10-06,kamino,747390433,0.06165991
2024-10-06,fluid,318504871,0.02627673
2024-10-06,euler,2863021,0.00023620
2024-10-06,compound,801413944,0.06611686
2024-10-07,aave,8176874682,0.66688029
2024-10-07,morpho,773834043,0.06311148
2024-10-07,spark-lend,1410293116,0.11501909
2024-10-07,kamino,768226586,0.06265415
2024-10-07,fluid,323585872,0.02639065
2024-10-07,euler,2619565,0.00021364
2024-10-07,compound,805949150,0.06573070
2024-10-08,aave,8272620086,0.67038963
2024-10-08,morpho,781101639,0.06329826
2024-10-08,spark-lend,1392649514,0.11285636
2024-10-08,kamino,753166990,0.06103451
2024-10-08,fluid,324384781,0.02628722
2024-10-08,euler,2621255,0.00021242
2024-10-08,compound,813473723,0.06592160
2024-10-09,aave,8277459347,0.66984780
2024-10-09,morpho,793005673,0.06417345
2024-10-09,spark-lend,1399747640,0.11327363
2024-10-09,kamino,744192171,0.06022325
2024-10-09,fluid,326554564,0.02642621
2024-10-09,euler,2647433,0.00021424
2024-10-09,compound,813617255,0.06584142
2024-10-10,aave,8171604286,0.66835941
2024-10-10,morpho,787984090,0.06444959
2024-10-10,spark-lend,1390025791,0.11369087
2024-10-10,kamino,733783110,0.06001647
2024-10-10,fluid,322158512,0.02634950
2024-10-10,euler,2989088,0.00024448
2024-10-10,compound,817817365,0.06688968
2024-10-11,aave,8156373131,0.66758625
2024-10-11,morpho,773423993,0.06330353
2024-10-11,spark-lend,1390614631,0.11381961
2024-10-11,kamino,752989216,0.06163098
2024-10-11,fluid,318323854,0.02605430
2024-10-11,euler,2918601,0.00023888
2024-10-11,compound,823063401,0.06736645
2024-10-12,aave,8359813506,0.66820041
2024-10-12,morpho,780674337,0.06239935
2024-10-12,spark-lend,1427607315,0.11410874
2024-10-12,kamino,787330476,0.06293137
2024-10-12,fluid,322756499,0.02579795
2024-10-12,euler,3341617,0.00026710
2024-10-12,compound,829413638,0.06629508
2024-10-13,aave,8381754872,0.66873304
2024-10-13,morpho,762644629,0.06084712
2024-10-13,spark-lend,1435222138,0.11450830
2024-10-13,kamino,802259488,0.06400777
2024-10-13,fluid,322929287,0.02576471
2024-10-13,euler,3359098,0.00026800
2024-10-13,compound,825613575,0.06587106
2024-10-14,aave,8393734550,0.66895340
2024-10-14,morpho,760230551,0.06058791
2024-10-14,spark-lend,1432114627,0.11413489
2024-10-14,kamino,813085867,0.06480030
2024-10-14,fluid,322259106,0.02568300
2024-10-14,euler,3279962,0.00026140
2024-10-14,compound,822857799,0.06557910
2024-10-15,aave,8821564723,0.67295463
2024-10-15,morpho,785028687,0.05988605
2024-10-15,spark-lend,1471659974,0.11226584
2024-10-15,kamino,860027997,0.06560739
2024-10-15,fluid,332794048,0.02538725
2024-10-15,euler,3524563,0.00026887
2024-10-15,compound,834106435,0.06362997
2024-10-16,aave,8781096695,0.67342081
2024-10-16,morpho,781067187,0.05989991
2024-10-16,spark-lend,1460276829,0.11198838
2024-10-16,kamino,856211040,0.06566268
2024-10-16,fluid,329480317,0.02526779
2024-10-16,euler,3477296,0.00026667
2024-10-16,compound,827929331,0.06349376
2024-10-17,aave,8829139931,0.67496756
2024-10-17,morpho,766844815,0.05862353
2024-10-17,spark-lend,1457667480,0.11143535
2024-10-17,kamino,855579174,0.06540707
2024-10-17,fluid,331431816,0.02533720
2024-10-17,euler,4401500,0.00033648
2024-10-17,compound,835771188,0.06389281
2024-10-18,aave,8735309418,0.67571156
2024-10-18,morpho,738367198,0.05711569
2024-10-18,spark-lend,1443853133,0.11168789
2024-10-18,kamino,839559024,0.06494329
2024-10-18,fluid,329358680,0.02547723
2024-10-18,euler,4411139,0.00034122
2024-10-18,compound,836712703,0.06472312
2024-10-19,aave,9026265600,0.68102615
2024-10-19,morpho,741813481,0.05596937
2024-10-19,spark-lend,1463911292,0.11045120
2024-10-19,kamino,856036469,0.06458742
2024-10-19,fluid,333448184,0.02515846
2024-10-19,euler,4442077,0.00033515
2024-10-19,compound,828002196,0.06247225
2024-10-20,aave,9067743940,0.68101223
2024-10-20,morpho,742836269,0.05578902
2024-10-20,spark-lend,1461468067,0.10976023
2024-10-20,kamino,874187518,0.06565386
2024-10-20,fluid,334835206,0.02514703
2024-10-20,euler,4410515,0.00033124
2024-10-20,compound,829615474,0.06230639
2024-10-21,aave,9322807740,0.68398395
2024-10-21,morpho,751199599,0.05511306
2024-10-21,spark-lend,1496234104,0.10977381
2024-10-21,kamino,880112892,0.06457101
2024-10-21,fluid,341225993,0.02503464
2024-10-21,euler,4514219,0.00033119
2024-10-21,compound,834061125,0.06119234
2024-10-22,aave,9228101453,0.68279999
2024-10-22,morpho,756321508,0.05596127
2024-10-22,spark-lend,1486005700,0.10995162
2024-10-22,kamino,870204240,0.06438761
2024-10-22,fluid,340842087,0.02521938
2024-10-22,euler,4401198,0.00032565
2024-10-22,compound,829211174,0.06135448
2024-10-23,aave,9169462313,0.67504852
2024-10-23,morpho,874673947,0.06439280
2024-10-23,spark-lend,1492461124,0.10987380
2024-10-23,kamino,873376601,0.06429729
2024-10-23,fluid,342230873,0.02519476
2024-10-23,euler,4247996,0.00031273
2024-10-23,compound,826959273,0.06088010
2024-10-24,aave,9022419011,0.67206682
2024-10-24,morpho,861336992,0.06415973
2024-10-24,spark-lend,1487176166,0.11077758
2024-10-24,kamino,889867560,0.06628494
2024-10-24,fluid,332509989,0.02476818
2024-10-24,euler,4189224,0.00031205
2024-10-24,compound,827385005,0.06163070
2024-10-25,aave,9072663044,0.66940962
2024-10-25,morpho,857322259,0.06325593
2024-10-25,spark-lend,1526597923,0.11263720
2024-10-25,kamino,914992794,0.06751105
2024-10-25,fluid,337060328,0.02486937
2024-10-25,euler,4727306,0.00034880
2024-10-25,compound,839867082,0.06196803
2024-10-26,aave,8792305890,0.65884740
2024-10-26,morpho,859662753,0.06441843
2024-10-26,spark-lend,1612003654,0.12079475
2024-10-26,kamino,876054425,0.06564674
2024-10-26,fluid,342733314,0.02568256
2024-10-26,euler,5612989,0.00042061
2024-10-26,compound,856607710,0.06418951
2024-10-27,aave,8827580890,0.65917592
2024-10-27,morpho,845644218,0.06314621
2024-10-27,spark-lend,1624123800,0.12127709
2024-10-27,kamino,899102848,0.06713809
2024-10-27,fluid,343151129,0.02562389
2024-10-27,euler,5614629,0.00041926
2024-10-27,compound,846626152,0.06321954
2024-10-28,aave,8907850335,0.65737971
2024-10-28,morpho,850139031,0.06273839
2024-10-28,spark-lend,1665672233,0.12292294
2024-10-28,kamino,920450582,0.06792722
2024-10-28,fluid,349092105,0.02576223
2024-10-28,euler,5638856,0.00041614
2024-10-28,compound,851697284,0.06285337
2024-10-29,aave,9186385343,0.65925658
2024-10-29,morpho,904518623,0.06491235
2024-10-29,spark-lend,1692287544,0.12144621
2024-10-29,kamino,927994923,0.06659711
2024-10-29,fluid,356306590,0.02557017
2024-10-29,euler,5390491,0.00038685
2024-10-29,compound,861577826,0.06183073
2024-10-30,aave,9346133047,0.65680790
2024-10-30,morpho,916654636,0.06441873
2024-10-30,spark-lend,1779205691,0.12503528
2024-10-30,kamino,917101263,0.06445012
2024-10-30,fluid,372129594,0.02615174
2024-10-30,euler,5730782,0.00040274
2024-10-30,compound,892674504,0.06273349
2024-10-31,aave,9423689729,0.65976880
2024-10-31,morpho,917247681,0.06421809
2024-10-31,spark-lend,1775823148,0.12432845
2024-10-31,kamino,906059753,0.06343481
2024-10-31,fluid,382852087,0.02680414
2024-10-31,euler,5757979,0.00040313
2024-10-31,compound,871890961,0.06104258
2024-11-01,aave,9217979088,0.65727215
2024-11-01,morpho,899766461,0.06415630
2024-11-01,spark-lend,1786498067,0.12738317
2024-11-01,kamino,885182101,0.06311639
2024-11-01,fluid,376428614,0.02684059
2024-11-01,euler,5760507,0.00041074
2024-11-01,compound,852985388,0.06082066
2024-11-02,aave,9072166270,0.65546297
2024-11-02,morpho,884192075,0.06388278
2024-11-02,spark-lend,1760580512,0.12720174
2024-11-02,kamino,879238200,0.06352486
2024-11-02,fluid,374455072,0.02705434
2024-11-02,euler,5957042,0.00043040
2024-11-02,compound,864263364,0.06244291
2024-11-03,aave,9060251198,0.65319237
2024-11-03,morpho,879557876,0.06341110
2024-11-03,spark-lend,1773209861,0.12783830
2024-11-03,kamino,898871436,0.06480350
2024-11-03,fluid,388085107,0.02797872
2024-11-03,euler,5957878,0.00042953
2024-11-03,compound,864790885,0.06234648
2024-11-04,aave,9048802036,0.65448101
2024-11-04,morpho,864192984,0.06250528
2024-11-04,spark-lend,1744399350,0.12616877
2024-11-04,kamino,908834059,0.06573407
2024-11-04,fluid,385859355,0.02790840
2024-11-04,euler,5898126,0.00042660
2024-11-04,compound,867934097,0.06277587
2024-11-05,aave,8910596825,0.65229842
2024-11-05,morpho,857018714,0.06273788
2024-11-05,spark-lend,1731174290,0.12673026
2024-11-05,kamino,908557100,0.06651074
2024-11-05,fluid,383010889,0.02803823
2024-11-05,euler,6347431,0.00046466
2024-11-05,compound,863601898,0.06321981
2024-11-06,aave,8970666642,0.65102069
2024-11-06,morpho,860701023,0.06246294
2024-11-06,spark-lend,1739620281,0.12624801
2024-11-06,kamino,943376174,0.06846285
2024-11-06,fluid,392237886,0.02846555
2024-11-06,euler,8478140,0.00061528
2024-11-06,compound,864307812,0.06272468
2024-11-07,aave,9797886117,0.66086912
2024-11-07,morpho,886053371,0.05976445
2024-11-07,spark-lend,1793258103,0.12095557
2024-11-07,kamino,1015071434,0.06846674
2024-11-07,fluid,422848449,0.02852120
2024-11-07,euler,8930842,0.00060239
2024-11-07,compound,901710435,0.06082053
2024-11-08,aave,10201554161,0.65886701
2024-11-08,morpho,904729457,0.05843192
2024-11-08,spark-lend,1976279811,0.12763796
2024-11-08,kamino,1047419955,0.06764758
2024-11-08,fluid,432816288,0.02795342
2024-11-08,euler,9133417,0.00058988
2024-11-08,compound,911546963,0.05887223
2024-11-09,aave,10385194402,0.65849475
2024-11-09,morpho,919730612,0.05831742
2024-11-09,spark-lend,2042905074,0.12953462
2024-11-09,kamino,1066569320,0.06762804
2024-11-09,fluid,422080445,0.02676288
2024-11-09,euler,10274547,0.00065148
2024-11-09,compound,924357622,0.05861081
2024-11-10,aave,10548025362,0.65681741
2024-11-10,morpho,945975414,0.05890516
2024-11-10,spark-lend,2129685804,0.13261389
2024-11-10,kamino,1070475664,0.06665769
2024-11-10,fluid,450110398,0.02802803
2024-11-10,euler,10458712,0.00065126
2024-11-10,compound,904564906,0.05632656
2024-11-11,aave,10742384209,0.65661871
2024-11-11,morpho,966629313,0.05908436
2024-11-11,spark-lend,2172969338,0.13282082
2024-11-11,kamino,1104710487,0.06752445
2024-11-11,fluid,455311490,0.02783051
2024-11-11,euler,10769870,0.00065830
2024-11-11,compound,907380795,0.05546285
2024-11-12,aave,11091988073,0.65932269
2024-11-12,morpho,988853176,0.05877876
2024-11-12,spark-lend,2184400697,0.12984371
2024-11-12,kamino,1152440760,0.06850263
2024-11-12,fluid,473616658,0.02815241
2024-11-12,euler,11333895,0.00067370
2024-11-12,compound,920673939,0.05472610
2024-11-13,aave,10973666449,0.65631415
2024-11-13,morpho,992276282,0.05934616
2024-11-13,spark-lend,2226900011,0.13318666
2024-11-13,kamino,1117777015,0.06685212
2024-11-13,fluid,482808953,0.02887589
2024-11-13,euler,13291314,0.00079493
2024-11-13,compound,913423053,0.05463009
2024-11-14,aave,10945072320,0.65769076
2024-11-14,morpho,971535507,0.05837969
2024-11-14,spark-lend,2187838479,0.13146749
2024-11-14,kamino,1128593170,0.06781730
2024-11-14,fluid,483322755,0.02904292
2024-11-14,euler,17312467,0.00104031
2024-11-14,compound,907994888,0.05456153
2024-11-15,aave,10739768454,0.65496616
2024-11-15,morpho,944921759,0.05762618
2024-11-15,spark-lend,2190875194,0.13361081
2024-11-15,kamino,1112242579,0.06783026
2024-11-15,fluid,483427705,0.02948190
2024-11-15,euler,18464366,0.00112605
2024-11-15,compound,907740060,0.05535864
2024-11-16,aave,11036841319,0.65935871
2024-11-16,morpho,937962096,0.05603537
2024-11-16,spark-lend,2196009866,0.13119317
2024-11-16,kamino,1156638771,0.06909947
2024-11-16,fluid,475469933,0.02840534
2024-11-16,euler,21773333,0.00130077
2024-11-16,compound,914055740,0.05460717
2024-11-17,aave,10959600135,0.65548763
2024-11-17,morpho,946678400,0.05662031
2024-11-17,spark-lend,2262715447,0.13533176
2024-11-17,kamino,1143711479,0.06840475
2024-11-17,fluid,467326609,0.02795055
2024-11-17,euler,23080686,0.00138044
2024-11-17,compound,916653856,0.05482456
2024-11-18,aave,10949654708,0.65273517
2024-11-18,morpho,935145425,0.05574626
2024-11-18,spark-lend,2251384335,0.13421042
2024-11-18,kamino,1227110250,0.07315098
2024-11-18,fluid,474081532,0.02826114
2024-11-18,euler,23529846,0.00140267
2024-11-18,compound,914127909,0.05449336
2024-11-19,aave,11268080319,0.65409969
2024-11-19,morpho,953566523,0.05535349
2024-11-19,spark-lend,2340140254,0.13584257
2024-11-19,kamino,1245431826,0.07229595
2024-11-19,fluid,480572218,0.02789669
2024-11-19,euler,26630341,0.00154586
2024-11-19,compound,912433090,0.05296575
2024-11-20,aave,11351462048,0.65246894
2024-11-20,morpho,1035182877,0.05950112
2024-11-20,spark-lend,2355911527,0.13541508
2024-11-20,kamino,1238302190,0.07117618
2024-11-20,fluid,484871580,0.02786986
2024-11-20,euler,27515421,0.00158155
2024-11-20,compound,904459238,0.05198727
2024-11-21,aave,11354254066,0.65134419
2024-11-21,morpho,1090683055,0.06256774
2024-11-21,spark-lend,2316303607,0.13287627
2024-11-21,kamino,1239050313,0.07107893
2024-11-21,fluid,495322800,0.02841452
2024-11-21,euler,30303485,0.00173838
2024-11-21,compound,906116792,0.05197997
2024-11-22,aave,11913146200,0.65117290
2024-11-22,morpho,1149591136,0.06283668
2024-11-22,spark-lend,2434914383,0.13309249
2024-11-22,kamino,1311059415,0.07166254
2024-11-22,fluid,527113251,0.02881203
2024-11-22,euler,29896411,0.00163414
2024-11-22,compound,929183857,0.05078922
2024-11-23,aave,12043891933,0.65321517
2024-11-23,morpho,1187668122,0.06441463
2024-11-23,spark-lend,2395975433,0.12994865
2024-11-23,kamino,1315071838,0.07132453
2024-11-23,fluid,535907142,0.02906558
2024-11-23,euler,31858077,0.00172786
2024-11-23,compound,927490518,0.05030358
2024-11-24,aave,12333520513,0.65642447
2024-11-24,morpho,1211506909,0.06447979
2024-11-24,spark-lend,2428563978,0.12925497
2024-11-24,kamino,1303717134,0.06938747
2024-11-24,fluid,545701432,0.02904376
2024-11-24,euler,32886428,0.00175031
2024-11-24,compound,933044396,0.04965923
2024-11-25,aave,12190456199,0.65369887
2024-11-25,morpho,1215234787,0.06516554
2024-11-25,spark-lend,2437051561,0.13068402
2024-11-25,kamino,1300970378,0.06976301
2024-11-25,fluid,543787283,0.02915995
2024-11-25,euler,32584573,0.00174731
2024-11-25,compound,928342978,0.04978130
2024-11-26,aave,12452320426,0.65887831
2024-11-26,morpho,1235881912,0.06539310
2024-11-26,spark-lend,2469256720,0.13065354
2024-11-26,kamino,1243068627,0.06577336
2024-11-26,fluid,547800703,0.02898528
2024-11-26,euler,33482886,0.00177165
2024-11-26,compound,917460666,0.04854476
2024-11-27,aave,12324066736,0.65536608
2024-11-27,morpho,1278258335,0.06797490
2024-11-27,spark-lend,2468048754,0.13124527
2024-11-27,kamino,1249346499,0.06643743
2024-11-27,fluid,536893697,0.02855080
2024-11-27,euler,34419619,0.00183036
2024-11-27,compound,913825382,0.04859516
2024-11-28,aave,13345055700,0.66390282
2024-11-28,morpho,1326382134,0.06598615
2024-11-28,spark-lend,2600017121,0.12934818
2024-11-28,kamino,1276356266,0.06349741
2024-11-28,fluid,576028706,0.02865684
2024-11-28,euler,36434136,0.00181256
2024-11-28,compound,940643331,0.04679604
2024-11-29,aave,13219559273,0.66266450
2024-11-29,morpho,1326338953,0.06648616
2024-11-29,spark-lend,2585780617,0.12961892
2024-11-29,kamino,1255205222,0.06292040
2024-11-29,fluid,581119952,0.02913014
2024-11-29,euler,34200751,0.00171440
2024-11-29,compound,946893527,0.04746548
2024-11-30,aave,13596159223,0.66614908
2024-11-30,morpho,1343124694,0.06580691
2024-11-30,spark-lend,2592051590,0.12699857
2024-11-30,kamino,1295796208,0.06348804
2024-11-30,fluid,587794250,0.02879921
2024-11-30,euler,34512751,0.00169097
2024-11-30,compound,960646137,0.04706722
2024-12-01,aave,13871743652,0.66706944
2024-12-01,morpho,1376421584,0.06618986
2024-12-01,spark-lend,2628196671,0.12638567
2024-12-01,kamino,1298343422,0.06243521
2024-12-01,fluid,613644870,0.02950918
2024-12-01,euler,35553075,0.00170969
2024-12-01,compound,971148701,0.04670095
2024-12-02,aave,13901861190,0.66712254
2024-12-02,morpho,1371416939,0.06581156
2024-12-02,spark-lend,2636700313,0.12652998
2024-12-02,kamino,1294228744,0.06210745
2024-12-02,fluid,616723128,0.02959531
2024-12-02,euler,41686927,0.00200047
2024-12-02,compound,975925051,0.04683269
2024-12-03,aave,13957711965,0.66852862
2024-12-03,morpho,1361492274,0.06521101
2024-12-03,spark-lend,2701441267,0.12939018
2024-12-03,kamino,1267782926,0.06072264
2024-12-03,fluid,570317216,0.02731632
2024-12-03,euler,38192056,0.00182927
2024-12-03,compound,981318760,0.04700196
2024-12-04,aave,13989556554,0.66377816
2024-12-04,morpho,1373373230,0.06516398
2024-12-04,spark-lend,2810472986,0.13335166
2024-12-04,kamino,1301667657,0.06176168
2024-12-04,fluid,580952544,0.02756511
2024-12-04,euler,38602377,0.00183161
2024-12-04,compound,981025088,0.04654780
2024-12-05,aave,14563500894,0.66693398
2024-12-05,morpho,1418606286,0.06496492
2024-12-05,spark-lend,2938341426,0.13456103
2024-12-05,kamino,1291074236,0.05912461
2024-12-05,fluid,595263911,0.02726005
2024-12-05,euler,39872942,0.00182598
2024-12-05,compound,989836016,0.04532943
2024-12-06,aave,14751831258,0.66823136
2024-12-06,morpho,1463790698,0.06630708
2024-12-06,spark-lend,2942131920,0.13327327
2024-12-06,kamino,1283931288,0.05815977
2024-12-06,fluid,610938365,0.02767441
2024-12-06,euler,36499091,0.00165334
2024-12-06,compound,986811297,0.04470077
2024-12-07,aave,15242642496,0.66735197
2024-12-07,morpho,1506595535,0.06596163
2024-12-07,spark-lend,3116923447,0.13646486
2024-12-07,kamino,1289295982,0.05644784
2024-12-07,fluid,620651656,0.02717331
2024-12-07,euler,41581009,0.00182050
2024-12-07,compound,1022794636,0.04477989
2024-12-08,aave,15108022836,0.66483628
2024-12-08,morpho,1529234574,0.06729475
2024-12-08,spark-lend,3125180263,0.13752516
2024-12-08,kamino,1298512519,0.05714171
2024-12-08,fluid,615262837,0.02707496
2024-12-08,euler,41126453,0.00180979
2024-12-08,compound,1007086591,0.04431735
2024-12-09,aave,15356836292,0.66546071
2024-12-09,morpho,1557469146,0.06749011
2024-12-09,spark-lend,3177410333,0.13768733
2024-12-09,kamino,1286298127,0.05573940
2024-12-09,fluid,623765537,0.02702975
2024-12-09,euler,40939036,0.00177402
2024-12-09,compound,1034280594,0.04481868
2024-12-10,aave,14551122617,0.65685410
2024-12-10,morpho,1585423964,0.07156783
2024-12-10,spark-lend,3112316063,0.14049346
2024-12-10,kamino,1217833265,0.05497437
2024-12-10,fluid,630918472,0.02848037
2024-12-10,euler,39231814,0.00177097
2024-12-10,compound,1015900623,0.04585890
2024-12-11,aave,14667599062,0.66297031
2024-12-11,morpho,1583157261,0.07155815
2024-12-11,spark-lend,3007923670,0.13595709
2024-12-11,kamino,1211447211,0.05475699
2024-12-11,fluid,621809738,0.02810558
2024-12-11,euler,40441640,0.00182795
2024-12-11,compound,991687680,0.04482393
2024-12-12,aave,15199122434,0.66598243
2024-12-12,morpho,1619970529,0.07098251
2024-12-12,spark-lend,3018933460,0.13228110
2024-12-12,kamino,1261707619,0.05528445
2024-12-12,fluid,654034327,0.02865793
2024-12-12,euler,41684803,0.00182651
2024-12-12,compound,1026653979,0.04498507
2024-12-13,aave,15423384983,0.66732708
2024-12-13,morpho,1638808797,0.07090671
2024-12-13,spark-lend,3036414804,0.13137724
2024-12-13,kamino,1266559775,0.05480053
2024-12-13,fluid,663351333,0.02870137
2024-12-13,euler,42877358,0.00185518
2024-12-13,compound,1040785047,0.04503189
2024-12-14,aave,15407330030,0.66678418
2024-12-14,morpho,1659630250,0.07182394
2024-12-14,spark-lend,3014402295,0.13045452
2024-12-14,kamino,1262976823,0.05465794
2024-12-14,fluid,668917655,0.02894880
2024-12-14,euler,43870392,0.00189858
2024-12-14,compound,1049794432,0.04543204
2024-12-15,aave,15447644029,0.66844740
2024-12-15,morpho,1675373370,0.07249643
2024-12-15,spark-lend,2975410715,0.12875138
2024-12-15,kamino,1247933309,0.05400032
2024-12-15,fluid,672627813,0.02910582
2024-12-15,euler,44474746,0.00192450
2024-12-15,compound,1046273693,0.04527415
2024-12-16,aave,15632169801,0.67021648
2024-12-16,morpho,1683676885,0.07218627
2024-12-16,spark-lend,2956298632,0.12674888
2024-12-16,kamino,1258733164,0.05396715
2024-12-16,fluid,680677411,0.02918349
2024-12-16,euler,46609444,0.00199834
2024-12-16,compound,1065895385,0.04569939
2024-12-17,aave,15931765776,0.67215758
2024-12-17,morpho,1743697562,0.07356620
2024-12-17,spark-lend,2974085278,0.12547598
2024-12-17,kamino,1244205182,0.05249273
2024-12-17,fluid,688692540,0.02905578
2024-12-17,euler,49981170,0.00210869
2024-12-17,compound,1069999114,0.04514304
2024-12-18,aave,15572996502,0.66744931
2024-12-18,morpho,1745471628,0.07480987
2024-12-18,spark-lend,2962297913,0.12696232
2024-12-18,kamino,1259234193,0.05397002
2024-12-18,fluid,682386318,0.02924667
2024-12-18,euler,50576692,0.00216769
2024-12-18,compound,1059140293,0.04539412
2024-12-19,aave,15071586627,0.66516093
2024-12-19,morpho,1773651712,0.07827735
2024-12-19,spark-lend,2879987083,0.12710373
2024-12-19,kamino,1183927286,0.05225078
2024-12-19,fluid,660005209,0.02912830
2024-12-19,euler,49826241,0.00219900
2024-12-19,compound,1039572682,0.04587991
2024-12-20,aave,14454396495,0.66527496
2024-12-20,morpho,1781367677,0.08198885
2024-12-20,spark-lend,2694110139,0.12399854
2024-12-20,kamino,1096786930,0.05048048
2024-12-20,fluid,636516361,0.02929617
2024-12-20,euler,48183553,0.00221769
2024-12-20,compound,1015589781,0.04674331
2024-12-21,aave,14599651851,0.66732183
2024-12-21,morpho,1824975547,0.08341610
2024-12-21,spark-lend,2637391621,0.12055007
2024-12-21,kamino,1091048570,0.04986972
2024-12-21,fluid,656736127,0.03001814
2024-12-21,euler,45029822,0.00205823
2024-12-21,compound,1023143660,0.04676591
2024-12-22,aave,14298445293,0.66742565
2024-12-22,morpho,1829413413,0.08539372
2024-12-22,spark-lend,2520004703,0.11762928
2024-12-22,kamino,1063427692,0.04963889
2024-12-22,fluid,647878556,0.03024180
2024-12-22,euler,47176458,0.00220211
2024-12-22,compound,1016932060,0.04746855
2024-12-23,aave,14212255137,0.66720696
2024-12-23,morpho,1823902333,0.08562472
2024-12-23,spark-lend,2482779242,0.11655628
2024-12-23,kamino,1064577122,0.04997752
2024-12-23,fluid,642744678,0.03017422
2024-12-23,euler,50356951,0.00236405
2024-12-23,compound,1024503998,0.04809625
2024-12-24,aave,14591757030,0.66834374
2024-12-24,morpho,1883609749,0.08627465
2024-12-24,spark-lend,2510463923,0.11498635
2024-12-24,kamino,1098943887,0.05033474
2024-12-24,fluid,660157186,0.03023707
2024-12-24,euler,52970769,0.00242621
2024-12-24,compound,1034810334,0.04739724
2024-12-25,aave,14808888852,0.66860315
2024-12-25,morpho,1914567654,0.08644038
2024-12-25,spark-lend,2512046869,0.11341583
2024-12-25,kamino,1127719843,0.05091517
2024-12-25,fluid,688201306,0.03107144
2024-12-25,euler,54672446,0.00246839
2024-12-25,compound,1042899704,0.04708564
2024-12-26,aave,14775815347,0.66736708
2024-12-26,morpho,1911629475,0.08634099
2024-12-26,spark-lend,2531690829,0.11434679
2024-12-26,kamino,1131380132,0.05110011
2024-12-26,fluid,685918291,0.03098031
2024-12-26,euler,56921477,0.00257093
2024-12-26,compound,1047106390,0.04729379
2024-12-27,aave,14361893022,0.66578994
2024-12-27,morpho,1863068008,0.08636828
2024-12-27,spark-lend,2476397388,0.11480105
2024-12-27,kamino,1105242588,0.05123694
2024-12-27,fluid,667489733,0.03094355
2024-12-27,euler,59377465,0.00275263
2024-12-27,compound,1037739563,0.04810761
2024-12-28,aave,14391369029,0.66991758
2024-12-28,morpho,1909337770,0.08887959
2024-12-28,spark-lend,2316366521,0.10782676
2024-12-28,kamino,1094978718,0.05097121
2024-12-28,fluid,675937193,0.03146485
2024-12-28,euler,65431523,0.00304583
2024-12-28,compound,1028877303,0.04789418
2024-12-29,aave,14630738251,0.67046890
2024-12-29,morpho,1976000755,0.09055230
2024-12-29,spark-lend,2309641394,0.10584173
2024-12-29,kamino,1129128940,0.05174352
2024-12-29,fluid,673208517,0.03085049
2024-12-29,euler,69543165,0.00318689
2024-12-29,compound,1033389938,0.04735617
2024-12-30,aave,14490494495,0.66421286
2024-12-30,morpho,1976824220,0.09061334
2024-12-30,spark-lend,2460163128,0.11276855
2024-12-30,kamino,1109950229,0.05087771
2024-12-30,fluid,668165039,0.03062724
2024-12-30,euler,73093770,0.00335046
2024-12-30,compound,1037349393,0.04754984
2024-12-31,aave,14472111913,0.66988467
2024-12-31,morpho,1977379798,0.09152890
2024-12-31,spark-lend,2255938845,0.10442283
2024-12-31,kamino,1116050116,0.05165969
2024-12-31,fluid,666255100,0.03083960
2024-12-31,euler,79786223,0.00369314
2024-12-31,compound,1036363699,0.04797117
2025-01-01,aave,14359824191,0.66799110
2025-01-01,morpho,1973162293,0.09178767
2025-01-01,spark-lend,2269734933,0.10558366
2025-01-01,kamino,1115037702,0.05186939
2025-01-01,fluid,664592906,0.03091557
2025-01-01,euler,79309984,0.00368935
2025-01-01,compound,1035367303,0.04816326
2025-01-02,aave,14493073477,0.66278673
2025-01-02,morpho,2009083988,0.09187797
2025-01-02,spark-lend,2423393832,0.11082489
2025-01-02,kamino,1130084117,0.05168019
2025-01-02,fluid,684039537,0.03128200
2025-01-02,euler,88087804,0.00402837
2025-01-02,compound,1039110562,0.04751985
2025-01-03,aave,14678347076,0.66620737
2025-01-03,morpho,2060432944,0.09351704
2025-01-03,spark-lend,2299091248,0.10434905
2025-01-03,kamino,1172258917,0.05320541
2025-01-03,fluid,696306609,0.03160333
2025-01-03,euler,90690705,0.00411619
2025-01-03,compound,1035572548,0.04700161
2025-01-04,aave,15061679424,0.66653985
2025-01-04,morpho,2123790363,0.09398626
2025-01-04,spark-lend,2326889676,0.10297422
2025-01-04,kamino,1208277789,0.05347115
2025-01-04,fluid,719069503,0.03182172
2025-01-04,euler,97055723,0.00429511
2025-01-04,compound,1060055156,0.04691169
2025-01-05,aave,15251849543,0.66713709
2025-01-05,morpho,2164439781,0.09467560
2025-01-05,spark-lend,2331115358,0.10196622
2025-01-05,kamino,1214911650,0.05314192
2025-01-05,fluid,724591662,0.03169465
2025-01-05,euler,102710548,0.00449270
2025-01-05,compound,1072023955,0.04689182
2025-01-06,aave,15124133353,0.66405696
2025-01-06,morpho,2228346202,0.09784024
2025-01-06,spark-lend,2326670436,0.10215737
2025-01-06,kamino,1193643684,0.05240944
2025-01-06,fluid,722692259,0.03173133
2025-01-06,euler,106809591,0.00468970
2025-01-06,compound,1073060113,0.04711496
2025-01-07,aave,15306278920,0.66342078
2025-01-07,morpho,2276693644,0.09867884
2025-01-07,spark-lend,2334643950,0.10119058
2025-01-07,kamino,1238495971,0.05368019
2025-01-07,fluid,725754546,0.03145641
2025-01-07,euler,110262598,0.00477912
2025-01-07,compound,1079621108,0.04679408
2025-01-08,aave,14531061753,0.66392205
2025-01-08,morpho,2231126686,0.10193985
2025-01-08,spark-lend,2091496843,0.09556018
2025-01-08,kamino,1182227166,0.05401578
2025-01-08,fluid,694764055,0.03174367
2025-01-08,euler,103515162,0.00472959
2025-01-08,compound,1052506839,0.04808888
2025-01-09,aave,14369547700,0.66363494
2025-01-09,morpho,2226910487,0.10284636
2025-01-09,spark-lend,2030997184,0.09379841
2025-01-09,kamino,1167369608,0.05391313
2025-01-09,fluid,701357749,0.03239110
2025-01-09,euler,102188425,0.00471941
2025-01-09,compound,1054418430,0.04869665
2025-01-10,aave,14018067559,0.66176549
2025-01-10,morpho,2179642988,0.10289667
2025-01-10,spark-lend,1985885226,0.09374975
2025-01-10,kamino,1117505083,0.05275522
2025-01-10,fluid,731181501,0.03451765
2025-01-10,euler,103509584,0.00488648
2025-01-10,compound,1047040673,0.04942874
2025-01-11,aave,14171745904,0.66337086
2025-01-11,morpho,2193325046,0.10266822
2025-01-11,spark-lend,1997426660,0.09349834
2025-01-11,kamino,1115865513,0.05223299
2025-01-11,fluid,735903978,0.03444722
2025-01-11,euler,98859799,0.00462757
2025-01-11,compound,1050105454,0.04915480
2025-01-12,aave,14228656328,0.66564199
2025-01-12,morpho,2156691301,0.10089388
2025-01-12,spark-lend,1986898793,0.09295068
2025-01-12,kamino,1110714570,0.05196121
2025-01-12,fluid,743929050,0.03480233
2025-01-12,euler,96019912,0.00449198
2025-01-12,compound,1052929527,0.04925793
2025-01-13,aave,14052424418,0.66264128
2025-01-13,morpho,2181022914,0.10284601
2025-01-13,spark-lend,1981110813,0.09341917
2025-01-13,kamino,1108286389,0.05226118
2025-01-13,fluid,740276936,0.03490772
2025-01-13,euler,93870602,0.00442646
2025-01-13,compound,1049692135,0.04949818
2025-01-14,aave,13776380312,0.66148074
2025-01-14,morpho,2180362566,0.10469135
2025-01-14,spark-lend,1931672946,0.09275038
2025-01-14,kamino,1106983493,0.05315244
2025-01-14,fluid,716686065,0.03441209
2025-01-14,euler,92209272,0.00442748
2025-01-14,compound,1022283380,0.04908552
2025-01-15,aave,14215942628,0.66423747
2025-01-15,morpho,2212426032,0.10337523
2025-01-15,spark-lend,1932264962,0.09028475
2025-01-15,kamino,1156781131,0.05405040
2025-01-15,fluid,737704888,0.03446913
2025-01-15,euler,92052217,0.00430112
2025-01-15,compound,1054726148,0.04928190
2025-01-16,aave,14881900220,0.66839236
2025-01-16,morpho,2221723209,0.09978449
2025-01-16,spark-lend,1993632205,0.08954021
2025-01-16,kamino,1238347558,0.05561803
2025-01-16,fluid,763539134,0.03429291
2025-01-16,euler,93687984,0.00420782
2025-01-16,compound,1072385668,0.04816418
2025-01-17,aave,14523954315,0.66349376
2025-01-17,morpho,2233754727,0.10204399
2025-01-17,spark-lend,1958775352,0.08948219
2025-01-17,kamino,1270120995,0.05802258
2025-01-17,fluid,736444112,0.03364277
2025-01-17,euler,94345400,0.00430995
2025-01-17,compound,1072719664,0.04900476
2025-01-18,aave,15296085638,0.66767929
2025-01-18,morpho,2347650442,0.10247573
2025-01-18,spark-lend,1999632737,0.08728464
2025-01-18,kamino,1329620166,0.05803837
2025-01-18,fluid,733594572,0.03202165
2025-01-18,euler,97308996,0.00424757
2025-01-18,compound,1105438272,0.04825275
2025-01-19,aave,14797384313,0.65531412
2025-01-19,morpho,2366831451,0.10481704
2025-01-19,spark-lend,1987820026,0.08803222
2025-01-19,kamino,1517901269,0.06722148
2025-01-19,fluid,706113979,0.03127083
2025-01-19,euler,97979744,0.00433911
2025-01-19,compound,1106566560,0.04900520
2025-01-20,aave,14774321942,0.65669158
2025-01-20,morpho,2349654594,0.10443785
2025-01-20,spark-lend,2075340300,0.09224508
2025-01-20,kamino,1406562168,0.06251911
2025-01-20,fluid,690931448,0.03071064
2025-01-20,euler,99365110,0.00441660
2025-01-20,compound,1101938405,0.04897914
2025-01-21,aave,14991871746,0.66091821
2025-01-21,morpho,2331908574,0.10280243
2025-01-21,spark-lend,1999390336,0.08814333
2025-01-21,kamino,1447744685,0.06382397
2025-01-21,fluid,703870608,0.03103021
2025-01-21,euler,102359252,0.00451252
2025-01-21,compound,1106254272,0.04876933
2025-01-22,aave,15125532199,0.65930133
2025-01-22,morpho,2359091267,0.10282957
2025-01-22,spark-lend,2019240093,0.08801592
2025-01-22,kamino,1501890091,0.06546534
2025-01-22,fluid,710187444,0.03095610
2025-01-22,euler,104635817,0.00456093
2025-01-22,compound,1121182227,0.04887081
2025-01-23,aave,14892487827,0.65762157
2025-01-23,morpho,2350130170,0.10377690
2025-01-23,spark-lend,1982011637,0.08752155
2025-01-23,kamino,1501890091,0.06632037
2025-01-23,fluid,704303244,0.03110058
2025-01-23,euler,104307243,0.00460599
2025-01-23,compound,1110854198,0.04905304
2025-01-24,aave,15056022258,0.65704021
2025-01-24,morpho,2375269945,0.10365605
2025-01-24,spark-lend,1988749520,0.08678842
2025-01-24,kamino,1523031709,0.06646464
2025-01-24,fluid,730567119,0.03188173
2025-01-24,euler,116821800,0.00509807
2025-01-24,compound,1124455124,0.04907088
2025-01-25,aave,15037281489,0.65672252
2025-01-25,morpho,2391184840,0.10443011
2025-01-25,spark-lend,1975962852,0.08629614
2025-01-25,kamino,1529984158,0.06681893
2025-01-25,fluid,730671864,0.03191060
2025-01-25,euler,117216017,0.00511917
2025-01-25,compound,1115164619,0.04870253
2025-01-26,aave,15072510298,0.65818936
2025-01-26,morpho,2385433919,0.10416760
2025-01-26,spark-lend,1946635359,0.08500606
2025-01-26,kamino,1540377510,0.06726551
2025-01-26,fluid,729014910,0.03183477
2025-01-26,euler,110196809,0.00481210
2025-01-26,compound,1115791684,0.04872460
2025-01-27,aave,14883246900,0.65793794
2025-01-27,morpho,2385947014,0.10547464
2025-01-27,spark-lend,1924923127,0.08509433
2025-01-27,kamino,1491959486,0.06595448
2025-01-27,fluid,712228353,0.03148520
2025-01-27,euler,107757194,0.00476358
2025-01-27,compound,1114987650,0.04928983
2025-01-28,aave,14632121734,0.65725101
2025-01-28,morpho,2361687464,0.10608314
2025-01-28,spark-lend,1878204588,0.08436588
2025-01-28,kamino,1487639081,0.06682232
2025-01-28,fluid,698767253,0.03138748
2025-01-28,euler,105686932,0.00474728
2025-01-28,compound,1098501300,0.04934289
2025-01-29,aave,14440718330,0.65550374
2025-01-29,morpho,2344712817,0.10643293
2025-01-29,spark-lend,1845929086,0.08379178
2025-01-29,kamino,1468963601,0.06668028
2025-01-29,fluid,729488402,0.03311348
2025-01-29,euler,102498029,0.00465267
2025-01-29,compound,1097645359,0.04982512
2025-01-30,aave,14575179742,0.65493517
2025-01-30,morpho,2353238420,0.10574268
2025-01-30,spark-lend,1860143054,0.08358546
2025-01-30,kamino,1485256983,0.06673997
2025-01-30,fluid,757229636,0.03402609
2025-01-30,euler,104290361,0.00468628
2025-01-30,compound,1119047400,0.05028435
2025-01-31,aave,15031805232,0.65614102
2025-01-31,morpho,2401413646,0.10482214
2025-01-31,spark-lend,1914155653,0.08355324
2025-01-31,kamino,1549849930,0.06765123
2025-01-31,fluid,775696343,0.03385929
2025-01-31,euler,105836315,0.00461977
2025-01-31,compound,1130655268,0.04935331
2025-02-01,aave,15032298381,0.65571725
2025-02-01,morpho,2412489456,0.10523414
2025-02-01,spark-lend,1912776658,0.08343639
2025-02-01,kamino,1537287755,0.06705735
2025-02-01,fluid,786834322,0.03432215
2025-02-01,euler,106456815,0.00464371
2025-02-01,compound,1136826909,0.04958901
2025-02-02,aave,14556311005,0.65341584
2025-02-02,morpho,2398292959,0.10765658
2025-02-02,spark-lend,1861655589,0.08356755
2025-02-02,kamino,1463888763,0.06571226
2025-02-02,fluid,764997694,0.03433986
2025-02-02,euler,109128804,0.00489866
2025-02-02,compound,1122979636,0.05040925
2025-02-03,aave,13646757075,0.64920796
2025-02-03,morpho,2292923095,0.10907968
2025-02-03,spark-lend,1772247100,0.08430991
2025-02-03,kamino,1407939046,0.06697893
2025-02-03,fluid,692741873,0.03295534
2025-02-03,euler,108462113,0.00515979
2025-02-03,compound,1099554649,0.05230839
2025-02-04,aave,13712845548,0.65444516
2025-02-04,morpho,2250425944,0.10740151
2025-02-04,spark-lend,1763681022,0.08417163
2025-02-04,kamino,1461192635,0.06973538
2025-02-04,fluid,624720527,0.02981477
2025-02-04,euler,108427047,0.00517468
2025-02-04,compound,1032098462,0.04925687
2025-02-05,aave,13297523005,0.65367158
2025-02-05,morpho,2190786572,0.10769336
2025-02-05,spark-lend,1683212083,0.08274232
2025-02-05,kamino,1419175066,0.06976295
2025-02-05,fluid,616524561,0.03030674
2025-02-05,euler,107381077,0.00527857
2025-02-05,compound,1028217145,0.05054448
2025-02-06,aave,13314174738,0.65527510
2025-02-06,morpho,2183788890,0.10747812
2025-02-06,spark-lend,1661261462,0.08176123
2025-02-06,kamino,1370583633,0.06745513
2025-02-06,fluid,651931283,0.03208568
2025-02-06,euler,104674829,0.00515171
2025-02-06,compound,1032035738,0.05079303
2025-02-07,aave,13108620216,0.65484043
2025-02-07,morpho,2157524395,0.10777902
2025-02-07,spark-lend,1618296354,0.08084191
2025-02-07,kamino,1343058909,0.06709244
2025-02-07,fluid,654297306,0.03268539
2025-02-07,euler,102210235,0.00510591
2025-02-07,compound,1034029950,0.05165490
2025-02-08,aave,12997795896,0.65228190
2025-02-08,morpho,2151556637,0.10797380
2025-02-08,spark-lend,1631310453,0.08186575
2025-02-08,kamino,1349755198,0.06773617
2025-02-08,fluid,654097706,0.03282526
2025-02-08,euler,105327043,0.00528574
2025-02-08,compound,1036811414,0.05203138
2025-02-09,aave,12810230702,0.64770523
2025-02-09,morpho,2151681500,0.10879237
2025-02-09,spark-lend,1621142677,0.08196750
2025-02-09,kamino,1382039533,0.06987807
2025-02-09,fluid,673918396,0.03407436
2025-02-09,euler,104976443,0.00530777
2025-02-09,compound,1033882168,0.05227470
2025-02-10,aave,12688523327,0.64500997
2025-02-10,morpho,2138559932,0.10871182
2025-02-10,spark-lend,1638041977,0.08326843
2025-02-10,kamino,1391076993,0.07071418
2025-02-10,fluid,672706248,0.03419643
2025-02-10,euler,106169585,0.00539704
2025-02-10,compound,1036747180,0.05270213
2025-02-11,aave,12655013282,0.64102542
2025-02-11,morpho,2161224668,0.10947440
2025-02-11,spark-lend,1671651968,0.08467564
2025-02-11,kamino,1412857809,0.07156672
2025-02-11,fluid,687032378,0.03480085
2025-02-11,euler,112033265,0.00567492
2025-02-11,compound,1042014100,0.05278205
2025-02-12,aave,12483332412,0.63377060
2025-02-12,morpho,2170571955,0.11019852
2025-02-12,spark-lend,1722113040,0.08743055
2025-02-12,kamino,1416274771,0.07190334
2025-02-12,fluid,724763227,0.03679575
2025-02-12,euler,114626873,0.00581953
2025-02-12,compound,1065243284,0.05408171
2025-02-13,aave,12864609061,0.63610909
2025-02-13,morpho,2216939066,0.10961974
2025-02-13,spark-lend,1764837897,0.08726495
2025-02-13,kamino,1427741639,0.07059674
2025-02-13,fluid,741796719,0.03667921
2025-02-13,euler,124009490,0.00613183
2025-02-13,compound,1083969903,0.05359844
2025-02-14,aave,12794246434,0.63611086
2025-02-14,morpho,2183707538,0.10857068
2025-02-14,spark-lend,1747565920,0.08688637
2025-02-14,kamino,1421168077,0.07065836
2025-02-14,fluid,735293158,0.03655768
2025-02-14,euler,134471062,0.00668570
2025-02-14,compound,1096781720,0.05453035
2025-02-15,aave,12865440069,0.63454880
2025-02-15,morpho,2192005313,0.10811401
2025-02-15,spark-lend,1759800529,0.08679682
2025-02-15,kamino,1446152073,0.07132706
2025-02-15,fluid,772026493,0.03807786
2025-02-15,euler,135016193,0.00665926
2025-02-15,compound,1104501099,0.05447619
2025-02-16,aave,12811301930,0.63471720
2025-02-16,morpho,2192031775,0.10860101
2025-02-16,spark-lend,1750149693,0.08670860
2025-02-16,kamino,1427791308,0.07073783
2025-02-16,fluid,775756185,0.03843370
2025-02-16,euler,135521059,0.00671419
2025-02-16,compound,1091715906,0.05408747
2025-02-17,aave,12713285192,0.63523606
2025-02-17,morpho,2171458645,0.10849979
2025-02-17,spark-lend,1738518030,0.08686735
2025-02-17,kamino,1386333755,0.06926999
2025-02-17,fluid,776516915,0.03879969
2025-02-17,euler,141843610,0.00708740
2025-02-17,compound,1085525510,0.05423972
2025-02-18,aave,12892967519,0.63960405
2025-02-18,morpho,2189828577,0.10863467
2025-02-18,spark-lend,1757466839,0.08718574
2025-02-18,kamino,1301062305,0.06454408
2025-02-18,fluid,782320935,0.03880997
2025-02-18,euler,146525729,0.00726896
2025-02-18,compound,1087560843,0.05395253
2025-02-19,aave,12638535747,0.63855094
2025-02-19,morpho,2181335283,0.11021005
2025-02-19,spark-lend,1717575639,0.08677900
2025-02-19,kamino,1250174584,0.06316398
2025-02-19,fluid,756304110,0.03821160
2025-02-19,euler,159680519,0.00806772
2025-02-19,compound,1088919518,0.05501671
2025-02-20,aave,12810465033,0.63964302
2025-02-20,morpho,2197541122,0.10972606
2025-02-20,spark-lend,1731489566,0.08645550
2025-02-20,kamino,1257993896,0.06281326
2025-02-20,fluid,771539468,0.03852396
2025-02-20,euler,168288553,0.00840286
2025-02-20,compound,1090205057,0.05443534
2025-02-21,aave,12963835352,0.64095563
2025-02-21,morpho,2165694333,0.10707587
2025-02-21,spark-lend,1748371919,0.08644269
2025-02-21,kamino,1290095163,0.06378465
2025-02-21,fluid,776365369,0.03838492
2025-02-21,euler,187111474,0.00925113
2025-02-21,compound,1094318672,0.05410511
2025-02-22,aave,13086856948,0.64690307
2025-02-22,morpho,2157064858,0.10662697
2025-02-22,spark-lend,1717383616,0.08489286
2025-02-22,kamino,1260782443,0.06232238
2025-02-22,fluid,733202812,0.03624332
2025-02-22,euler,196495913,0.00971309
2025-02-22,compound,1078225538,0.05329831
2025-02-23,aave,13303278985,0.64792630
2025-02-23,morpho,2173679895,0.10586746
2025-02-23,spark-lend,1747910525,0.08513068
2025-02-23,kamino,1277083660,0.06219941
2025-02-23,fluid,732939197,0.03569726
2025-02-23,euler,204525074,0.00996124
2025-02-23,compound,1092669326,0.05321765
2025-02-24,aave,13574125821,0.65172629
2025-02-24,morpho,2186461681,0.10497726
2025-02-24,spark-lend,1768297309,0.08490019
2025-02-24,kamino,1251608145,0.06009270
2025-02-24,fluid,739405174,0.03550061
2025-02-24,euler,213170841,0.01023484
2025-02-24,compound,1094886110,0.05256811
2025-02-25,aave,12665873618,0.64873555
2025-02-25,morpho,2135900814,0.10939907
2025-02-25,spark-lend,1659665403,0.08500669
2025-02-25,kamino,1089269840,0.05579150
2025-02-25,fluid,685153460,0.03509299
2025-02-25,euler,210984926,0.01080647
2025-02-25,compound,1077091367,0.05516773
2025-02-26,aave,12504689166,0.64891345
2025-02-26,morpho,2058854893,0.10684141
2025-02-26,spark-lend,1678174766,0.08708655
2025-02-26,kamino,1088272834,0.05647441
2025-02-26,fluid,674019431,0.03497730
2025-02-26,euler,221948669,0.01151772
2025-02-26,compound,1044235810,0.05418916
2025-02-27,aave,12085012289,0.64528689
2025-02-27,morpho,2007502094,0.10719185
2025-02-27,spark-lend,1657886785,0.08852392
2025-02-27,kamino,1076822056,0.05749760
2025-02-27,fluid,650229002,0.03471939
2025-02-27,euler,218438953,0.01166369
2025-02-27,compound,1032231860,0.05511666
2025-02-28,aave,11793604938,0.64117351
2025-02-28,morpho,1984238348,0.10787550
2025-02-28,spark-lend,1651219948,0.08977056
2025-02-28,kamino,1065699005,0.05793801
2025-02-28,fluid,656920946,0.03571430
2025-02-28,euler,222251221,0.01208295
2025-02-28,compound,1019846205,0.05544517
2025-03-01,aave,11538882008,0.63776460
2025-03-01,morpho,1962401509,0.10846373
2025-03-01,spark-lend,1630967864,0.09014509
2025-03-01,kamino,1111980658,0.06146019
2025-03-01,fluid,639026755,0.03531960
2025-03-01,euler,233901590,0.01292796
2025-03-01,compound,975537247,0.05391883
2025-03-02,aave,11501609324,0.63795382
2025-03-02,morpho,1967626113,0.10913730
2025-03-02,spark-lend,1623920720,0.09007317
2025-03-02,kamino,1099977011,0.06101186
2025-03-02,fluid,630986154,0.03499858
2025-03-02,euler,235864388,0.01308257
2025-03-02,compound,968922034,0.05374270
2025-03-03,aave,12414858870,0.64403813
2025-03-03,morpho,2027148961,0.10516118
2025-03-03,spark-lend,1676088925,0.08694945
2025-03-03,kamino,1241899484,0.06442527
2025-03-03,fluid,659008101,0.03418696
2025-03-03,euler,256693986,0.01331636
2025-03-03,compound,1000891618,0.05192265
2025-03-04,aave,11331997678,0.63686508
2025-03-04,morpho,1944440587,0.10927873
2025-03-04,spark-lend,1568765414,0.08816556
2025-03-04,kamino,1099260084,0.06177908
2025-03-04,fluid,618966479,0.03478629
2025-03-04,euler,253472836,0.01424533
2025-03-04,compound,976501038,0.05487993
2025-03-05,aave,11300915497,0.63624552
2025-03-05,morpho,1923948325,0.10831897
2025-03-05,spark-lend,1561336839,0.08790381
2025-03-05,kamino,1124818842,0.06332770
2025-03-05,fluid,613792808,0.03455675
2025-03-05,euler,278396196,0.01567380
2025-03-05,compound,958669691,0.05397345
2025-03-06,aave,11603674855,0.63964093
2025-03-06,morpho,1906455274,0.10509143
2025-03-06,spark-lend,1584608256,0.08734994
2025-03-06,kamino,1146286468,0.06318789
2025-03-06,fluid,645246193,0.03556855
2025-03-06,euler,287128383,0.01582766
2025-03-06,compound,967520563,0.05333360
2025-03-07,aave,11335058689,0.63669040
2025-03-07,morpho,1870521683,0.10506723
2025-03-07,spark-lend,1577512012,0.08860887
2025-03-07,kamino,1141570624,0.06412204
2025-03-07,fluid,631292778,0.03545972
2025-03-07,euler,285372751,0.01602939
2025-03-07,compound,961764870,0.05402235
2025-03-08,aave,11308074915,0.63747073
2025-03-08,morpho,1877724186,0.10585305
2025-03-08,spark-lend,1545320011,0.08711441
2025-03-08,kamino,1131572853,0.06379022
2025-03-08,fluid,617891231,0.03483242
2025-03-08,euler,286993327,0.01617869
2025-03-08,compound,971394762,0.05476048
2025-03-09,aave,11591020031,0.64174833
2025-03-09,morpho,1881825859,0.10418916
2025-03-09,spark-lend,1570827303,0.08697041
2025-03-09,kamino,1120808420,0.06205467
2025-03-09,fluid,626179080,0.03466903
2025-03-09,euler,293842616,0.01626889
2025-03-09,compound,977125410,0.05409951
2025-03-10,aave,11027951577,0.63899646
2025-03-10,morpho,1836790260,0.10642978
2025-03-10,spark-lend,1504685920,0.08718654
2025-03-10,kamino,1063061084,0.06159732
2025-03-10,fluid,578882533,0.03354239
2025-03-10,euler,289054514,0.01674879
2025-03-10,compound,957809805,0.05549872
2025-03-11,aave,10456764207,0.63556413
2025-03-11,morpho,1796591639,0.10919718
2025-03-11,spark-lend,1430861576,0.08696804
2025-03-11,kamino,1010363251,0.06141007
2025-03-11,fluid,552969813,0.03360961
2025-03-11,euler,287379101,0.01746696
2025-03-11,compound,917799122,0.05578401
2025-03-12,aave,10494677124,0.63253538
2025-03-12,morpho,1830947411,0.11035490
2025-03-12,spark-lend,1438353397,0.08669246
2025-03-12,kamino,1029697115,0.06206192
2025-03-12,fluid,588355543,0.03546138
2025-03-12,euler,293510110,0.01769045
2025-03-12,compound,915906136,0.05520351
2025-03-13,aave,10437962444,0.63118444
2025-03-13,morpho,1832647679,0.11082035
2025-03-13,spark-lend,1456900832,0.08809891
2025-03-13,kamino,1022712782,0.06184353
2025-03-13,fluid,585676238,0.03541589
2025-03-13,euler,297850783,0.01801106
2025-03-13,compound,903352831,0.05462582
2025-03-14,aave,10413932508,0.63184133
2025-03-14,morpho,1799295238,0.10916809
2025-03-14,spark-lend,1435055078,0.08706866
2025-03-14,kamino,1012537638,0.06143339
2025-03-14,fluid,581689411,0.03529266
2025-03-14,euler,345940010,0.02098911
2025-03-14,compound,893429265,0.05420676
2025-03-15,aave,10593084329,0.63202235
2025-03-15,morpho,1816817086,0.10839799
2025-03-15,spark-lend,1454316024,0.08676984
2025-03-15,kamino,1052833733,0.06281593
2025-03-15,fluid,590587666,0.03523663
2025-03-15,euler,351620703,0.02097898
2025-03-15,compound,901357099,0.05377828
2025-03-16,aave,10740583532,0.63239200
2025-03-16,morpho,1814238705,0.10682009
2025-03-16,spark-lend,1470147958,0.08656046
2025-03-16,kamino,1074889371,0.06328813
2025-03-16,fluid,622172408,0.03663273
2025-03-16,euler,358034921,0.02108064
2025-03-16,compound,903992795,0.05322595
2025-03-17,aave,10693863226,0.63417065
2025-03-17,morpho,1802850836,0.10691319
2025-03-17,spark-lend,1454157144,0.08623486
2025-03-17,kamino,1042567584,0.06182665
2025-03-17,fluid,615607738,0.03650695
2025-03-17,euler,354131212,0.02100079
2025-03-17,compound,899575696,0.05334691
2025-03-18,aave,10801216810,0.63650305
2025-03-18,morpho,1791072351,0.10554579
2025-03-18,spark-lend,1395737455,0.08224917
2025-03-18,kamino,1057229851,0.06230132
2025-03-18,fluid,646201742,0.03807991
2025-03-18,euler,389646473,0.02296141
2025-03-18,compound,888518394,0.05235935
2025-03-19,aave,10832068514,0.63606286
2025-03-19,morpho,1785959437,0.10487216
2025-03-19,spark-lend,1399364993,0.08217120
2025-03-19,kamino,1048892276,0.06159132
2025-03-19,fluid,665087073,0.03905415
2025-03-19,euler,404753613,0.02376727
2025-03-19,compound,893745146,0.05248104
2025-03-20,aave,11237956065,0.63673664
2025-03-20,morpho,1835954810,0.10402423
2025-03-20,spark-lend,1479458608,0.08382534
2025-03-20,kamino,1093931473,0.06198158
2025-03-20,fluid,694977107,0.03937703
2025-03-20,euler,409483479,0.02320112
2025-03-20,compound,897538688,0.05085406
2025-03-21,aave,11128962469,0.63827519
2025-03-21,morpho,1837087164,0.10536177
2025-03-21,spark-lend,1430581293,0.08204759
2025-03-21,kamino,1065590277,0.06111440
2025-03-21,fluid,661549262,0.03794159
2025-03-21,euler,416346362,0.02387856
2025-03-21,compound,895877228,0.05138090
2025-03-22,aave,11287003931,0.64278380
2025-03-22,morpho,1809419319,0.10304465
2025-03-22,spark-lend,1415471438,0.08060971
2025-03-22,kamino,1068089042,0.06082662
2025-03-22,fluid,655129354,0.03730897
2025-03-22,euler,432238000,0.02461553
2025-03-22,compound,892214061,0.05081072
2025-03-23,aave,11443275009,0.64474992
2025-03-23,morpho,1819719445,0.10252869
2025-03-23,spark-lend,1420407400,0.08003020
2025-03-23,kamino,1071880315,0.06039309
2025-03-23,fluid,661490450,0.03727044
2025-03-23,euler,440994219,0.02484699
2025-03-23,compound,890626317,0.05018067
2025-03-24,aave,11508587387,0.64469667
2025-03-24,morpho,1803192745,0.10101260
2025-03-24,spark-lend,1436908727,0.08049383
2025-03-24,kamino,1084407117,0.06074713
2025-03-24,fluid,669695690,0.03751551
2025-03-24,euler,457011982,0.02560124
2025-03-24,compound,891362624,0.04993302
2025-03-25,aave,11880939886,0.64852889
2025-03-25,morpho,1823446325,0.09953401
2025-03-25,spark-lend,1459655850,0.07967627
2025-03-25,kamino,1123524478,0.06132832
2025-03-25,fluid,676333751,0.03691812
2025-03-25,euler,468130106,0.02555319
2025-03-25,compound,887801064,0.04846120
2025-03-26,aave,11943300659,0.64968259
2025-03-26,morpho,1794642074,0.09762358
2025-03-26,spark-lend,1467412082,0.07982317
2025-03-26,kamino,1142451656,0.06214622
2025-03-26,fluid,666046569,0.03623109
2025-03-26,euler,480841615,0.02615646
2025-03-26,compound,888591046,0.04833689
2025-03-27,aave,11817359926,0.64978510
2025-03-27,morpho,1766209409,0.09711616
2025-03-27,spark-lend,1444146502,0.07940732
2025-03-27,kamino,1118326359,0.06149189
2025-03-27,fluid,653918111,0.03595611
2025-03-27,euler,501465725,0.02757341
2025-03-27,compound,885140383,0.04867001
2025-03-28,aave,11857608487,0.65474363
2025-03-28,morpho,1639955712,0.09055372
2025-03-28,spark-lend,1455637038,0.08037616
2025-03-28,kamino,1127847391,0.06227655
2025-03-28,fluid,646133478,0.03567766
2025-03-28,euler,497609294,0.02747658
2025-03-28,compound,885516103,0.04889570
2025-03-29,aave,11579969393,0.65340929
2025-03-29,morpho,1608677537,0.09077095
2025-03-29,spark-lend,1439339736,0.08121593
2025-03-29,kamino,1090638653,0.06154018
2025-03-29,fluid,633111379,0.03572383
2025-03-29,euler,494001041,0.02787441
2025-03-29,compound,876644678,0.04946541
2025-03-30,aave,11320080292,0.65075373
2025-03-30,morpho,1597379591,0.09182803
2025-03-30,spark-lend,1419681998,0.08161279
2025-03-30,kamino,1078017026,0.06197161
2025-03-30,fluid,620647600,0.03567896
2025-03-30,euler,487509101,0.02802528
2025-03-30,compound,872021199,0.05012960
2025-03-31,aave,11279662186,0.65245294
2025-03-31,morpho,1561242778,0.09030744
2025-03-31,spark-lend,1400958787,0.08103609
2025-03-31,kamino,1072454036,0.06203429
2025-03-31,fluid,616486745,0.03565963
2025-03-31,euler,488132052,0.02823517
2025-03-31,compound,869148998,0.05027444
2025-04-01,aave,11244154650,0.64941337
2025-04-01,morpho,1568206547,0.09057278
2025-04-01,spark-lend,1452484179,0.08388916
2025-04-01,kamino,1072084828,0.06191895
2025-04-01,fluid,629242268,0.03634229
2025-04-01,euler,480055559,0.02772592
2025-04-01,compound,868097875,0.05013753
2025-04-02,aave,11481470432,0.64125623
2025-04-02,morpho,1837354724,0.10261884
2025-04-02,spark-lend,1472767220,0.08225611
2025-04-02,kamino,1082309511,0.06044850
2025-04-02,fluid,654156295,0.03653555
2025-04-02,euler,488894142,0.02730542
2025-04-02,compound,887700977,0.04957935
2025-04-03,aave,11064075259,0.63620018
2025-04-03,morpho,1841728876,0.10590205
2025-04-03,spark-lend,1436668694,0.08261051
2025-04-03,kamino,1041939366,0.05991301
2025-04-03,fluid,641366085,0.03687947
2025-04-03,euler,484319938,0.02784909
2025-04-03,compound,880772804,0.05064569
2025-04-04,aave,11065530883,0.63621041
2025-04-04,morpho,1842520022,0.10593531
2025-04-04,spark-lend,1463077872,0.08411936
2025-04-04,kamino,1033942099,0.05944629
2025-04-04,fluid,639042913,0.03674164
2025-04-04,euler,471177299,0.02709024
2025-04-04,compound,877588331,0.05045675
2025-04-05,aave,11076196927,0.63785785
2025-04-05,morpho,1854405373,0.10679180
2025-04-05,spark-lend,1460307190,0.08409641
2025-04-05,kamino,1057091496,0.06087596
2025-04-05,fluid,628745731,0.03620831
2025-04-05,euler,433330426,0.02495470
2025-04-05,compound,854602157,0.04921497
2025-04-06,aave,11041748068,0.63818646
2025-04-06,morpho,1838884839,0.10628312
2025-04-06,spark-lend,1458709550,0.08430990
2025-04-06,kamino,1045821625,0.06044597
2025-04-06,fluid,625912899,0.03617626
2025-04-06,euler,434754796,0.02512778
2025-04-06,compound,855926781,0.04947051
2025-04-07,aave,10256391174,0.63698444
2025-04-07,morpho,1780520902,0.11058121
2025-04-07,spark-lend,1350328619,0.08386364
2025-04-07,kamino,957253995,0.05945131
2025-04-07,fluid,512962039,0.03185807
2025-04-07,euler,418542129,0.02599402
2025-04-07,compound,825479451,0.05126731
2025-04-08,aave,10036233596,0.63807169
2025-04-08,morpho,1710118812,0.10872389
2025-04-08,spark-lend,1333052245,0.08475121
2025-04-08,kamino,947053177,0.06021062
2025-04-08,fluid,488545051,0.03106013
2025-04-08,euler,411940150,0.02618984
2025-04-08,compound,802063114,0.05099262
2025-04-09,aave,9753649490,0.63518384
2025-04-09,morpho,1683586254,0.10963966
2025-04-09,spark-lend,1267294925,0.08252965
2025-04-09,kamino,942007532,0.06134606
2025-04-09,fluid,502306528,0.03271155
2025-04-09,euler,412098257,0.02683694
2025-04-09,compound,794689287,0.05175230
2025-04-10,aave,10369252697,0.63982335
2025-04-10,morpho,1737231464,0.10719396
2025-04-10,spark-lend,1315516700,0.08117251
2025-04-10,kamino,1016379833,0.06271460
2025-04-10,fluid,508852968,0.03139821
2025-04-10,euler,457005453,0.02819902
2025-04-10,compound,802191455,0.04949835
2025-04-11,aave,9969163888,0.63036454
2025-04-11,morpho,1752354157,0.11080387
2025-04-11,spark-lend,1275664450,0.08066209
2025-04-11,kamino,1027394529,0.06496363
2025-04-11,fluid,507111255,0.03206537
2025-04-11,euler,485026505,0.03066892
2025-04-11,compound,798203712,0.05047158
2025-04-12,aave,10297602912,0.63527850
2025-04-12,morpho,1689974038,0.10425768
2025-04-12,spark-lend,1279914896,0.07896036
2025-04-12,kamino,1107088785,0.06829839
2025-04-12,fluid,513758665,0.03169474
2025-04-12,euler,516184937,0.03184442
2025-04-12,compound,805063904,0.04966591
2025-04-13,aave,10519940046,0.63256754
2025-04-13,morpho,1723871371,0.10365697
2025-04-13,spark-lend,1314382096,0.07903424
2025-04-13,kamino,1178690142,0.07087504
2025-04-13,fluid,532640018,0.03202782
2025-04-13,euler,542735474,0.03263487
2025-04-13,compound,818281285,0.04920352
2025-04-14,aave,10497136909,0.63119394
2025-04-14,morpho,1733187252,0.10421673
2025-04-14,spark-lend,1332406120,0.08011772
2025-04-14,kamino,1172631430,0.07051045
2025-04-14,fluid,539528742,0.03244192
2025-04-14,euler,538511277,0.03238074
2025-04-14,compound,817203037,0.04913850
2025-04-15,aave,10597422523,0.63197409
2025-04-15,morpho,1740839083,0.10381441
2025-04-15,spark-lend,1324470130,0.07898438
2025-04-15,kamino,1192618653,0.07112145
2025-04-15,fluid,542061953,0.03232570
2025-04-15,euler,556983842,0.03321556
2025-04-15,compound,814364794,0.04856441
2025-04-16,aave,10488160079,0.62986584
2025-04-16,morpho,1727179437,0.10372566
2025-04-16,spark-lend,1338787326,0.08040079
2025-04-16,kamino,1190911398,0.07152011
2025-04-16,fluid,535168639,0.03213952
2025-04-16,euler,557020743,0.03345185
2025-04-16,compound,814191485,0.04889623
2025-04-17,aave,10483238037,0.62837448
2025-04-17,morpho,1733840583,0.10392792
2025-04-17,spark-lend,1314814188,0.07881112
2025-04-17,kamino,1220319556,0.07314702
2025-04-17,fluid,556635260,0.03336521
2025-04-17,euler,562116545,0.03369376
2025-04-17,compound,812141803,0.04868049
2025-04-18,aave,10492797130,0.62826347
2025-04-18,morpho,1723783396,0.10321272
2025-04-18,spark-lend,1301901733,0.07795226
2025-04-18,kamino,1237994729,0.07412579
2025-04-18,fluid,561442821,0.03361678
2025-04-18,euler,571759916,0.03423452
2025-04-18,compound,811589179,0.04859446
2025-04-19,aave,10543602323,0.62851844
2025-04-19,morpho,1710253499,0.10195053
2025-04-19,spark-lend,1304236043,0.07774728
2025-04-19,kamino,1252221349,0.07464661
2025-04-19,fluid,564940072,0.03367684
2025-04-19,euler,587707996,0.03503407
2025-04-19,compound,812365640,0.04842623
2025-04-20,aave,10683533809,0.62861580
2025-04-20,morpho,1711065628,0.10067857
2025-04-20,spark-lend,1310862362,0.07713073
2025-04-20,kamino,1300056279,0.07649491
2025-04-20,fluid,567568506,0.03339555
2025-04-20,euler,608256216,0.03578961
2025-04-20,compound,813988496,0.04789483
2025-04-21,aave,10560387441,0.62558390
2025-04-21,morpho,1716842562,0.10170357
2025-04-21,spark-lend,1316234494,0.07797205
2025-04-21,kamino,1295352945,0.07673506
2025-04-21,fluid,561645546,0.03327117
2025-04-21,euler,615455055,0.03645877
2025-04-21,compound,814931075,0.04827548
2025-04-22,aave,10528095180,0.62479843
2025-04-22,morpho,1706543825,0.10127624
2025-04-22,spark-lend,1323591483,0.07854962
2025-04-22,kamino,1294384754,0.07681632
2025-04-22,fluid,559783736,0.03322082
2025-04-22,euler,618626453,0.03671289
2025-04-22,compound,819361274,0.04862568
2025-04-23,aave,11178943377,0.63213565
2025-04-23,morpho,1761104833,0.09958519
2025-04-23,spark-lend,1292144101,0.07306687
2025-04-23,kamino,1379688117,0.07801722
2025-04-23,fluid,583515442,0.03299604
2025-04-23,euler,654314921,0.03699954
2025-04-23,compound,834695014,0.04719949
2025-04-24,aave,11336205834,0.63352015
2025-04-24,morpho,1765492779,0.09866399
2025-04-24,spark-lend,1297621217,0.07251714
2025-04-24,kamino,1406171983,0.07858346
2025-04-24,fluid,584472993,0.03266308
2025-04-24,euler,663852230,0.03709916
2025-04-24,compound,840177134,0.04695302
2025-04-25,aave,11194726410,0.62965608
2025-04-25,morpho,1773574011,0.09975605
2025-04-25,spark-lend,1290590360,0.07259026
2025-04-25,kamino,1415497002,0.07961573
2025-04-25,fluid,582224447,0.03274767
2025-04-25,euler,673168024,0.03786286
2025-04-25,compound,849332490,0.04777135
2025-04-26,aave,11497233233,0.64292026
2025-04-26,morpho,1568072798,0.08768595
2025-04-26,spark-lend,1275629091,0.07133262
2025-04-26,kamino,1405083389,0.07857165
2025-04-26,fluid,589690294,0.03297522
2025-04-26,euler,689125874,0.03853562
2025-04-26,compound,857994497,0.04797868
2025-04-27,aave,11455407621,0.64109237
2025-04-27,morpho,1580182538,0.08843360
2025-04-27,spark-lend,1274844873,0.07134563
2025-04-27,kamino,1395459902,0.07809575
2025-04-27,fluid,599260052,0.03353709
2025-04-27,euler,700064226,0.03917851
2025-04-27,compound,863356479,0.04831705
2025-04-28,aave,11395858697,0.64006251
2025-04-28,morpho,1587702377,0.08917527
2025-04-28,spark-lend,1264416577,0.07101752
2025-04-28,kamino,1397013299,0.07846498
2025-04-28,fluid,595756821,0.03346142
2025-04-28,euler,702194570,0.03943963
2025-04-28,compound,861347879,0.04837867
2025-04-29,aave,11329540851,0.63714361
2025-04-29,morpho,1602515595,0.09012127
2025-04-29,spark-lend,1288473355,0.07246036
2025-04-29,kamino,1388388670,0.07807933
2025-04-29,fluid,599297048,0.03370289
2025-04-29,euler,704791395,0.03963562
2025-04-29,compound,868762582,0.04885692
2025-04-30,aave,11382123007,0.63816626
2025-04-30,morpho,1610665078,0.09030583
2025-04-30,spark-lend,1286410000,0.07212569
2025-04-30,kamino,1378251668,0.07727501
2025-04-30,fluid,601676849,0.03373447
2025-04-30,euler,703164445,0.03942462
2025-04-30,compound,873379132,0.04896812
2025-05-01,aave,11424868402,0.64025599
2025-05-01,morpho,1578650081,0.08846843
2025-05-01,spark-lend,1293276017,0.07247591
2025-05-01,kamino,1386967675,0.07772644
2025-05-01,fluid,601138045,0.03368811
2025-05-01,euler,684392796,0.03835375
2025-05-01,compound,874926576,0.04903137
2025-05-02,aave,11871199479,0.64480145
2025-05-02,morpho,1592565186,0.08650249
2025-05-02,spark-lend,1335037540,0.07251450
2025-05-02,kamino,1400606488,0.07607598
2025-05-02,fluid,614514637,0.03337826
2025-05-02,euler,714971545,0.03883472
2025-05-02,compound,881732969,0.04789260
2025-05-03,aave,11961536263,0.64638969
2025-05-03,morpho,1619859126,0.08753560
2025-05-03,spark-lend,1335399671,0.07216369
2025-05-03,kamino,1382785484,0.07472437
2025-05-03,fluid,606122868,0.03275429
2025-05-03,euler,718047740,0.03880260
2025-05-03,compound,881395859,0.04762976
2025-05-04,aave,11846359959,0.64619542
2025-05-04,morpho,1560900227,0.08514401
2025-05-04,spark-lend,1333802973,0.07275630
2025-05-04,kamino,1377895246,0.07516145
2025-05-04,fluid,619112506,0.03377136
2025-05-04,euler,715234124,0.03901460
2025-05-04,compound,879167787,0.04795686
2025-05-05,aave,11873245677,0.64691526
2025-05-05,morpho,1559282219,0.08495768
2025-05-05,spark-lend,1343015951,0.07317439
2025-05-05,kamino,1361102067,0.07415981
2025-05-05,fluid,617277994,0.03363247
2025-05-05,euler,721805585,0.03932767
2025-05-05,compound,877904241,0.04783272
2025-05-06,aave,11914209943,0.64821370
2025-05-06,morpho,1520181228,0.08270815
2025-05-06,spark-lend,1356144170,0.07378343
2025-05-06,kamino,1379150912,0.07503515
2025-05-06,fluid,623680872,0.03393246
2025-05-06,euler,715675829,0.03893761
2025-05-06,compound,871022168,0.04738950
2025-05-07,aave,12110921532,0.65386484
2025-05-07,morpho,1523340949,0.08224470
2025-05-07,spark-lend,1288937596,0.06958934
2025-05-07,kamino,1386710455,0.07486806
2025-05-07,fluid,619958068,0.03347134
2025-05-07,euler,717164797,0.03871950
2025-05-07,compound,875023078,0.04724222
2025-05-08,aave,12076226673,0.65376553
2025-05-08,morpho,1532904728,0.08298621
2025-05-08,spark-lend,1255930952,0.06799180
2025-05-08,kamino,1389452561,0.07522020
2025-05-08,fluid,614251992,0.03325350
2025-05-08,euler,729889582,0.03951372
2025-05-08,compound,873144267,0.04726904
2025-05-09,aave,13542727177,0.66617720
2025-05-09,morpho,1605799290,0.07899051
2025-05-09,spark-lend,1356887712,0.06674635
2025-05-09,kamino,1477349988,0.07267199
2025-05-09,fluid,669512394,0.03293383
2025-05-09,euler,762541444,0.03751000
2025-05-09,compound,914198328,0.04497012
2025-05-10,aave,14180643605,0.66979470
2025-05-10,morpho,1652724474,0.07806318
2025-05-10,spark-lend,1363654340,0.06440952
2025-05-10,kamino,1533620131,0.07243752
2025-05-10,fluid,733254030,0.03463381
2025-05-10,euler,777376071,0.03671782
2025-05-10,compound,930354572,0.04394345
2025-05-11,aave,15054312787,0.67534712
2025-05-11,morpho,1703681259,0.07642835
2025-05-11,spark-lend,1439727243,0.06458718
2025-05-11,kamino,1561183325,0.07003579
2025-05-11,fluid,767407131,0.03442643
2025-05-11,euler,799621471,0.03587158
2025-05-11,compound,965289096,0.04330355
2025-05-12,aave,15047820569,0.67461625
2025-05-12,morpho,1739869733,0.07800096
2025-05-12,spark-lend,1431840375,0.06419154
2025-05-12,kamino,1526629619,0.06844108
2025-05-12,fluid,788368593,0.03534374
2025-05-12,euler,794581153,0.03562226
2025-05-12,compound,976638818,0.04378417
2025-05-13,aave,15246983661,0.67703644
2025-05-13,morpho,1745508944,0.07750865
2025-05-13,spark-lend,1407147153,0.06248383
2025-05-13,kamino,1537437434,0.06826932
2025-05-13,fluid,791752054,0.03515745
2025-05-13,euler,811891777,0.03605174
2025-05-13,compound,979460797,0.04349257
2025-05-14,aave,16099876683,0.67990484
2025-05-14,morpho,1773891091,0.07491220
2025-05-14,spark-lend,1498605132,0.06328675
2025-05-14,kamino,1587184064,0.06702748
2025-05-14,fluid,875949382,0.03699173
2025-05-14,euler,840543553,0.03549652
2025-05-14,compound,1003553069,0.04238048
2025-05-15,aave,15723199975,0.67279441
2025-05-15,morpho,1794908057,0.07680397
2025-05-15,spark-lend,1571297197,0.06723568
2025-05-15,kamino,1538893101,0.06584911
2025-05-15,fluid,878525701,0.03759204
2025-05-15,euler,849114343,0.03633353
2025-05-15,compound,1014053681,0.04339126
2025-05-16,aave,15173720358,0.66502456
2025-05-16,morpho,1844244881,0.08082844
2025-05-16,spark-lend,1578087250,0.06916345
2025-05-16,kamino,1498201927,0.06566228
2025-05-16,fluid,865831500,0.03794713
2025-05-16,euler,854756286,0.03746174
2025-05-16,compound,1001939643,0.04391240
2025-05-17,aave,15463414283,0.66759383
2025-05-17,morpho,1843905342,0.07960595
2025-05-17,spark-lend,1572120153,0.06787231
2025-05-17,kamino,1510057755,0.06519293
2025-05-17,fluid,889697185,0.03841043
2025-05-17,euler,865210637,0.03735328
2025-05-17,compound,1018502331,0.04397127
2025-05-18,aave,15338949787,0.66770855
2025-05-18,morpho,1836549666,0.07994549
2025-05-18,spark-lend,1548184915,0.06739290
2025-05-18,kamino,1497788655,0.06519914
2025-05-18,fluid,874330190,0.03805982
2025-05-18,euler,863445664,0.03758602
2025-05-18,compound,1013273758,0.04410808
2025-05-19,aave,15294112622,0.66596935
2025-05-19,morpho,1844308531,0.08030887
2025-05-19,spark-lend,1515316212,0.06598318
2025-05-19,kamino,1542451775,0.06716477
2025-05-19,fluid,884994121,0.03853633
2025-05-19,euler,863877371,0.03761682
2025-05-19,compound,1020129406,0.04442068
2025-05-20,aave,15521349015,0.66753079
2025-05-20,morpho,1881249174,0.08090738
2025-05-20,spark-lend,1536671041,0.06608802
2025-05-20,kamino,1514249928,0.06512375
2025-05-20,fluid,895626767,0.03851846
2025-05-20,euler,875534039,0.03765433
2025-05-20,compound,1027204969,0.04417727
2025-05-21,aave,15681669311,0.66901130
2025-05-21,morpho,1889591667,0.08061375
2025-05-21,spark-lend,1545088967,0.06591658
2025-05-21,kamino,1534454453,0.06546289
2025-05-21,fluid,898110092,0.03831517
2025-05-21,euler,863278852,0.03682920
2025-05-21,compound,1027873013,0.04385111
2025-05-22,aave,15915987740,0.66854954
2025-05-22,morpho,1918533864,0.08058783
2025-05-22,spark-lend,1576026379,0.06620084
2025-05-22,kamino,1575872460,0.06619437
2025-05-22,fluid,913245904,0.03836081
2025-05-22,euler,869426905,0.03652019
2025-05-22,compound,1037650731,0.04358642
2025-05-23,aave,16305025652,0.66918230
2025-05-23,morpho,1974846380,0.08105061
2025-05-23,spark-lend,1646851110,0.06758920
2025-05-23,kamino,1614812575,0.06627429
2025-05-23,fluid,933191655,0.03829956
2025-05-23,euler,844469006,0.03465825
2025-05-23,compound,1046399588,0.04294579
2025-05-24,aave,15878436056,0.66636104
2025-05-24,morpho,1955429164,0.08206235
2025-05-24,spark-lend,1614733844,0.06776459
2025-05-24,kamino,1577814124,0.06621520
2025-05-24,fluid,908229797,0.03811515
2025-05-24,euler,853893730,0.03583486
2025-05-24,compound,1040041171,0.04364681
2025-05-25,aave,15784346488,0.66450464
2025-05-25,morpho,1957708416,0.08241750
2025-05-25,spark-lend,1614122008,0.06795286
2025-05-25,kamino,1586421549,0.06678670
2025-05-25,fluid,909471802,0.03828782
2025-05-25,euler,855884383,0.03603185
2025-05-25,compound,1045598843,0.04401863
2025-05-26,aave,15742164402,0.66380710
2025-05-26,morpho,1957395310,0.08253839
2025-05-26,spark-lend,1623657510,0.06846551
2025-05-26,kamino,1579875056,0.06661932
2025-05-26,fluid,904691076,0.03814853
2025-05-26,euler,864194454,0.03644089
2025-05-26,compound,1042990664,0.04398026
2025-05-27,aave,15908587333,0.66573997
2025-05-27,morpho,1958286738,0.08195006
2025-05-27,spark-lend,1624574247,0.06798492
2025-05-27,kamino,1580547136,0.06614248
2025-05-27,fluid,911947407,0.03816303
2025-05-27,euler,865802549,0.03623196
2025-05-27,compound,1046352254,0.04378758
2025-05-28,aave,16328923344,0.66934036
2025-05-28,morpho,1974096084,0.08092035
2025-05-28,spark-lend,1644534706,0.06741127
2025-05-28,kamino,1595097418,0.06538478
2025-05-28,fluid,912601204,0.03740852
2025-05-28,euler,890194031,0.03649002
2025-05-28,compound,1050099078,0.04304470
2025-05-29,aave,16517770121,0.67401697
2025-05-29,morpho,1940502074,0.07918329
2025-05-29,spark-lend,1652352168,0.06742517
2025-05-29,kamino,1571876503,0.06414131
2025-05-29,fluid,910101243,0.03713720
2025-05-29,euler,894542495,0.03650231
2025-05-29,compound,1019315652,0.04159375
2025-05-30,aave,16492237432,0.67640922
2025-05-30,morpho,1885176830,0.07731825
2025-05-30,spark-lend,1642237940,0.06735441
2025-05-30,kamino,1564607589,0.06417049
2025-05-30,fluid,902456668,0.03701317
2025-05-30,euler,879302137,0.03606352
2025-05-30,compound,1016022523,0.04167094
2025-05-31,aave,16007800918,0.67349115
2025-05-31,morpho,1883134323,0.07922852
2025-05-31,spark-lend,1582171229,0.06656619
2025-05-31,kamino,1498441439,0.06304345
2025-05-31,fluid,895534757,0.03767755
2025-05-31,euler,882285798,0.03712013
2025-05-31,compound,1019022475,0.04287301
2025-06-01,aave,16224786918,0.67731675
2025-06-01,morpho,1861334976,0.07770292
2025-06-01,spark-lend,1572287385,0.06563640
2025-06-01,kamino,1495473650,0.06242975
2025-06-01,fluid,901336899,0.03762703
2025-06-01,euler,886027524,0.03698793
2025-06-01,compound,1013256775,0.04229922
2025-06-02,aave,16296180884,0.67769447
2025-06-02,morpho,1888590969,0.07853912
2025-06-02,spark-lend,1581002531,0.06574772
2025-06-02,kamino,1500030874,0.06238042
2025-06-02,fluid,906827470,0.03771141
2025-06-02,euler,876036451,0.03643093
2025-06-02,compound,997831879,0.04149593
2025-06-03,aave,16645125391,0.67927958
2025-06-03,morpho,1899513821,0.07751825
2025-06-03,spark-lend,1593979849,0.06504955
2025-06-03,kamino,1523694871,0.06218126
2025-06-03,fluid,938331379,0.03829285
2025-06-03,euler,892107133,0.03640646
2025-06-03,compound,1011333916,0.04127205
2025-06-04,aave,16630763373,0.67844267
2025-06-04,morpho,1921293681,0.07837810
2025-06-04,spark-lend,1585725846,0.06468880
2025-06-04,kamino,1504649518,0.06138133
2025-06-04,fluid,967028871,0.03944940
2025-06-04,euler,886425099,0.03616122
2025-06-04,compound,1017258202,0.04149848
2025-06-05,aave,16791510260,0.67851888
2025-06-05,morpho,2020055747,0.08162732
2025-06-05,spark-lend,1558180891,0.06296367
2025-06-05,kamino,1491077070,0.06025211
2025-06-05,fluid,962758023,0.03890356
2025-06-05,euler,909368942,0.03674619
2025-06-05,compound,1014348899,0.04098827
2025-06-06,aave,15949060350,0.67224248
2025-06-06,morpho,1998071690,0.08421742
2025-06-06,spark-lend,1503636370,0.06337729
2025-06-06,kamino,1436816258,0.06056087
2025-06-06,fluid,932048809,0.03928525
2025-06-06,euler,907166925,0.03823649
2025-06-06,compound,998359533,0.04208020
2025-06-07,aave,16207652017,0.67407990
2025-06-07,morpho,2043958504,0.08500870
2025-06-07,spark-lend,1511998137,0.06288434
2025-06-07,kamino,1443025429,0.06001575
2025-06-07,fluid,946400698,0.03936102
2025-06-07,euler,891789240,0.03708972
2025-06-07,compound,999287002,0.04156057
2025-06-08,aave,16393808701,0.67516234
2025-06-08,morpho,2075407273,0.08547354
2025-06-08,spark-lend,1495702281,0.06159898
2025-06-08,kamino,1453621846,0.05986594
2025-06-08,fluid,956572190,0.03939545
2025-06-08,euler,902410669,0.03716487
2025-06-08,compound,1003761357,0.04133888
2025-06-09,aave,16363812395,0.67516909
2025-06-09,morpho,2086414220,0.08608522
2025-06-09,spark-lend,1492246539,0.06156993
2025-06-09,kamino,1474294314,0.06082922
2025-06-09,fluid,955521986,0.03942473
2025-06-09,euler,859039039,0.03544386
2025-06-09,compound,1005285135,0.04147795
2025-06-10,aave,16781937970,0.66996494
2025-06-10,morpho,2140121133,0.08543746
2025-06-10,spark-lend,1604291841,0.06404620
2025-06-10,kamino,1535294329,0.06129169
2025-06-10,fluid,1039070080,0.04148153
2025-06-10,euler,927055704,0.03700972
2025-06-10,compound,1021208278,0.04076846
2025-06-11,aave,17418191025,0.67124161
2025-06-11,morpho,2172655820,0.08372724
2025-06-11,spark-lend,1754829381,0.06762554
2025-06-11,kamino,1557482767,0.06002043
2025-06-11,fluid,1062819405,0.04095767
2025-06-11,euler,947011387,0.03649480
2025-06-11,compound,1036222629,0.03993271
2025-06-12,aave,17475901030,0.67094743
2025-06-12,morpho,2213631760,0.08498735
2025-06-12,spark-lend,1772311342,0.06804386
2025-06-12,kamino,1540528657,0.05914509
2025-06-12,fluid,1054485916,0.04048459
2025-06-12,euler,951716106,0.03653897
2025-06-12,compound,1038027872,0.03985271
2025-06-13,aave,16692836022,0.66638030
2025-06-13,morpho,2186297649,0.08727730
2025-06-13,spark-lend,1708904671,0.06821971
2025-06-13,kamino,1473824550,0.05883528
2025-06-13,fluid,1020973140,0.04075739
2025-06-13,euler,945974293,0.03776342
2025-06-13,compound,1021204061,0.04076660
2025-06-14,aave,16614274175,0.66708671
2025-06-14,morpho,2213384662,0.08887054
2025-06-14,spark-lend,1642676699,0.06595580
2025-06-14,kamino,1465442347,0.05883959
2025-06-14,fluid,1018142834,0.04087988
2025-06-14,euler,946528446,0.03800446
2025-06-14,compound,1005270058,0.04036302
2025-06-15,aave,16532572628,0.66660952
2025-06-15,morpho,2215636113,0.08933662
2025-06-15,spark-lend,1629978294,0.06572232
2025-06-15,kamino,1441801554,0.05813485
2025-06-15,fluid,1009650726,0.04071011
2025-06-15,euler,975963462,0.03935180
2025-06-15,compound,995382242,0.04013478
2025-06-16,aave,16609188872,0.66545799
2025-06-16,morpho,2222927123,0.08906303
2025-06-16,spark-lend,1639528833,0.06568879
2025-06-16,kamino,1486076263,0.05954061
2025-06-16,fluid,1015444921,0.04068446
2025-06-16,euler,987938999,0.03958242
2025-06-16,compound,997929503,0.03998270
2025-06-17,aave,16755666841,0.66431800
2025-06-17,morpho,2249086925,0.08917037
2025-06-17,spark-lend,1692739719,0.06711267
2025-06-17,kamino,1498648289,0.05941745
2025-06-17,fluid,1008279599,0.03997563
2025-06-17,euler,1012082455,0.04012640
2025-06-17,compound,1005854647,0.03987948
2025-06-18,aave,16554419870,0.66311489
2025-06-18,morpho,2264680130,0.09071554
2025-06-18,spark-lend,1656287062,0.06634534
2025-06-18,kamino,1467895125,0.05879899
2025-06-18,fluid,1003475321,0.04019588
2025-06-18,euler,1016963366,0.04073616
2025-06-18,compound,1000912064,0.04009320
2025-06-19,aave,16556558285,0.66108506
2025-06-19,morpho,2287679915,0.09134453
2025-06-19,spark-lend,1699227740,0.06784828
2025-06-19,kamino,1453929423,0.05805379
2025-06-19,fluid,1005952074,0.04016655
2025-06-19,euler,1035477800,0.04134548
2025-06-19,compound,1005695103,0.04015631
2025-06-20,aave,16558419815,0.66016978
2025-06-20,morpho,2305586777,0.09192174
2025-06-20,spark-lend,1702356277,0.06787146
2025-06-20,kamino,1461268064,0.05825949
2025-06-20,fluid,995456016,0.03968796
2025-06-20,euler,1055481407,0.04208112
2025-06-20,compound,1003494200,0.04000845
2025-06-21,aave,16130433994,0.65761931
2025-06-21,morpho,2298389264,0.09370270
2025-06-21,spark-lend,1658563251,0.06761772
2025-06-21,kamino,1428834480,0.05825194
2025-06-21,fluid,972702015,0.03965595
2025-06-21,euler,1052117867,0.04289364
2025-06-21,compound,987487474,0.04025874
2025-06-22,aave,15833361538,0.65753038
2025-06-22,morpho,2283190463,0.09481670
2025-06-22,spark-lend,1608047731,0.06677926
2025-06-22,kamino,1386330928,0.05757177
2025-06-22,fluid,950840401,0.03948665
2025-06-22,euler,1041016930,0.04323152
2025-06-22,compound,977257475,0.04058372
2025-06-23,aave,15550851768,0.65521420
2025-06-23,morpho,2265465213,0.09545233
2025-06-23,spark-lend,1638914528,0.06905346
2025-06-23,kamino,1365240707,0.05752258
2025-06-23,fluid,932560284,0.03929217
2025-06-23,euler,1024064963,0.04314760
2025-06-23,compound,956899324,0.04031766
2025-06-24,aave,16167933513,0.65653817
2025-06-24,morpho,2305493225,0.09362015
2025-06-24,spark-lend,1699192705,0.06899984
2025-06-24,kamino,1449283309,0.05885166
2025-06-24,fluid,972105867,0.03947472
2025-06-24,euler,1060249335,0.04305400
2025-06-24,compound,971779572,0.03946146
2025-06-25,aave,16254036092,0.65401626
2025-06-25,morpho,2325941109,0.09358927
2025-06-25,spark-lend,1722470207,0.06930731
2025-06-25,kamino,1475974952,0.05938904
2025-06-25,fluid,980149902,0.03943845
2025-06-25,euler,1119971793,0.04506449
2025-06-25,compound,974104057,0.03919518
2025-06-26,aave,16146145995,0.65287665
2025-06-26,morpho,2326266795,0.09406364
2025-06-26,spark-lend,1699080961,0.06870310
2025-06-26,kamino,1470178246,0.05944732
2025-06-26,fluid,980679896,0.03965423
2025-06-26,euler,1132813280,0.04580581
2025-06-26,compound,975610704,0.03944925
2025-06-27,aave,15994474834,0.65069655
2025-06-27,morpho,2340946162,0.09523574
2025-06-27,spark-lend,1696725083,0.06902716
2025-06-27,kamino,1444039932,0.05874727
2025-06-27,fluid,976516386,0.03972721
2025-06-27,euler,1130909986,0.04600834
2025-06-27,compound,996931163,0.04055773
2025-06-28,aave,15995431503,0.65012395
2025-06-28,morpho,2308770480,0.09383848
2025-06-28,spark-lend,1704221275,0.06926697
2025-06-28,kamino,1464496503,0.05952351
2025-06-28,fluid,976500696,0.03968924
2025-06-28,euler,1155936782,0.04698230
2025-06-28,compound,998307322,0.04057555
2025-06-29,aave,16153021362,0.65014935
2025-06-29,morpho,2314639579,0.09316284
2025-06-29,spark-lend,1705552749,0.06864747
2025-06-29,kamino,1514045519,0.06093942
2025-06-29,fluid,976334800,0.03929689
2025-06-29,euler,1175647238,0.04731909
2025-06-29,compound,1005852360,0.04048494
2025-06-30,aave,16262579604,0.65112440
2025-06-30,morpho,2307805276,0.09240037
2025-06-30,spark-lend,1724824027,0.06905885
2025-06-30,kamino,1537296419,0.06155058
2025-06-30,fluid,988805283,0.03958998
2025-06-30,euler,1146514606,0.04590438
2025-06-30,compound,1008323007,0.04037144
2025-07-01,aave,16320739782,0.65016522
2025-07-01,morpho,2352986106,0.09373532
2025-07-01,spark-lend,1754586536,0.06989702
2025-07-01,kamino,1547091197,0.06163108
2025-07-01,fluid,986162554,0.03928551
2025-07-01,euler,1118799382,0.04456933
2025-07-01,compound,1022084128,0.04071652
2025-07-02,aave,16190490530,0.64942203
2025-07-02,morpho,2337837590,0.09377376
2025-07-02,spark-lend,1717631072,0.06889646
2025-07-02,kamino,1504528512,0.06034863
2025-07-02,fluid,967180589,0.03879490
2025-07-02,euler,1200665114,0.04816027
2025-07-02,compound,1012281294,0.04060395
2025-07-03,aave,16860502163,0.65391459
2025-07-03,morpho,2376451197,0.09216784
2025-07-03,spark-lend,1782547012,0.06913397
2025-07-03,kamino,1550143903,0.06012049
2025-07-03,fluid,997808787,0.03869883
2025-07-03,euler,1191211347,0.04619972
2025-07-03,compound,1025287308,0.03976456
2025-07-04,aave,17143012857,0.65651376
2025-07-04,morpho,2398748643,0.09186317
2025-07-04,spark-lend,1792761423,0.06865611
2025-07-04,kamino,1550659646,0.05938451
2025-07-04,fluid,998715988,0.03824712
2025-07-04,euler,1196850317,0.04583492
2025-07-04,compound,1031442288,0.03950041
2025-07-05,aave,17116958326,0.65815237
2025-07-05,morpho,2387865067,0.09181415
2025-07-05,spark-lend,1739408128,0.06688078
2025-07-05,kamino,1527106272,0.05871771
2025-07-05,fluid,988066515,0.03799146
2025-07-05,euler,1214629238,0.04670287
2025-07-05,compound,1033558366,0.03974066
2025-07-06,aave,17269820414,0.65854574
2025-07-06,morpho,2401934261,0.09159236
2025-07-06,spark-lend,1743288113,0.06647637
2025-07-06,kamino,1544158850,0.05888302
2025-07-06,fluid,990010270,0.03775181
2025-07-06,euler,1238458349,0.04722582
2025-07-06,compound,1036507342,0.03952488
2025-07-07,aave,17501797752,0.65849534
2025-07-07,morpho,2430006470,0.09142763
2025-07-07,spark-lend,1759878201,0.06621443
2025-07-07,kamino,1578073784,0.05937414
2025-07-07,fluid,998011181,0.03754961
2025-07-07,euler,1256381062,0.04727063
2025-07-07,compound,1054320227,0.03966822
2025-07-08,aave,17345341882,0.65625333
2025-07-08,morpho,2442152561,0.09239776
2025-07-08,spark-lend,1756410006,0.06645299
2025-07-08,kamino,1556077066,0.05887349
2025-07-08,fluid,994226491,0.03761612
2025-07-08,euler,1282183187,0.04851083
2025-07-08,compound,1054471852,0.03989548
2025-07-09,aave,17667540306,0.65830182
2025-07-09,morpho,2464720531,0.09183678
2025-07-09,spark-lend,1783514680,0.06645469
2025-07-09,kamino,1573898385,0.05864428
2025-07-09,fluid,986360429,0.03675231
2025-07-09,euler,1300312399,0.04845032
2025-07-09,compound,1061708043,0.03955980
2025-07-10,aave,18359265443,0.66329912
2025-07-10,morpho,2513444212,0.09080785
2025-07-10,spark-lend,1832830379,0.06621805
2025-07-10,kamino,1613370258,0.05828921
2025-07-10,fluid,1001986583,0.03620062
2025-07-10,euler,1283002120,0.04635339
2025-07-10,compound,1074813042,0.03883176
2025-07-11,aave,19225380289,0.66802293
2025-07-11,morpho,2566814208,0.08918891
2025-07-11,spark-lend,1898824022,0.06597830
2025-07-11,kamino,1678750846,0.05833144
2025-07-11,fluid,1036795484,0.03602546
2025-07-11,euler,1298432351,0.04511654
2025-07-11,compound,1074524293,0.03733642
2025-07-12,aave,19490065318,0.67118353
2025-07-12,morpho,2594602779,0.08935089
2025-07-12,spark-lend,1850274549,0.06371830
2025-07-12,kamino,1647460813,0.05673396
2025-07-12,fluid,1056728486,0.03639078
2025-07-12,euler,1301510747,0.04482040
2025-07-12,compound,1097711894,0.03780214
2025-07-13,aave,19409804616,0.67151099
2025-07-13,morpho,2546414685,0.08809699
2025-07-13,spark-lend,1849771759,0.06399560
2025-07-13,kamino,1633446982,0.05651152
2025-07-13,fluid,1068123942,0.03695333
2025-07-13,euler,1298779150,0.04493319
2025-07-13,compound,1098330412,0.03799838
2025-07-14,aave,19710488101,0.67333039
2025-07-14,morpho,2571512321,0.08784549
2025-07-14,spark-lend,1861094981,0.06357690
2025-07-14,kamino,1625632837,0.05553328
2025-07-14,fluid,1076001412,0.03675731
2025-07-14,euler,1324491973,0.04524600
2025-07-14,compound,1103908558,0.03771063
2025-07-15,aave,19918984194,0.67369890
2025-07-15,morpho,2592535559,0.08768461
2025-07-15,spark-lend,1898299149,0.06420418
2025-07-15,kamino,1610656494,0.05447554
2025-07-15,fluid,1119473184,0.03786277
2025-07-15,euler,1325443832,0.04482910
2025-07-15,compound,1101205241,0.03724490
2025-07-16,aave,20333019418,0.67729076
2025-07-16,morpho,2625543120,0.08745657
2025-07-16,spark-lend,1942937570,0.06471905
2025-07-16,kamino,1600435204,0.05331033
2025-07-16,fluid,1090555974,0.03632631
2025-07-16,euler,1326184681,0.04417507
2025-07-16,compound,1102432540,0.03672191
2025-07-17,aave,21062230986,0.67574528
2025-07-17,morpho,2727399939,0.08750391
2025-07-17,spark-lend,2200376776,0.07059529
2025-07-17,kamino,1673484764,0.05369087
2025-07-17,fluid,1068277650,0.03427384
2025-07-17,euler,1309297817,0.04200656
2025-07-17,compound,1127823139,0.03618425
2025-07-18,aave,21505103083,0.67666715
2025-07-18,morpho,2780129923,0.08747796
2025-07-18,spark-lend,2250349395,0.07080819
2025-07-18,kamino,1717184573,0.05403194
2025-07-18,fluid,1100070266,0.03461418
2025-07-18,euler,1287226255,0.04050312
2025-07-18,compound,1140854249,0.03589746
2025-07-19,aave,21702303568,0.68089130
2025-07-19,morpho,2742787605,0.08605263
2025-07-19,spark-lend,2229971828,0.06996347
2025-07-19,kamino,1703408172,0.05344298
2025-07-19,fluid,1077001599,0.03379001
2025-07-19,euler,1279906489,0.04015598
2025-07-19,compound,1137995307,0.03570363
2025-07-20,aave,21936536785,0.68206207
2025-07-20,morpho,2755804221,0.08568488
2025-07-20,spark-lend,2225851848,0.06920733
2025-07-20,kamino,1700225904,0.05286430
2025-07-20,fluid,1111291042,0.03455283
2025-07-20,euler,1287161360,0.04002108
2025-07-20,compound,1145211601,0.03560751
2025-07-21,aave,22616928864,0.68374798
2025-07-21,morpho,2819882010,0.08524980
2025-07-21,spark-lend,2309696459,0.06982603
2025-07-21,kamino,1717855616,0.05193368
2025-07-21,fluid,1152278842,0.03483534
2025-07-21,euler,1304186763,0.03942777
2025-07-21,compound,1157044480,0.03497940
2025-07-22,aave,22839710293,0.68247453
2025-07-22,morpho,2855004828,0.08531054
2025-07-22,spark-lend,2339813466,0.06991608
2025-07-22,kamino,1770943022,0.05291764
2025-07-22,fluid,1192199518,0.03562417
2025-07-22,euler,1309483978,0.03912876
2025-07-22,compound,1158870944,0.03462828
2025-07-23,aave,22931791884,0.68129133
2025-07-23,morpho,2894350455,0.08598961
2025-07-23,spark-lend,2318003696,0.06886666
2025-07-23,kamino,1799779140,0.05347048
2025-07-23,fluid,1281657261,0.03807735
2025-07-23,euler,1304261107,0.03874890
2025-07-23,compound,1129460321,0.03355567
2025-07-24,aave,22600706633,0.68245189
2025-07-24,morpho,2911295128,0.08790959
2025-07-24,spark-lend,2190825686,0.06615426
2025-07-24,kamino,1704595657,0.05147204
2025-07-24,fluid,1310725966,0.03957874
2025-07-24,euler,1269637436,0.03833803
2025-07-24,compound,1129136474,0.03409545
2025-07-25,aave,22609184033,0.68253008
2025-07-25,morpho,3026021690,0.09135008
2025-07-25,spark-lend,2064182609,0.06231391
2025-07-25,kamino,1655164276,0.04996639
2025-07-25,fluid,1326988081,0.04005935
2025-07-25,euler,1315736064,0.03971968
2025-07-25,compound,1128272662,0.03406051
2025-07-26,aave,22725149656,0.67711546
2025-07-26,morpho,3162010494,0.09421483
2025-07-26,spark-lend,2160821522,0.06438354
2025-07-26,kamino,1686932076,0.05026360
2025-07-26,fluid,1351132756,0.04025817
2025-07-26,euler,1338220394,0.03987343
2025-07-26,compound,1137438805,0.03389097
2025-07-27,aave,22952704496,0.67816174
2025-07-27,morpho,3202033652,0.09460744
2025-07-27,spark-lend,2160372619,0.06383048
2025-07-27,kamino,1680219307,0.04964384
2025-07-27,fluid,1361128615,0.04021597
2025-07-27,euler,1349572141,0.03987453
2025-07-27,compound,1139441451,0.03366600
2025-07-28,aave,23796395821,0.68360082
2025-07-28,morpho,3208695135,0.09217642
2025-07-28,spark-lend,2194803707,0.06305029
2025-07-28,kamino,1704212367,0.04895703
2025-07-28,fluid,1385162545,0.03979167
2025-07-28,euler,1367078596,0.03927217
2025-07-28,compound,1154019225,0.03315160
2025-07-29,aave,23775894190,0.68416045
2025-07-29,morpho,3170772513,0.09124019
2025-07-29,spark-lend,2245673760,0.06462012
2025-07-29,kamino,1668459329,0.04801056
2025-07-29,fluid,1382485974,0.03978156
2025-07-29,euler,1363481809,0.03923471
2025-07-29,compound,1145159505,0.03295241
2025-07-30,aave,23813554926,0.68295103
2025-07-30,morpho,3225699714,0.09251012
2025-07-30,spark-lend,2242423415,0.06431066
2025-07-30,kamino,1658800157,0.04757287
2025-07-30,fluid,1396437312,0.04004855
2025-07-30,euler,1382214112,0.03964064
2025-07-30,compound,1149483270,0.03296613
2025-07-31,aave,24433728589,0.68805998
2025-07-31,morpho,3262282276,0.09186669
2025-07-31,spark-lend,2258407151,0.06359732
2025-07-31,kamino,1643659576,0.04628587
2025-07-31,fluid,1395688007,0.03930293
2025-07-31,euler,1360825634,0.03832119
2025-07-31,compound,1156453131,0.03256602
2025-08-01,aave,24244356903,0.68781285
2025-08-01,morpho,3262107182,0.09254604
2025-08-01,spark-lend,2204497880,0.06254164
2025-08-01,kamino,1665129537,0.04723976
2025-08-01,fluid,1377808014,0.03908844
2025-08-01,euler,1348228321,0.03824926
2025-08-01,compound,1146351538,0.03252201
2025-08-02,aave,23167293617,0.68321680
2025-08-02,morpho,3206576394,0.09456378
2025-08-02,spark-lend,2114114088,0.06234644
2025-08-02,kamino,1618060249,0.04771753
2025-08-02,fluid,1338133437,0.03946232
2025-08-02,euler,1335354302,0.03938037
2025-08-02,compound,1129607146,0.03331276
2025-08-03,aave,22972355920,0.68481818
2025-08-03,morpho,3158027070,0.09414247
2025-08-03,spark-lend,2051071687,0.06114354
2025-08-03,kamino,1596548006,0.04759395
2025-08-03,fluid,1324161641,0.03947396
2025-08-03,euler,1320292216,0.03935861
2025-08-03,compound,1122733447,0.03346929
2025-08-04,aave,23995501544,0.69174928
2025-08-04,morpho,3178813114,0.09163975
2025-08-04,spark-lend,2099555403,0.06052659
2025-08-04,kamino,1627131749,0.04690743
2025-08-04,fluid,1341861435,0.03868357
2025-08-04,euler,1313134468,0.03785542
2025-08-04,compound,1132150466,0.03263796
2025-08-05,aave,24765310043,0.69447246
2025-08-05,morpho,3251542788,0.09118024
2025-08-05,spark-lend,2149044248,0.06026381
2025-08-05,kamino,1671750297,0.04687947
2025-08-05,fluid,1361610303,0.03818248
2025-08-05,euler,1325823561,0.03717894
2025-08-05,compound,1135526379,0.03184260
2025-08-06,aave,24481851566,0.69367387
2025-08-06,morpho,3253035179,0.09217218
2025-08-06,spark-lend,2119143218,0.06004424
2025-08-06,kamino,1643408665,0.04656468
2025-08-06,fluid,1340239916,0.03797464
2025-08-06,euler,1325834253,0.03756646
2025-08-06,compound,1129515309,0.03200393
2025-08-07,aave,25074407836,0.69671932
2025-08-07,morpho,3300755910,0.09171504
2025-08-07,spark-lend,2128552511,0.05914411
2025-08-07,kamino,1682090026,0.04673868
2025-08-07,fluid,1351190820,0.03754429
2025-08-07,euler,1318067375,0.03662392
2025-08-07,compound,1134188603,0.03151464
2025-08-08,aave,25974994467,0.69968646
2025-08-08,morpho,3340591598,0.08998526
2025-08-08,spark-lend,2217095762,0.05972174
2025-08-08,kamino,1733502755,0.04669523
2025-08-08,fluid,1389480081,0.03742832
2025-08-08,euler,1332277662,0.03588746
2025-08-08,compound,1135820943,0.03059553
2025-08-09,aave,26177068421,0.69926207
2025-08-09,morpho,3385433147,0.09043431
2025-08-09,spark-lend,2239961666,0.05983559
2025-08-09,kamino,1739199071,0.04645883
2025-08-09,fluid,1406139102,0.03756187
2025-08-09,euler,1353741261,0.03616218
2025-08-09,compound,1133732879,0.03028515
2025-08-10,aave,27429785391,0.70522447
2025-08-10,morpho,3451259176,0.08873246
2025-08-10,spark-lend,2285448178,0.05875926
2025-08-10,kamino,1767480465,0.04544222
2025-08-10,fluid,1461527959,0.03757613
2025-08-10,euler,1373261337,0.03530678
2025-08-10,compound,1126350410,0.02895868
2025-08-11,aave,27372960295,0.70380321
2025-08-11,morpho,3456062439,0.08886097
2025-08-11,spark-lend,2281366686,0.05865764
2025-08-11,kamino,1792852928,0.04609716
2025-08-11,fluid,1465349343,0.03767651
2025-08-11,euler,1394308967,0.03584995
2025-08-11,compound,1130016984,0.02905456
2025-08-12,aave,27040726150,0.70324883
2025-08-12,morpho,3376457530,0.08781161
2025-08-12,spark-lend,2278159213,0.05924814
2025-08-12,kamino,1739002080,0.04522627
2025-08-12,fluid,1480382145,0.03850033
2025-08-12,euler,1406242013,0.03657217
2025-08-12,compound,1130180607,0.02939265
2025-08-13,aave,28636158172,0.71120244
2025-08-13,morpho,3337432154,0.08288786
2025-08-13,spark-lend,2398517253,0.05956914
2025-08-13,kamino,1829070118,0.04542645
2025-08-13,fluid,1464996479,0.03638439
2025-08-13,euler,1442995230,0.03583797
2025-08-13,compound,1155256749,0.02869175
2025-08-14,aave,29034197581,0.71263828
2025-08-14,morpho,3318719893,0.08145728
2025-08-14,spark-lend,2431941708,0.05969150
2025-08-14,kamino,1860088150,0.04565547
2025-08-14,fluid,1452133551,0.03564231
2025-08-14,euler,1467449906,0.03601825
2025-08-14,compound,1177313039,0.02889691
2025-08-15,aave,28040084010,0.70972410
2025-08-15,morpho,3198876452,0.08096694
2025-08-15,spark-lend,2386955496,0.06041636
2025-08-15,kamino,1810956075,0.04583721
2025-08-15,fluid,1413103393,0.03576714
2025-08-15,euler,1488485019,0.03767513
2025-08-15,compound,1169968056,0.02961312
2025-08-16,aave,27573967744,0.70734264
2025-08-16,morpho,3180861354,0.08159721
2025-08-16,spark-lend,2430714850,0.06235404
2025-08-16,kamino,1765423591,0.04528762
2025-08-16,fluid,1396096906,0.03581345
2025-08-16,euler,1497119341,0.03840493
2025-08-16,compound,1138292408,0.02920011
2025-08-17,aave,27475006026,0.70634481
2025-08-17,morpho,3202596555,0.08233438
2025-08-17,spark-lend,2366438570,0.06083790
2025-08-17,kamino,1795726404,0.04616567
2025-08-17,fluid,1413837724,0.03634783
2025-08-17,euler,1499332233,0.03854578
2025-08-17,compound,1144504155,0.02942363
2025-08-18,aave,27522103341,0.70635797
2025-08-18,morpho,3205233390,0.08226269
2025-08-18,spark-lend,2354427225,0.06042665
2025-08-18,kamino,1799614691,0.04618732
2025-08-18,fluid,1423376561,0.03653112
2025-08-18,euler,1504433568,0.03861146
2025-08-18,compound,1154204260,0.02962279
2025-08-19,aave,27202493533,0.70883929
2025-08-19,morpho,3150702541,0.08210063
2025-08-19,spark-lend,2241848735,0.05841782
2025-08-19,kamino,1738424335,0.04529965
2025-08-19,jupiter-lend,3815878,0.00009943
2025-08-19,fluid,1398369624,0.03643855
2025-08-19,euler,1495104156,0.03895924
2025-08-19,compound,1145349580,0.02984539
2025-08-20,aave,26383814491,0.70760011
2025-08-20,morpho,3140315786,0.08422163
2025-08-20,spark-lend,2088100164,0.05600175
2025-08-20,kamino,1699056693,0.04556781
2025-08-20,jupiter-lend,4506693,0.00012087
2025-08-20,fluid,1375631829,0.03689373
2025-08-20,euler,1453593241,0.03898461
2025-08-20,compound,1141315515,0.03060949
2025-08-21,aave,27076270214,0.70882493
2025-08-21,morpho,3205840038,0.08392512
2025-08-21,spark-lend,2130648773,0.05577788
2025-08-21,kamino,1758207536,0.04602781
2025-08-21,jupiter-lend,5385853,0.00014100
2025-08-21,fluid,1407679108,0.03685138
2025-08-21,euler,1461435237,0.03825866
2025-08-21,compound,1153345086,0.03019322
2025-08-22,aave,26820923179,0.70886396
2025-08-22,morpho,3178005899,0.08399315
2025-08-22,spark-lend,2120476388,0.05604316
2025-08-22,kamino,1719186183,0.04543725
2025-08-22,jupiter-lend,8096092,0.00021398
2025-08-22,fluid,1392420260,0.03680099
2025-08-22,euler,1451682039,0.03836725
2025-08-22,compound,1145698844,0.03028026
2025-08-23,aave,28850534489,0.71369078
2025-08-23,morpho,3316655561,0.08204585
2025-08-23,spark-lend,2319562231,0.05738023
2025-08-23,kamino,1808964691,0.04474931
2025-08-23,jupiter-lend,8625637,0.00021338
2025-08-23,fluid,1461021007,0.03614204
2025-08-23,euler,1489409318,0.03684430
2025-08-23,compound,1169645359,0.02893411
2025-08-24,aave,29017306343,0.71346285
2025-08-24,morpho,3328658466,0.08184337
2025-08-24,spark-lend,2359013598,0.05800223
2025-08-24,kamino,1839869941,0.04523779
2025-08-24,jupiter-lend,8422171,0.00020708
2025-08-24,fluid,1474057419,0.03624338
2025-08-24,euler,1477641027,0.03633149
2025-08-24,compound,1166113141,0.02867181
2025-08-25,aave,28885897761,0.71065665
2025-08-25,morpho,3339066848,0.08214839
2025-08-25,spark-lend,2445427259,0.06016289
2025-08-25,kamino,1852370112,0.04557238
2025-08-25,jupiter-lend,8338322,0.00020514
2025-08-25,fluid,1472306090,0.03622197
2025-08-25,euler,1489665126,0.03664904
2025-08-25,compound,1153698734,0.02838354
2025-08-26,aave,27881400958,0.70985435
2025-08-26,morpho,3332769895,0.08485159
2025-08-26,spark-lend,2314660784,0.05893076
2025-08-26,kamino,1735497159,0.04418538
2025-08-26,jupiter-lend,7861289,0.00020015
2025-08-26,fluid,1403090715,0.03572238
2025-08-26,euler,1467852093,0.03737119
2025-08-26,compound,1134503098,0.02888420
2025-08-27,aave,28669923959,0.71185856
2025-08-27,morpho,3410236115,0.08467430
2025-08-27,spark-lend,2359039504,0.05857366
2025-08-27,kamino,1781549326,0.04423490
2025-08-27,jupiter-lend,8312562,0.00020640
2025-08-27,fluid,1423750665,0.03535095
2025-08-27,euler,1478378012,0.03670732
2025-08-27,compound,1143557423,0.02839391
2025-08-28,aave,28531340630,0.70941441
2025-08-28,morpho,3441984539,0.08558285
2025-08-28,spark-lend,2321771615,0.05772944
2025-08-28,kamino,1764678460,0.04387765
2025-08-28,jupiter-lend,113781664,0.00282911
2025-08-28,fluid,1414603078,0.03517324
2025-08-28,euler,1499259113,0.03727816
2025-08-28,compound,1130738892,0.02811514
2025-08-29,aave,28558760096,0.70893973
2025-08-29,morpho,3445976273,0.08554256
2025-08-29,spark-lend,2245637140,0.05574547
2025-08-29,kamino,1751584431,0.04348115
2025-08-29,jupiter-lend,239493510,0.00594516
2025-08-29,fluid,1416800712,0.03517052
2025-08-29,euler,1496272215,0.03714331
2025-08-29,compound,1129238724,0.02803210
2025-08-30,aave,27999291662,0.70872165
2025-08-30,morpho,3448445097,0.08728748
2025-08-30,spark-lend,2159152783,0.05465275
2025-08-30,kamino,1644755855,0.04163227
2025-08-30,jupiter-lend,296280491,0.00749949
2025-08-30,fluid,1394937536,0.03530884
2025-08-30,euler,1468709536,0.03717616
2025-08-30,compound,1095180616,0.02772136
2025-08-31,aave,28127272321,0.70798568
2025-08-31,morpho,3487736604,0.08778909
2025-08-31,spark-lend,2183085911,0.05495000
2025-08-31,kamino,1618659946,0.04074295
2025-08-31,jupiter-lend,354744266,0.00892919
2025-08-31,fluid,1415589159,0.03563150
2025-08-31,euler,1443456827,0.03633295
2025-08-31,compound,1098044046,0.02763864
2025-09-01,aave,28198042827,0.70751643
2025-09-01,morpho,3532322454,0.08862942
2025-09-01,spark-lend,2222922836,0.05577530
2025-09-01,kamino,1599152970,0.04012431
2025-09-01,jupiter-lend,369761494,0.00927768
2025-09-01,fluid,1418827588,0.03559977
2025-09-01,euler,1414150154,0.03548241
2025-09-01,compound,1099784958,0.02759468
2025-09-02,aave,28068910524,0.70767800
2025-09-02,morpho,3609256941,0.09099718
2025-09-02,spark-lend,2115088472,0.05332596
2025-09-02,kamino,1583233166,0.03991674
2025-09-02,jupiter-lend,383241579,0.00966235
2025-09-02,fluid,1423736577,0.03589548
2025-09-02,euler,1394858990,0.03516741
2025-09-02,compound,1085066508,0.02735688
2025-09-03,aave,28175417020,0.70507189
2025-09-03,morpho,3631631058,0.09087926
2025-09-03,spark-lend,2175660766,0.05444453
2025-09-03,kamino,1645442305,0.04117615
2025-09-03,jupiter-lend,407717884,0.01020288
2025-09-03,fluid,1420294048,0.03554196
2025-09-03,euler,1422950239,0.03560842
2025-09-03,compound,1081942376,0.02707491
2025-09-04,aave,28738269952,0.70494469
2025-09-04,morpho,3705786186,0.09090228
2025-09-04,spark-lend,2233342873,0.05478351
2025-09-04,kamino,1649338110,0.04045797
2025-09-04,jupiter-lend,434459498,0.01065721
2025-09-04,fluid,1473266229,0.03613896
2025-09-04,euler,1444916529,0.03544355
2025-09-04,compound,1087322134,0.02667183
2025-09-05,aave,28276192522,0.69257670
2025-09-05,morpho,4241196211,0.10388081
2025-09-05,spark-lend,2192861750,0.05371038
2025-09-05,kamino,1610295149,0.03944141
2025-09-05,jupiter-lend,449534239,0.01101057
2025-09-05,fluid,1477179545,0.03618097
2025-09-05,euler,1507450053,0.03692240
2025-09-05,compound,1072815638,0.02627676
2025-09-06,aave,28486216222,0.69431419
2025-09-06,morpho,4236802631,0.10326651
2025-09-06,spark-lend,2220579517,0.05412372
2025-09-06,kamino,1609409358,0.03922724
2025-09-06,jupiter-lend,450882226,0.01098966
2025-09-06,fluid,1485717192,0.03621241
2025-09-06,euler,1467064662,0.03575778
2025-09-06,compound,1071174975,0.02610849
2025-09-07,aave,28363455493,0.69379028
2025-09-07,morpho,4251075115,0.10398432
2025-09-07,spark-lend,2206507500,0.05397274
2025-09-07,kamino,1591848199,0.03893774
2025-09-07,jupiter-lend,449213968,0.01098809
2025-09-07,fluid,1487273144,0.03637976
2025-09-07,euler,1457437729,0.03564996
2025-09-07,compound,1075075109,0.02629711
2025-09-08,aave,28535473356,0.69365945
2025-09-08,morpho,4267353236,0.10373369
2025-09-08,spark-lend,2203375519,0.05356113
2025-09-08,kamino,1624236694,0.03948304
2025-09-08,jupiter-lend,454839933,0.01105655
2025-09-08,fluid,1484687898,0.03609079
2025-09-08,euler,1478723744,0.03594581
2025-09-08,compound,1088892796,0.02646954
2025-09-09,aave,28641939453,0.69199155
2025-09-09,morpho,4319101024,0.10434983
2025-09-09,spark-lend,2232381701,0.05393452
2025-09-09,kamino,1654128141,0.03996387
2025-09-09,jupiter-lend,458262982,0.01107167
2025-09-09,fluid,1487761527,0.03594444
2025-09-09,euler,1515230544,0.03660809
2025-09-09,compound,1081785787,0.02613603
2025-09-10,aave,28813556452,0.69102111
2025-09-10,morpho,4352691740,0.10438843
2025-09-10,spark-lend,2248363379,0.05392137
2025-09-10,kamino,1752013731,0.04201767
2025-09-10,jupiter-lend,457200987,0.01096482
2025-09-10,fluid,1491411556,0.03576778
2025-09-10,euler,1504269394,0.03607614
2025-09-10,compound,1077564145,0.02584268
2025-09-11,aave,28958033034,0.69044166
2025-09-11,morpho,4405544824,0.10504069
2025-09-11,spark-lend,2228679317,0.05313804
2025-09-11,kamino,1777838235,0.04238871
2025-09-11,jupiter-lend,489456866,0.01167004
2025-09-11,fluid,1499210342,0.03574543
2025-09-11,euler,1485237404,0.03541227
2025-09-11,compound,1097317711,0.02616316
2025-09-12,aave,29258066843,0.68817705
2025-09-12,morpho,4457944470,0.10485502
2025-09-12,spark-lend,2231776054,0.05249346
2025-09-12,kamino,1798722489,0.04230763
2025-09-12,jupiter-lend,522332428,0.01228575
2025-09-12,fluid,1506046610,0.03542362
2025-09-12,euler,1519441269,0.03573868
2025-09-12,compound,1220989099,0.02871879
2025-09-13,aave,30290296741,0.69176204
2025-09-13,morpho,4563046887,0.10420970
2025-09-13,spark-lend,2229296369,0.05091210
2025-09-13,kamino,1873581274,0.04278837
2025-09-13,jupiter-lend,548657306,0.01253010
2025-09-13,fluid,1542827594,0.03523470
2025-09-13,euler,1535968000,0.03507804
2025-09-13,compound,1203488121,0.02748495
2025-09-14,aave,30133931300,0.68883248
2025-09-14,morpho,4627416082,0.10577825
2025-09-14,spark-lend,2233109814,0.05104673
2025-09-14,kamino,1882142042,0.04302394
2025-09-14,jupiter-lend,557691770,0.01274829
2025-09-14,fluid,1537378482,0.03514298
2025-09-14,euler,1578097574,0.03607378
2025-09-14,compound,1196618779,0.02735355
2025-09-15,aave,29974113855,0.68805045
2025-09-15,morpho,4643238430,0.10658471
2025-09-15,spark-lend,2262235424,0.05192921
2025-09-15,kamino,1868016022,0.04287998
2025-09-15,jupiter-lend,565712262,0.01298582
2025-09-15,fluid,1533343706,0.03519763
2025-09-15,euler,1523348464,0.03496819
2025-09-15,compound,1193823473,0.02740401
2025-09-16,aave,29598797037,0.68856487
2025-09-16,morpho,4499712184,0.10467803
2025-09-16,spark-lend,2191975789,0.05099253
2025-09-16,kamino,1814908531,0.04222071
2025-09-16,jupiter-lend,547577519,0.01273844
2025-09-16,fluid,1563578912,0.03637396
2025-09-16,euler,1544686294,0.03593446
2025-09-16,compound,1224978119,0.02849700
2025-09-17,aave,29793855530,0.68416903
2025-09-17,morpho,4778780213,0.10973717
2025-09-17,spark-lend,2250545574,0.05168024
2025-09-17,kamino,1843850927,0.04234114
2025-09-17,jupiter-lend,560215853,0.01286448
2025-09-17,fluid,1562422391,0.03587857
2025-09-17,euler,1546241912,0.03550701
2025-09-17,compound,1211594773,0.02782236
2025-09-18,aave,30366671709,0.68652021
2025-09-18,morpho,4735362914,0.10705560
2025-09-18,spark-lend,2325883861,0.05258285
2025-09-18,kamino,1895714337,0.04285772
2025-09-18,jupiter-lend,574643252,0.01299135
2025-09-18,fluid,1578113549,0.03567750
2025-09-18,euler,1554579988,0.03514546
2025-09-18,compound,1201773219,0.02716931
2025-09-19,aave,30577990055,0.68983943
2025-09-19,morpho,4517212532,0.10190831
2025-09-19,spark-lend,2342207883,0.05284021
2025-09-19,kamino,1904934136,0.04297531
2025-09-19,jupiter-lend,599406115,0.01352260
2025-09-19,fluid,1575326041,0.03553935
2025-09-19,euler,1569349631,0.03540453
2025-09-19,compound,1239816490,0.02797026
2025-09-20,aave,30205175471,0.68942813
2025-09-20,morpho,4496814444,0.10263904
2025-09-20,spark-lend,2248914831,0.05133111
2025-09-20,kamino,1861500580,0.04248844
2025-09-20,jupiter-lend,584095798,0.01333189
2025-09-20,fluid,1587462440,0.03623357
2025-09-20,euler,1596516700,0.03644023
2025-09-20,compound,1231447792,0.02810759
2025-09-21,aave,30382139560,0.68803027
2025-09-21,morpho,4580724321,0.10373453
2025-09-21,spark-lend,2311519361,0.05234639
2025-09-21,kamino,1862283199,0.04217304
2025-09-21,jupiter-lend,595406199,0.01348350
2025-09-21,fluid,1588044293,0.03596266
2025-09-21,euler,1605517906,0.03635836
2025-09-21,compound,1232508912,0.02791125
2025-09-22,aave,30061227943,0.68677260
2025-09-22,morpho,4540755055,0.10373715
2025-09-22,spark-lend,2352001980,0.05373335
2025-09-22,kamino,1844012081,0.04212792
2025-09-22,jupiter-lend,596328854,0.01362361
2025-09-22,fluid,1561710947,0.03567853
2025-09-22,euler,1590233522,0.03633015
2025-09-22,compound,1225464047,0.02799669
2025-09-23,aave,29270305121,0.69028606
2025-09-23,morpho,4194542188,0.09892053
2025-09-23,spark-lend,2208248998,0.05207747
2025-09-23,kamino,1775319345,0.04186763
2025-09-23,jupiter-lend,581817332,0.01372109
2025-09-23,fluid,1554470537,0.03665932
2025-09-23,euler,1609827820,0.03796481
2025-09-23,compound,1208621396,0.02850309
2025-09-24,aave,29073296389,0.69299126
2025-09-24,morpho,4067104893,0.09694354
2025-09-24,spark-lend,2162040085,0.05153440
2025-09-24,kamino,1724588963,0.04110731
2025-09-24,jupiter-lend,587264239,0.01399803
2025-09-24,fluid,1553443718,0.03702789
2025-09-24,euler,1577988364,0.03761294
2025-09-24,compound,1207610804,0.02878463
2025-09-25,aave,28615023763,0.68995467
2025-09-25,morpho,4131345365,0.09961344
2025-09-25,spark-lend,2163560270,0.05216695
2025-09-25,kamino,1697786903,0.04093640
2025-09-25,jupiter-lend,584891621,0.01410269
2025-09-25,fluid,1552204491,0.03742617
2025-09-25,euler,1525450283,0.03678108
2025-09-25,compound,1203510823,0.02901860
2025-09-26,aave,27622891844,0.68990534
2025-09-26,morpho,3838303622,0.09586491
2025-09-26,spark-lend,2202333241,0.05500516
2025-09-26,kamino,1588019346,0.03966214
2025-09-26,jupiter-lend,539287931,0.01346918
2025-09-26,fluid,1650160133,0.04121416
2025-09-26,euler,1419879847,0.03546271
2025-09-26,compound,1177793301,0.02941640
2025-09-27,aave,28083522188,0.69253552
2025-09-27,morpho,3869704952,0.09542635
2025-09-27,spark-lend,2137106540,0.05270073
2025-09-27,kamino,1613509965,0.03978892
2025-09-27,jupiter-lend,556705894,0.01372829
2025-09-27,fluid,1714279564,0.04227388
2025-09-27,euler,1393395982,0.03436094
2025-09-27,compound,1183517558,0.02918537
2025-09-28,aave,28152219118,0.69073728
2025-09-28,morpho,3856450162,0.09462110
2025-09-28,spark-lend,2160034669,0.05299818
2025-09-28,kamino,1604073735,0.03935724
2025-09-28,jupiter-lend,563403871,0.01382357
2025-09-28,fluid,1739462556,0.04267911
2025-09-28,euler,1502660213,0.03686897
2025-09-28,compound,1178463780,0.02891455
2025-09-29,aave,28486628077,0.68654976
2025-09-29,morpho,3878899232,0.09348447
2025-09-29,spark-lend,2305817048,0.05557197
2025-09-29,kamino,1686116169,0.04063670
2025-09-29,jupiter-lend,577129560,0.01390927
2025-09-29,fluid,1848174151,0.04454243
2025-09-29,euler,1523531423,0.03671828
2025-09-29,compound,1186149486,0.02858712
2025-09-30,aave,28539452120,0.68744677
2025-09-30,morpho,3856851025,0.09290227
2025-09-30,spark-lend,2304593714,0.05551212
2025-09-30,kamino,1673616358,0.04031339
2025-09-30,jupiter-lend,570928510,0.01375229
2025-09-30,fluid,1870421011,0.04505394
2025-09-30,euler,1500232780,0.03613700
2025-09-30,compound,1199049263,0.02888222
2025-10-01,aave,28418182722,0.68859782
2025-10-01,morpho,3832874970,0.09287397
2025-10-01,spark-lend,2287165782,0.05542006
2025-10-01,kamino,1578614482,0.03825123
2025-10-01,jupiter-lend,572728890,0.01387773
2025-10-01,fluid,1895695213,0.04593438
2025-10-01,euler,1490661070,0.03612004
2025-10-01,compound,1193715087,0.02892477
2025-10-02,aave,29046007111,0.68800342
2025-10-02,morpho,3890433611,0.09215145
2025-10-02,spark-lend,2362610846,0.05596240
2025-10-02,kamino,1647599312,0.03902615
2025-10-02,jupiter-lend,584584627,0.01384687
2025-10-02,fluid,1985165896,0.04702199
2025-10-02,euler,1493248588,0.03537010
2025-10-02,compound,1208173676,0.02861762
2025-10-03,aave,29507768645,0.68467154
2025-10-03,morpho,3997657793,0.09275803
2025-10-03,spark-lend,2387318067,0.05539317
2025-10-03,kamino,1723346308,0.03998697
2025-10-03,jupiter-lend,602725932,0.01398511
2025-10-03,fluid,2020342055,0.04687819
2025-10-03,euler,1643127198,0.03812564
2025-10-03,compound,1215413815,0.02820135
2025-10-04,aave,29611609390,0.68162484
2025-10-04,morpho,4034328406,0.09286555
2025-10-04,spark-lend,2429340508,0.05592060
2025-10-04,kamino,1704780564,0.03924207
2025-10-04,jupiter-lend,609104802,0.01402088
2025-10-04,fluid,2018060651,0.04645341
2025-10-04,euler,1820951561,0.04191619
2025-10-04,compound,1214503707,0.02795646
2025-10-05,aave,29399877630,0.67819258
2025-10-05,morpho,4033774498,0.09305059
2025-10-05,spark-lend,2415811313,0.05572762
2025-10-05,kamino,1697169705,0.03915009
2025-10-05,jupiter-lend,629474420,0.01452063
2025-10-05,fluid,2050551640,0.04730186
2025-10-05,euler,1914889004,0.04417241
2025-10-05,compound,1208789976,0.02788422
2025-10-06,aave,29317978139,0.67405787
2025-10-06,morpho,4063787320,0.09343168
2025-10-06,spark-lend,2534462653,0.05827054
2025-10-06,kamino,1730743496,0.03979201
2025-10-06,jupiter-lend,620415248,0.01426414
2025-10-06,fluid,2054641936,0.04723885
2025-10-06,euler,1967866628,0.04524377
2025-10-06,compound,1204854006,0.02770114
2025-10-07,aave,29936445591,0.67423346
2025-10-07,morpho,4103079104,0.09241021
2025-10-07,spark-lend,2660074110,0.05991062
2025-10-07,kamino,1748638963,0.03938313
2025-10-07,jupiter-lend,626671767,0.01411400
2025-10-07,fluid,2080105728,0.04684848
2025-10-07,euler,2024771300,0.04560223
2025-10-07,compound,1220925496,0.02749787
2025-10-08,aave,29406538961,0.67001667
2025-10-08,morpho,4111914002,0.09368838
2025-10-08,spark-lend,2697437191,0.06146007
2025-10-08,kamino,1748534459,0.03983968
2025-10-08,jupiter-lend,616257598,0.01404119
2025-10-08,fluid,2081691637,0.04743054
2025-10-08,euler,1990134829,0.04534446
2025-10-08,compound,1236755770,0.02817901
2025-10-09,aave,29698802241,0.66906978
2025-10-09,morpho,4106551839,0.09251450
2025-10-09,spark-lend,2754828536,0.06206218
2025-10-09,kamino,1798059712,0.04050761
2025-10-09,jupiter-lend,624132465,0.01406077
2025-10-09,fluid,2146308448,0.04835313
2025-10-09,euler,1990317099,0.04483888
2025-10-09,compound,1269197906,0.02859315
2025-10-10,aave,28949484232,0.66419457
2025-10-10,morpho,4091423704,0.09387046
2025-10-10,spark-lend,2784904457,0.06389469
2025-10-10,kamino,1738818442,0.03989411
2025-10-10,jupiter-lend,614378408,0.01409582
2025-10-10,fluid,2167650040,0.04973289
2025-10-10,euler,1978468714,0.04539246
2025-10-10,compound,1260720677,0.02892500
2025-10-11,aave,26841920823,0.66358840
2025-10-11,morpho,3898533212,0.09637989
2025-10-11,spark-lend,2465681296,0.06095680
2025-10-11,kamino,1551250693,0.03835016
2025-10-11,jupiter-lend,552252093,0.01365283
2025-10-11,fluid,2090145659,0.05167277
2025-10-11,euler,1888230481,0.04668101
2025-10-11,compound,1161638940,0.02871814
2025-10-12,aave,26124149706,0.66386828
2025-10-12,morpho,3864009257,0.09819241
2025-10-12,spark-lend,2304972492,0.05857408
2025-10-12,kamino,1510581852,0.03838699
2025-10-12,jupiter-lend,535155508,0.01359940
2025-10-12,fluid,2067702219,0.05254456
2025-10-12,euler,1785335789,0.04536905
2025-10-12,compound,1159498377,0.02946523
2025-10-13,aave,27385944987,0.66742005
2025-10-13,morpho,3943012162,0.09609474
2025-10-13,spark-lend,2457231406,0.05988493
2025-10-13,kamino,1610298446,0.03924442
2025-10-13,jupiter-lend,553041129,0.01347811
2025-10-13,fluid,2129683402,0.05190230
2025-10-13,euler,1761756073,0.04293558
2025-10-13,compound,1191579850,0.02903987
2025-10-14,aave,27635710131,0.66663816
2025-10-14,morpho,4010516552,0.09674307
2025-10-14,spark-lend,2441442664,0.05889332
2025-10-14,kamino,1641931613,0.03960724
2025-10-14,jupiter-lend,590680768,0.01424861
2025-10-14,fluid,2181259084,0.05261709
2025-10-14,euler,1760686290,0.04247188
2025-10-14,compound,1193110748,0.02878063
2025-10-15,aave,26961202129,0.66261763
2025-10-15,morpho,4042294880,0.09934631
2025-10-15,spark-lend,2390452641,0.05874946
2025-10-15,kamino,1568098221,0.03853869
2025-10-15,jupiter-lend,592155858,0.01455324
2025-10-15,fluid,2168409468,0.05329237
2025-10-15,euler,1768193238,0.04345637
2025-10-15,compound,1198123090,0.02944593
2025-10-16,aave,26541432007,0.66089690
2025-10-16,morpho,4046449172,0.10075891
2025-10-16,spark-lend,2388762556,0.05948156
2025-10-16,kamino,1542413015,0.03840697
2025-10-16,jupiter-lend,547530311,0.01363382
2025-10-16,fluid,2137696727,0.05322988
2025-10-16,euler,1755343651,0.04370906
2025-10-16,compound,1200088932,0.02988290
2025-10-17,aave,26030832399,0.65819990
2025-10-17,morpho,4007920189,0.10134185
2025-10-17,spark-lend,2483617603,0.06279925
2025-10-17,kamino,1488646259,0.03764101
2025-10-17,jupiter-lend,557583596,0.01409872
2025-10-17,fluid,2108757624,0.05332077
2025-10-17,euler,1690527393,0.04274565
2025-10-17,compound,1180635934,0.02985285
2025-10-18,aave,25498085541,0.65841352
2025-10-18,morpho,3954368029,0.10210999
2025-10-18,spark-lend,2409846748,0.06222725
2025-10-18,kamino,1464885110,0.03782638
2025-10-18,jupiter-lend,554554669,0.01431975
2025-10-18,fluid,2049263480,0.05291624
2025-10-18,euler,1667098825,0.04304795
2025-10-18,compound,1128450041,0.02913892
2025-10-19,aave,25579570103,0.65700310
2025-10-19,morpho,3989140005,0.10245979
2025-10-19,spark-lend,2466918187,0.06336201
2025-10-19,kamino,1494759863,0.03839243
2025-10-19,jupiter-lend,566963902,0.01456229
2025-10-19,fluid,2019444221,0.05186878
2025-10-19,euler,1681210923,0.04318137
2025-10-19,compound,1135705626,0.02917023
2025-10-20,aave,25938209356,0.65879768
2025-10-20,morpho,4043143564,0.10269073
2025-10-20,spark-lend,2558623209,0.06498579
2025-10-20,kamino,1501779674,0.03814330
2025-10-20,jupiter-lend,569135713,0.01445533
2025-10-20,fluid,1929179485,0.04899872
2025-10-20,euler,1687732841,0.04286628
2025-10-20,compound,1144237293,0.02906217
2025-10-21,aave,26098697030,0.66086723
2025-10-21,morpho,4043976213,0.10240095
2025-10-21,spark-lend,2568094519,0.06502890
2025-10-21,kamino,1508805930,0.03820575
2025-10-21,jupiter-lend,571333518,0.01446722
2025-10-21,fluid,1929475780,0.04885789
2025-10-21,euler,1629171582,0.04125363
2025-10-21,compound,1142034637,0.02891843
2025-10-22,aave,25709364130,0.65861924
2025-10-22,morpho,4064029544,0.10411179
2025-10-22,spark-lend,2488801311,0.06375780
2025-10-22,kamino,1484877012,0.03803939
2025-10-22,jupiter-lend,567542644,0.01453924
2025-10-22,fluid,1917724454,0.04912802
2025-10-22,euler,1652007088,0.04232091
2025-10-22,compound,1150900113,0.02948361
2025-10-23,aave,25417914359,0.65912791
2025-10-23,morpho,4061543350,0.10532243
2025-10-23,spark-lend,2368413048,0.06141681
2025-10-23,kamino,1473452470,0.03820902
2025-10-23,jupiter-lend,561605504,0.01456335
2025-10-23,fluid,1895811041,0.04916147
2025-10-23,euler,1639259706,0.04250867
2025-10-23,compound,1144946778,0.02969034
2025-10-24,aave,25937930356,0.66032312
2025-10-24,morpho,4086657091,0.10403737
2025-10-24,spark-lend,2476642167,0.06304991
2025-10-24,kamino,1528991925,0.03892480
2025-10-24,jupiter-lend,573539568,0.01460107
2025-10-24,fluid,1910748730,0.04864349
2025-10-24,euler,1620675269,0.04125886
2025-10-24,compound,1145478787,0.02916138
2025-10-25,aave,25942041818,0.66015297
2025-10-25,morpho,4157248420,0.10579044
2025-10-25,spark-lend,2390259719,0.06082548
2025-10-25,kamino,1545136994,0.03931945
2025-10-25,jupiter-lend,578243387,0.01471469
2025-10-25,fluid,1921844584,0.04890561
2025-10-25,euler,1615908575,0.04112039
2025-10-25,compound,1146332423,0.02917097
2025-10-26,aave,25976679369,0.65905815
2025-10-26,morpho,4164196280,0.10565044
2025-10-26,spark-lend,2436906788,0.06182712
2025-10-26,kamino,1550524899,0.03933859
2025-10-26,jupiter-lend,579815624,0.01471059
2025-10-26,fluid,1928880682,0.04893791
2025-10-26,euler,1622071732,0.04115382
2025-10-26,compound,1155776738,0.02932338
2025-10-27,aave,26672251133,0.66139579
2025-10-27,morpho,4217400952,0.10457952
2025-10-27,spark-lend,2492939278,0.06181779
2025-10-27,kamino,1591966003,0.03947622
2025-10-27,jupiter-lend,583240810,0.01446271
2025-10-27,fluid,1973571180,0.04893894
2025-10-27,euler,1628040501,0.04037076
2025-10-27,compound,1167806645,0.02895827
2025-10-28,aave,26725125279,0.66063090
2025-10-28,morpho,4221844614,0.10436176
2025-10-28,spark-lend,2559791963,0.06327670
2025-10-28,kamino,1583649984,0.03914699
2025-10-28,jupiter-lend,564340846,0.01395021
2025-10-28,fluid,1967275872,0.04863001
2025-10-28,euler,1657213489,0.04096544
2025-10-28,compound,1174701530,0.02903799
2025-10-29,aave,26380031730,0.65861284
2025-10-29,morpho,4204137169,0.10496192
2025-10-29,spark-lend,2538535604,0.06337794
2025-10-29,kamino,1580058466,0.03944828
2025-10-29,jupiter-lend,562546706,0.01404473
2025-10-29,fluid,1957745819,0.04887775
2025-10-29,euler,1674187559,0.04179834
2025-10-29,compound,1156685829,0.02887820
2025-10-30,aave,26346868258,0.66022644
2025-10-30,morpho,4134348399,0.10360268
2025-10-30,spark-lend,2504477994,0.06275974
2025-10-30,kamino,1591411743,0.03987920
2025-10-30,jupiter-lend,582835660,0.01460528
2025-10-30,fluid,1944840752,0.04873578
2025-10-30,euler,1643831940,0.04119280
2025-10-30,compound,1157191335,0.02899808
2025-10-31,aave,25852592356,0.65494641
2025-10-31,morpho,4315393745,0.10932566
2025-10-31,spark-lend,2448377342,0.06202689
2025-10-31,kamino,1543661476,0.03910693
2025-10-31,jupiter-lend,585550205,0.01483426
2025-10-31,fluid,1937982938,0.04909662
2025-10-31,euler,1635096680,0.04142334
2025-10-31,compound,1154181623,0.02923989
2025-11-01,aave,26047567125,0.65478277
2025-11-01,morpho,4375388098,0.10998834
2025-11-01,spark-lend,2461524457,0.06187771
2025-11-01,kamino,1577353303,0.03965145
2025-11-01,jupiter-lend,602271999,0.01513989
2025-11-01,fluid,1934233757,0.04862270
2025-11-01,euler,1628759887,0.04094371
2025-11-01,compound,1153372286,0.02899343
2025-11-02,aave,26174668228,0.65681193
2025-11-02,morpho,4397990016,0.11036061
2025-11-02,spark-lend,2393337449,0.06005702
2025-11-02,kamino,1564623923,0.03926176
2025-11-02,jupiter-lend,593345428,0.01488907
2025-11-02,fluid,1938007469,0.04863123
2025-11-02,euler,1630996472,0.04092728
2025-11-02,compound,1158116430,0.02906110
2025-11-03,aave,26262200141,0.65967508
2025-11-03,morpho,4402360566,0.11058204
2025-11-03,spark-lend,2345490511,0.05891592
2025-11-03,kamino,1564448911,0.03929709
2025-11-03,jupiter-lend,593335516,0.01490388
2025-11-03,fluid,1936746362,0.04864875
2025-11-03,euler,1552008606,0.03898460
2025-11-03,compound,1154220641,0.02899264
2025-11-04,aave,24866996911,0.65362482
2025-11-04,morpho,4408847356,0.11588581
2025-11-04,spark-lend,2289382546,0.06017603
2025-11-04,kamino,1485863570,0.03905567
2025-11-04,jupiter-lend,567302896,0.01491146
2025-11-04,fluid,1888829286,0.04964756
2025-11-04,euler,1406510674,0.03696990
2025-11-04,compound,1131023069,0.02972875
2025-11-05,aave,23435643443,0.65871440
2025-11-05,morpho,3959505967,0.11129132
2025-11-05,spark-lend,2269110234,0.06377873
2025-11-05,kamino,1319285005,0.03708164
2025-11-05,jupiter-lend,552036697,0.01551630
2025-11-05,fluid,1706099979,0.04795399
2025-11-05,euler,1288374421,0.03621282
2025-11-05,compound,1047796532,0.02945080
2025-11-06,aave,23607733336,0.66707548
2025-11-06,morpho,3813392191,0.10775369
2025-11-06,spark-lend,2141700889,0.06051729
2025-11-06,kamino,1326586729,0.03748490
2025-11-06,jupiter-lend,579501673,0.01637478
2025-11-06,fluid,1670102699,0.04719151
2025-11-06,euler,1221046612,0.03450269
2025-11-06,compound,1029834012,0.02909966
2025-11-07,aave,23238801495,0.66498133
2025-11-07,morpho,3859965976,0.11045343
2025-11-07,spark-lend,2093229836,0.05989804
2025-11-07,kamino,1283694559,0.03673309
2025-11-07,jupiter-lend,587366949,0.01680758
2025-11-07,fluid,1651099962,0.04724644
2025-11-07,euler,1229576519,0.03518449
2025-11-07,compound,1002811913,0.02869560
2025-11-08,aave,23475256219,0.66777727
2025-11-08,morpho,3737074078,0.10630483
2025-11-08,spark-lend,2102196596,0.05979910
2025-11-08,kamino,1324497031,0.03767665
2025-11-08,jupiter-lend,588782061,0.01674850
2025-11-08,fluid,1692930880,0.04815712
2025-11-08,euler,1246455402,0.03545668
2025-11-08,compound,987128549,0.02807985
2025-11-09,aave,23241878344,0.66680866
2025-11-09,morpho,3679886480,0.10557581
2025-11-09,spark-lend,2134256296,0.06123174
2025-11-09,kamino,1314468366,0.03771205
2025-11-09,jupiter-lend,591256509,0.01696313
2025-11-09,fluid,1682099864,0.04825938
2025-11-09,euler,1241065574,0.03560613
2025-11-09,compound,970482275,0.02784310
2025-11-10,aave,23785068542,0.66840102
2025-11-10,morpho,3719778984,0.10453214
2025-11-10,spark-lend,2184194900,0.06137960
2025-11-10,kamino,1358762439,0.03818354
2025-11-10,jupiter-lend,595276935,0.01672830
2025-11-10,fluid,1716115293,0.04822577
2025-11-10,euler,1240550039,0.03486157
2025-11-10,compound,985280142,0.02768806
2025-11-11,aave,23884557150,0.66787555
2025-11-11,morpho,3706527143,0.10364433
2025-11-11,spark-lend,2255750629,0.06307677
2025-11-11,kamino,1369393882,0.03829188
2025-11-11,jupiter-lend,604107621,0.01689245
2025-11-11,fluid,1726558879,0.04827916
2025-11-11,euler,1229051943,0.03436755
2025-11-11,compound,986040360,0.02757231
2025-11-12,aave,23506430804,0.66563025
2025-11-12,morpho,3698414128,0.10472778
2025-11-12,spark-lend,2245981348,0.06359933
2025-11-12,kamino,1328227607,0.03761135
2025-11-12,jupiter-lend,598873606,0.01695827
2025-11-12,fluid,1731639774,0.04903474
2025-11-12,euler,1226721599,0.03473701
2025-11-12,compound,978257993,0.02770127
2025-11-13,aave,23617220735,0.66822410
2025-11-13,morpho,3623576225,0.10252523
2025-11-13,spark-lend,2250260321,0.06366872
2025-11-13,kamino,1355881428,0.03836322
2025-11-13,jupiter-lend,564572386,0.01597397
2025-11-13,fluid,1738819065,0.04919803
2025-11-13,euler,1215532964,0.03439221
2025-11-13,compound,977400697,0.02765452
2025-11-14,aave,23092191159,0.66965269
2025-11-14,morpho,3572513466,0.10359966
2025-11-14,spark-lend,2141986202,0.06211567
2025-11-14,kamino,1298000067,0.03764083
2025-11-14,jupiter-lend,551183506,0.01598382
2025-11-14,fluid,1683340657,0.04881536
2025-11-14,euler,1192093403,0.03456963
2025-11-14,compound,952523887,0.02762234
2025-11-15,aave,22618173437,0.66884549
2025-11-15,morpho,3479315908,0.10288739
2025-11-15,spark-lend,2078564657,0.06146556
2025-11-15,kamino,1293772794,0.03825835
2025-11-15,jupiter-lend,553012791,0.01635323
2025-11-15,fluid,1663890660,0.04920317
2025-11-15,euler,1187739111,0.03512282
2025-11-15,compound,942269573,0.02786399
2025-11-16,aave,22779678419,0.66794379
2025-11-16,morpho,3497511682,0.10255374
2025-11-16,spark-lend,2081670272,0.06103856
2025-11-16,kamino,1283169838,0.03762500
2025-11-16,jupiter-lend,552311292,0.01619482
2025-11-16,fluid,1648067029,0.04832448
2025-11-16,euler,1314734168,0.03855052
2025-11-16,compound,947042146,0.02776909
2025-11-17,aave,22459264694,0.66535673
2025-11-17,morpho,3466399273,0.10269223
2025-11-17,spark-lend,2120301601,0.06281403
2025-11-17,kamino,1274936384,0.03777005
2025-11-17,jupiter-lend,551019679,0.01632398
2025-11-17,fluid,1616230436,0.04788090
2025-11-17,euler,1322687943,0.03918469
2025-11-17,compound,944382848,0.02797739
2025-11-18,aave,22246778472,0.67026308
2025-11-18,morpho,3403940102,0.10255576
2025-11-18,spark-lend,2008798171,0.06052217
2025-11-18,kamino,1238237151,0.03730628
2025-11-18,jupiter-lend,534539048,0.01610488
2025-11-18,fluid,1507398783,0.04541573
2025-11-18,euler,1314766895,0.03961201
2025-11-18,compound,936655834,0.02822009
2025-11-19,aave,22383344159,0.67069643
2025-11-19,morpho,3376305918,0.10116792
2025-11-19,spark-lend,2033178275,0.06092233
2025-11-19,kamino,1273133032,0.03814827
2025-11-19,jupiter-lend,548215914,0.01642679
2025-11-19,fluid,1513523006,0.04535133
2025-11-19,euler,1311790328,0.03930660
2025-11-19,compound,933795957,0.02798033
2025-11-20,aave,22005088117,0.67041602
2025-11-20,morpho,3269164898,0.09959972
2025-11-20,spark-lend,1946725173,0.05930973
2025-11-20,kamino,1281345957,0.03903801
2025-11-20,jupiter-lend,551257287,0.01679483
2025-11-20,fluid,1538849655,0.04688322
2025-11-20,euler,1306358167,0.03980004
2025-11-20,compound,924245241,0.02815843
2025-11-21,aave,21351387559,0.67282531
2025-11-21,morpho,3030813261,0.09550704
2025-11-21,spark-lend,1862064761,0.05867742
2025-11-21,kamino,1282677150,0.04041975
2025-11-21,jupiter-lend,562058726,0.01771160
2025-11-21,fluid,1450688268,0.04571411
2025-11-21,euler,1284440172,0.04047530
2025-11-21,compound,909794511,0.02866947
2025-11-22,aave,20884845894,0.67956907
2025-11-22,morpho,2829606626,0.09207217
2025-11-22,spark-lend,1783276054,0.05802577
2025-11-22,kamino,1240661138,0.04036970
2025-11-22,jupiter-lend,539535146,0.01755586
2025-11-22,fluid,1297574161,0.04222158
2025-11-22,euler,1278490221,0.04160061
2025-11-22,compound,878495451,0.02858524
2025-11-23,aave,20838193816,0.67925753
2025-11-23,morpho,2841117269,0.09261121
2025-11-23,spark-lend,1768156266,0.05763616
2025-11-23,kamino,1240916167,0.04044984
2025-11-23,jupiter-lend,542387210,0.01768006
2025-11-23,fluid,1313381377,0.04281197
2025-11-23,euler,1271580116,0.04144939
2025-11-23,compound,862166806,0.02810384
2025-11-24,aave,20882188518,0.67757953
2025-11-24,morpho,2859076251,0.09277052
2025-11-24,spark-lend,1795844603,0.05827107
2025-11-24,kamino,1254033772,0.04069054
2025-11-24,jupiter-lend,548534086,0.01779868
2025-11-24,fluid,1325545865,0.04301095
2025-11-24,euler,1273577878,0.04132471
2025-11-24,compound,879999681,0.02855400
2025-11-25,aave,21248395910,0.67973861
2025-11-25,morpho,2870197550,0.09181795
2025-11-25,spark-lend,1709358600,0.05468258
2025-11-25,kamino,1280147052,0.04095205
2025-11-25,jupiter-lend,563618321,0.01803021
2025-11-25,fluid,1398435515,0.04473611
2025-11-25,euler,1307730430,0.04183445
2025-11-25,compound,881773880,0.02820804
2025-11-26,aave,21211710325,0.67843075
2025-11-26,morpho,2869512170,0.09177786
2025-11-26,spark-lend,1691452623,0.05409905
2025-11-26,kamino,1296468658,0.04146597
2025-11-26,jupiter-lend,567095876,0.01813787
2025-11-26,fluid,1445068243,0.04621875
2025-11-26,euler,1308028312,0.04183569
2025-11-26,compound,876508128,0.02803406
2025-11-27,aave,21488134996,0.67961951
2025-11-27,morpho,2909504476,0.09202083
2025-11-27,spark-lend,1703514932,0.05387820
2025-11-27,kamino,1319155428,0.04172180
2025-11-27,jupiter-lend,573960869,0.01815304
2025-11-27,fluid,1447015644,0.04576572
2025-11-27,euler,1296180557,0.04099516
2025-11-27,compound,880423341,0.02784574
2025-11-28,aave,21553023315,0.68255805
2025-11-28,morpho,2901389158,0.09188347
2025-11-28,spark-lend,1624267006,0.05143856
2025-11-28,kamino,1314282675,0.04162173
2025-11-28,jupiter-lend,571820747,0.01810887
2025-11-28,fluid,1457904843,0.04617007
2025-11-28,euler,1271613072,0.04027044
2025-11-28,compound,882534798,0.02794881
2025-11-29,aave,21598880430,0.68540046
2025-11-29,morpho,2931289843,0.09301905
2025-11-29,spark-lend,1513186953,0.04801819
2025-11-29,kamino,1301691378,0.04130676
2025-11-29,jupiter-lend,584339792,0.01854294
2025-11-29,fluid,1461252509,0.04637014
2025-11-29,euler,1238498415,0.03930145
2025-11-29,compound,883650100,0.02804101
2025-11-30,aave,21463903592,0.68573928
2025-11-30,morpho,2918326412,0.09323612
2025-11-30,spark-lend,1463062477,0.04674264
2025-11-30,kamino,1278535433,0.04084727
2025-11-30,jupiter-lend,588491875,0.01880143
2025-11-30,fluid,1468063453,0.04690241
2025-11-30,euler,1241077601,0.03965055
2025-11-30,compound,878924254,0.02808030
2025-12-01,aave,21417272450,0.68667713
2025-12-01,morpho,2920826228,0.09364706
2025-12-01,spark-lend,1455265952,0.04665850
2025-12-01,kamino,1250344620,0.04008835
2025-12-01,jupiter-lend,583269925,0.01870071
2025-12-01,fluid,1438772692,0.04612970
2025-12-01,euler,1241933204,0.03981866
2025-12-01,compound,882042038,0.02827989
2025-12-02,aave,21020187782,0.68341830
2025-12-02,morpho,2938030230,0.09552263
2025-12-02,spark-lend,1431493392,0.04654139
2025-12-02,kamino,1245458781,0.04049295
2025-12-02,jupiter-lend,571702066,0.01858745
2025-12-02,fluid,1435266382,0.04666406
2025-12-02,euler,1236444321,0.04019986
2025-12-02,compound,878842866,0.02857336
2025-12-03,aave,21643253272,0.68627648
2025-12-03,morpho,2992832864,0.09489843
2025-12-03,spark-lend,1400180626,0.04439772
2025-12-03,kamino,1285582241,0.04076397
2025-12-03,jupiter-lend,597638084,0.01895025
2025-12-03,fluid,1475598106,0.04678910
2025-12-03,euler,1255460888,0.03980886
2025-12-03,compound,886675328,0.02811519
2025-12-04,aave,22198430503,0.69112270
2025-12-04,morpho,3001616709,0.09345190
2025-12-04,spark-lend,1370351629,0.04266433
2025-12-04,kamino,1316349305,0.04098303
2025-12-04,jupiter-lend,612060792,0.01905581
2025-12-04,fluid,1506205717,0.04689399
2025-12-04,euler,1203692824,0.03747560
2025-12-04,compound,910669432,0.02835264
2025-12-05,aave,21966370433,0.69083419
2025-12-05,morpho,2984140480,0.09385011
2025-12-05,spark-lend,1318922615,0.04147963
2025-12-05,kamino,1301485368,0.04093123
2025-12-05,jupiter-lend,614011818,0.01931044
2025-12-05,fluid,1503320495,0.04727887
2025-12-05,euler,1199267155,0.03771651
2025-12-05,compound,909359529,0.02859902
2025-12-06,aave,21759909158,0.69111849
2025-12-06,morpho,2928954812,0.09302680
2025-12-06,spark-lend,1284026436,0.04078208
2025-12-06,kamino,1314434669,0.04174788
2025-12-06,jupiter-lend,612466848,0.01945262
2025-12-06,fluid,1485555192,0.04718286
2025-12-06,euler,1201436592,0.03815894
2025-12-06,compound,898279309,0.02853033
2025-12-07,aave,21781759631,0.69089543
2025-12-07,morpho,2930079722,0.09293917
2025-12-07,spark-lend,1302087159,0.04130089
2025-12-07,kamino,1313782675,0.04167186
2025-12-07,jupiter-lend,611590838,0.01939904
2025-12-07,fluid,1481918056,0.04700494
2025-12-07,euler,1205514323,0.03823770
2025-12-07,compound,900121982,0.02855097
2025-12-08,aave,21826644626,0.69123209
2025-12-08,morpho,2933561857,0.09290352
2025-12-08,spark-lend,1313515476,0.04159797
2025-12-08,kamino,1302353968,0.04124449
2025-12-08,jupiter-lend,609949339,0.01931660
2025-12-08,fluid,1480744294,0.04689397
2025-12-08,euler,1202164083,0.03807156
2025-12-08,compound,907500672,0.02873980
2025-12-09,aave,22083402855,0.69165113
2025-12-09,morpho,2941576865,0.09213005
2025-12-09,spark-lend,1368500084,0.04286136
2025-12-09,kamino,1307868042,0.04096236
2025-12-09,jupiter-lend,615147851,0.01926640
2025-12-09,fluid,1503248976,0.04708169
2025-12-09,euler,1201880363,0.03764284
2025-12-09,compound,906903632,0.02840417
2025-12-10,aave,22670596455,0.69408663
2025-12-10,morpho,2966325130,0.09081749
2025-12-10,spark-lend,1397662375,0.04279106
2025-12-10,kamino,1326118744,0.04060066
2025-12-10,jupiter-lend,626138230,0.01916995
2025-12-10,fluid,1542560481,0.04722728
2025-12-10,euler,1196366985,0.03662816
2025-12-10,compound,936720004,0.02867877
2025-12-11,aave,22887060156,0.69475014
2025-12-11,morpho,3044523757,0.09241830
2025-12-11,spark-lend,1397958508,0.04243585
2025-12-11,kamino,1317834113,0.04000363
2025-12-11,jupiter-lend,623678917,0.01893214
2025-12-11,fluid,1546155181,0.04693445
2025-12-11,euler,1192411271,0.03619634
2025-12-11,compound,933243253,0.02832915
2025-12-12,aave,22637003590,0.69271486
2025-12-12,morpho,3056278779,0.09352518
2025-12-12,spark-lend,1382727296,0.04231283
2025-12-12,kamino,1334226879,0.04082867
2025-12-12,jupiter-lend,620489326,0.01898759
2025-12-12,fluid,1555536065,0.04760095
2025-12-12,euler,1167409464,0.03572389
2025-12-12,compound,925003161,0.02830603
2025-12-13,aave,22007121706,0.69177981
2025-12-13,morpho,3070869177,0.09653081
2025-12-13,spark-lend,1349403787,0.04241765
2025-12-13,kamino,1318011513,0.04143085
2025-12-13,jupiter-lend,614586435,0.01931913
2025-12-13,fluid,1554359310,0.04886029
2025-12-13,euler,976000693,0.03067996
2025-12-13,compound,921968852,0.02898150
2025-12-14,aave,22114023456,0.69207990
2025-12-14,morpho,3085019315,0.09654868
2025-12-14,spark-lend,1328027412,0.04156191
2025-12-14,kamino,1324760514,0.04145967
2025-12-14,jupiter-lend,616700361,0.01930024
2025-12-14,fluid,1565450380,0.04899229
2025-12-14,euler,995168430,0.03114477
2025-12-14,compound,923841904,0.02891254
2025-12-15,aave,22024571145,0.69189934
2025-12-15,morpho,3077655296,0.09668418
2025-12-15,spark-lend,1304351795,0.04097606
2025-12-15,kamino,1323508826,0.04157788
2025-12-15,jupiter-lend,611418819,0.01920765
2025-12-15,fluid,1583988288,0.04976081
2025-12-15,euler,985835069,0.03096989
2025-12-15,compound,920715956,0.02892419
2025-12-16,aave,21823627227,0.69150474
2025-12-16,morpho,3059059554,0.09692954
2025-12-16,spark-lend,1294855324,0.04102886
2025-12-16,kamino,1310672879,0.04153006
2025-12-16,jupiter-lend,607664686,0.01925450
2025-12-16,fluid,1560818295,0.04945618
2025-12-16,euler,983228622,0.03115464
2025-12-16,compound,919694111,0.02914148
2025-12-17,aave,21253022850,0.68798885
2025-12-17,morpho,3047154354,0.09864047
2025-12-17,spark-lend,1288559981,0.04171241
2025-12-17,kamino,1268535693,0.04106420
2025-12-17,jupiter-lend,611029228,0.01977984
2025-12-17,fluid,1564241268,0.05063659
2025-12-17,euler,941348715,0.03047272
2025-12-17,compound,917630238,0.02970492
2025-12-18,aave,20923885968,0.68726227
2025-12-18,morpho,3018464106,0.09914394
2025-12-18,spark-lend,1282515299,0.04212527
2025-12-18,kamino,1232182747,0.04047206
2025-12-18,jupiter-lend,599064597,0.01967677
2025-12-18,fluid,1542953558,0.05067958
2025-12-18,euler,939693572,0.03086501
2025-12-18,compound,906511174,0.02977510
2025-12-19,aave,20948202798,0.68776090
2025-12-19,morpho,3013438564,0.09893571
2025-12-19,spark-lend,1262494602,0.04144959
2025-12-19,kamino,1210357973,0.03973787
2025-12-19,jupiter-lend,596314843,0.01957791
2025-12-19,fluid,1514182470,0.04971288
2025-12-19,euler,1008417735,0.03310787
2025-12-19,compound,905145310,0.02971727
2025-12-20,aave,21755425701,0.68939862
2025-12-20,morpho,3056268767,0.09684883
2025-12-20,spark-lend,1326040229,0.04202034
2025-12-20,kamino,1240346905,0.03930484
2025-12-20,jupiter-lend,603895371,0.01913659
2025-12-20,fluid,1546728478,0.04901363
2025-12-20,euler,1110905924,0.03520304
2025-12-20,compound,917494971,0.02907411
2025-12-21,aave,21556211554,0.68843098
2025-12-21,morpho,3056958079,0.09762869
2025-12-21,spark-lend,1294610916,0.04134540
2025-12-21,kamino,1240612700,0.03962089
2025-12-21,jupiter-lend,601808478,0.01921969
2025-12-21,fluid,1536444224,0.04906872
2025-12-21,euler,1108493323,0.03540145
2025-12-21,compound,916948780,0.02928418
2025-12-22,aave,21644442325,0.68859674
2025-12-22,morpho,3067927060,0.09760310
2025-12-22,spark-lend,1305619010,0.04153699
2025-12-22,kamino,1241760072,0.03950538
2025-12-22,jupiter-lend,603864885,0.01921137
2025-12-22,fluid,1537244326,0.04890592
2025-12-22,euler,1110628651,0.03533356
2025-12-22,compound,921195676,0.02930694
2025-12-23,aave,21704981008,0.69020335
2025-12-23,morpho,3087622029,0.09818424
2025-12-23,spark-lend,1309143011,0.04162984
2025-12-23,kamino,1221018894,0.03882755
2025-12-23,jupiter-lend,604085868,0.01920951
2025-12-23,fluid,1481534094,0.04711176
2025-12-23,euler,1113693230,0.03541467
2025-12-23,compound,925148084,0.02941908
2025-12-24,aave,21478890831,0.68857182
2025-12-24,morpho,3098343878,0.09932693
2025-12-24,spark-lend,1316438059,0.04220247
2025-12-24,kamino,1222948784,0.03920538
2025-12-24,jupiter-lend,600830361,0.01926146
2025-12-24,fluid,1432512593,0.04592359
2025-12-24,euler,1121162638,0.03594231
2025-12-24,compound,922264992,0.02956604
2025-12-25,aave,21354767867,0.68811999
2025-12-25,morpho,3083610311,0.09936394
2025-12-25,spark-lend,1319111095,0.04250604
2025-12-25,kamino,1226836832,0.03953267
2025-12-25,jupiter-lend,594480334,0.01915609
2025-12-25,fluid,1425699310,0.04594066
2025-12-25,euler,1114287935,0.03590598
2025-12-25,compound,914700694,0.02947463
2025-12-26,aave,21228093104,0.68670188
2025-12-26,morpho,3110484813,0.10062024
2025-12-26,spark-lend,1321487871,0.04274846
2025-12-26,kamino,1227572401,0.03971041
2025-12-26,jupiter-lend,577418174,0.01867875
2025-12-26,fluid,1419399662,0.04591578
2025-12-26,euler,1112868556,0.03599989
2025-12-26,compound,915788781,0.02962459
2025-12-27,aave,21301649163,0.68662943
2025-12-27,morpho,3108503377,0.10019834
2025-12-27,spark-lend,1315199341,0.04239365
2025-12-27,kamino,1257728519,0.04054115
2025-12-27,jupiter-lend,594762489,0.01917135
2025-12-27,fluid,1420784316,0.04579703
2025-12-27,euler,1114628498,0.03592852
2025-12-27,compound,910245849,0.02934053
2025-12-28,aave,21342441122,0.68629066
2025-12-28,morpho,3114603590,0.10015365
2025-12-28,spark-lend,1317461492,0.04236448
2025-12-28,kamino,1271116563,0.04087421
2025-12-28,jupiter-lend,600828244,0.01932032
2025-12-28,fluid,1423285589,0.04576738
2025-12-28,euler,1117137608,0.03592284
2025-12-28,compound,911379460,0.02930646
2025-12-29,aave,21313548449,0.68470607
2025-12-29,morpho,3126146318,0.10042867
2025-12-29,spark-lend,1337939720,0.04298184
2025-12-29,kamino,1288940702,0.04140772
2025-12-29,jupiter-lend,603970633,0.01940279
2025-12-29,fluid,1428127467,0.04587915
2025-12-29,euler,1115676537,0.03584154
2025-12-29,compound,913676163,0.02935222
2025-12-30,aave,21536781699,0.69010693
2025-12-30,morpho,3026822248,0.09698900
2025-12-30,spark-lend,1323757568,0.04241740
2025-12-30,kamino,1283764445,0.04113589
2025-12-30,jupiter-lend,600624687,0.01924592
2025-12-30,fluid,1430293732,0.04583116
2025-12-30,euler,1112761430,0.03565641
2025-12-30,compound,893085137,0.02861729
2025-12-31,aave,21670226561,0.69386900
2025-12-31,morpho,3027131226,0.09692711
2025-12-31,spark-lend,1348889037,0.04319070
2025-12-31,kamino,1208391698,0.03869205
2025-12-31,jupiter-lend,589362192,0.01887106
2025-12-31,fluid,1379695498,0.04417711
2025-12-31,euler,1114004152,0.03566981
2025-12-31,compound,893305075,0.02860316
2026-01-01,aave,21826575957,0.69005918
2026-01-01,morpho,3183761575,0.10065637
2026-01-01,spark-lend,1393278838,0.04404928
2026-01-01,kamino,1210276051,0.03826354
2026-01-01,jupiter-lend,631424971,0.01996285
2026-01-01,fluid,1381792618,0.04368613
2026-01-01,euler,1109393450,0.03507408
2026-01-01,compound,893502487,0.02824857
2026-01-02,aave,21916364952,0.69044073
2026-01-02,morpho,3205991287,0.10099973
2026-01-02,spark-lend,1396041797,0.04398011
2026-01-02,kamino,1220320090,0.03844427
2026-01-02,jupiter-lend,626740430,0.01974447
2026-01-02,fluid,1383122026,0.04357309
2026-01-02,euler,1109106770,0.03494067
2026-01-02,compound,884885272,0.02787693
2026-01-03,aave,22358786692,0.69147615
2026-01-03,morpho,3238437007,0.10015311
2026-01-03,spark-lend,1436601797,0.04442888
2026-01-03,kamino,1236241927,0.03823248
2026-01-03,jupiter-lend,635538351,0.01965490
2026-01-03,fluid,1420749495,0.04393863
2026-01-03,euler,1110171994,0.03433359
2026-01-03,compound,898335722,0.02778226
2026-01-04,aave,22444507002,0.69164849
2026-01-04,morpho,3274115551,0.10089493
2026-01-04,spark-lend,1436233771,0.04425889
2026-01-04,kamino,1235704817,0.03807940
2026-01-04,jupiter-lend,641478520,0.01976776
2026-01-04,fluid,1415648931,0.04362455
2026-01-04,euler,1102039494,0.03396038
2026-01-04,compound,901014493,0.02776560
2026-01-05,aave,22520419661,0.69095590
2026-01-05,morpho,3292424307,0.10101588
2026-01-05,spark-lend,1456470616,0.04468642
2026-01-05,kamino,1241685940,0.03809655
2026-01-05,jupiter-lend,643438690,0.01974154
2026-01-05,fluid,1427791122,0.04380650
2026-01-05,euler,1107418380,0.03397704
2026-01-05,compound,903487480,0.02772017
2026-01-06,aave,22776750448,0.68895432
2026-01-06,morpho,3388496815,0.10249572
2026-01-06,spark-lend,1492436576,0.04514343
2026-01-06,kamino,1271179478,0.03845081
2026-01-06,jupiter-lend,665285057,0.02012364
2026-01-06,fluid,1444328420,0.04368825
2026-01-06,euler,1107702230,0.03350593
2026-01-06,compound,913705756,0.02763790
2026-01-07,aave,23100178451,0.69097444
2026-01-07,morpho,3417200310,0.10221558
2026-01-07,spark-lend,1500505496,0.04488324
2026-01-07,kamino,1292492980,0.03866116
2026-01-07,jupiter-lend,670284479,0.02004960
2026-01-07,fluid,1449654584,0.04336219
2026-01-07,euler,1093899497,0.03272081
2026-01-07,compound,907090924,0.02713298
2026-01-08,aave,22809859801,0.69159176
2026-01-08,morpho,3363630146,0.10198480
2026-01-08,spark-lend,1433911733,0.04347600
2026-01-08,kamino,1284924434,0.03895873
2026-01-08,jupiter-lend,671247088,0.02035212
2026-01-08,fluid,1432816409,0.04344279
2026-01-08,euler,1085486521,0.03291180
2026-01-08,compound,899806369,0.02728200
2026-01-09,aave,22609319697,0.68669106
2026-01-09,morpho,3385531488,0.10282548
2026-01-09,spark-lend,1513419278,0.04596562
2026-01-09,kamino,1309669243,0.03977732
2026-01-09,jupiter-lend,686191612,0.02084104
2026-01-09,fluid,1436838505,0.04363971
2026-01-09,euler,1087883314,0.03304123
2026-01-09,compound,896170910,0.02721854
2026-01-10,aave,22581424515,0.68547753
2026-01-10,morpho,3439466563,0.10440781
2026-01-10,spark-lend,1500386130,0.04554544
2026-01-10,kamino,1307682814,0.03969578
2026-01-10,jupiter-lend,689611497,0.02093372
2026-01-10,fluid,1440344955,0.04372284
2026-01-10,euler,1087193642,0.03300265
2026-01-10,compound,896507935,0.02721423
2026-01-11,aave,22621252217,0.68629079
2026-01-11,morpho,3430002189,0.10406050
2026-01-11,spark-lend,1502101019,0.04557122
2026-01-11,kamino,1306595186,0.03963990
2026-01-11,jupiter-lend,677670602,0.02055939
2026-01-11,fluid,1438279458,0.04363498
2026-01-11,euler,1089747965,0.03306112
2026-01-11,compound,895965528,0.02718210
2026-01-12,aave,22729249998,0.68592760
2026-01-12,morpho,3444533173,0.10394977
2026-01-12,spark-lend,1514760318,0.04571272
2026-01-12,kamino,1324039928,0.03995713
2026-01-12,jupiter-lend,689837885,0.02081806
2026-01-12,fluid,1442265925,0.04352497
2026-01-12,euler,1093200519,0.03299081
2026-01-12,compound,898626889,0.02711894
2026-01-13,aave,22811960863,0.68642815
2026-01-13,morpho,3471591938,0.10446267
2026-01-13,spark-lend,1529932307,0.04603675
2026-01-13,kamino,1327504097,0.03994554
2026-01-13,jupiter-lend,690275212,0.02077087
2026-01-13,fluid,1432703181,0.04311106
2026-01-13,euler,1075033430,0.03234852
2026-01-13,compound,893844812,0.02689644
2026-01-14,aave,23558043174,0.68875623
2026-01-14,morpho,3517335942,0.10283482
2026-01-14,spark-lend,1599220982,0.04675573
2026-01-14,kamino,1360836540,0.03978618
2026-01-14,jupiter-lend,697380299,0.02038900
2026-01-14,fluid,1479354770,0.04325125
2026-01-14,euler,1080261000,0.03158312
2026-01-14,compound,911313556,0.02664367
2026-01-15,aave,23753630120,0.69138251
2026-01-15,morpho,3524193019,0.10257655
2026-01-15,spark-lend,1539046914,0.04479611
2026-01-15,kamino,1364065551,0.03970303
2026-01-15,jupiter-lend,689923988,0.02008120
2026-01-15,fluid,1488091608,0.04331298
2026-01-15,euler,1085755527,0.03160243
2026-01-15,compound,912006004,0.02654519
2026-01-16,aave,23716803087,0.69301232
2026-01-16,morpho,3520320060,0.10286484
2026-01-16,spark-lend,1494030414,0.04365603
2026-01-16,kamino,1356489069,0.03963703
2026-01-16,jupiter-lend,686761519,0.02006738
2026-01-16,fluid,1474822105,0.04309476
2026-01-16,euler,1061745744,0.03102454
2026-01-16,compound,911800574,0.02664310
2026-01-17,aave,23725113762,0.69186306
2026-01-17,morpho,3558175736,0.10376222
2026-01-17,spark-lend,1500045040,0.04374376
2026-01-17,kamino,1387189916,0.04045272
2026-01-17,jupiter-lend,693538300,0.02022471
2026-01-17,fluid,1481394707,0.04319989
2026-01-17,euler,1035653571,0.03020135
2026-01-17,compound,910521313,0.02655229
2026-01-18,aave,23876696415,0.69319377
2026-01-18,morpho,3567451826,0.10357109
2026-01-18,spark-lend,1509314904,0.04381878
2026-01-18,kamino,1394110011,0.04047412
2026-01-18,jupiter-lend,689941675,0.02003055
2026-01-18,fluid,1486339757,0.04315176
2026-01-18,euler,1003314899,0.02912847
2026-01-18,compound,917306683,0.02663146
2026-01-19,aave,23564751463,0.69282314
2026-01-19,morpho,3557171559,0.10458378
2026-01-19,spark-lend,1488111103,0.04375169
2026-01-19,kamino,1349949704,0.03968964
2026-01-19,jupiter-lend,673454960,0.01980013
2026-01-19,fluid,1473743474,0.04332927
2026-01-19,euler,997935479,0.02934013
2026-01-19,compound,907533102,0.02668222
2026-01-20,aave,23752821175,0.69541474
2026-01-20,morpho,3568364163,0.10447151
2026-01-20,spark-lend,1474695327,0.04317487
2026-01-20,kamino,1349476936,0.03950883
2026-01-20,jupiter-lend,667893437,0.01955401
2026-01-20,fluid,1479880292,0.04332667
2026-01-20,euler,953018655,0.02790166
2026-01-20,compound,910188275,0.02664771
2026-01-21,aave,23226998515,0.69742801
2026-01-21,morpho,3517077351,0.10560591
2026-01-21,spark-lend,1419601598,0.04262582
2026-01-21,kamino,1322774634,0.03971844
2026-01-21,jupiter-lend,643038630,0.01930827
2026-01-21,fluid,1420904494,0.04266494
2026-01-21,euler,863992872,0.02594278
2026-01-21,compound,889405471,0.02670583
2026-01-22,aave,23589867443,0.70220782
2026-01-22,morpho,3544730219,0.10551722
2026-01-22,spark-lend,1413872631,0.04208724
2026-01-22,kamino,1336268587,0.03977717
2026-01-22,jupiter-lend,648563901,0.01930603
2026-01-22,fluid,1429993322,0.04256711
2026-01-22,euler,793500645,0.02362041
2026-01-22,compound,837057910,0.02491700
2026-01-23,aave,23629174437,0.70286957
2026-01-23,morpho,3565353796,0.10605443
2026-01-23,spark-lend,1398397253,0.04159650
2026-01-23,kamino,1342782846,0.03994220
2026-01-23,jupiter-lend,646734177,0.01923765
2026-01-23,fluid,1430212920,0.04254288
2026-01-23,euler,768928619,0.02287243
2026-01-23,compound,836565510,0.02488434
2026-01-24,aave,23714705311,0.70064378
2026-01-24,morpho,3622865036,0.10703645
2026-01-24,spark-lend,1461717633,0.04318600
2026-01-24,kamino,1349662684,0.03987538
2026-01-24,jupiter-lend,646523963,0.01910135
2026-01-24,fluid,1426704468,0.04215155
2026-01-24,euler,768112434,0.02269365
2026-01-24,compound,856730196,0.02531184
2026-01-25,aave,23792906497,0.70152106
2026-01-25,morpho,3621177333,0.10676847
2026-01-25,spark-lend,1471143016,0.04337586
2026-01-25,kamino,1348207440,0.03975117
2026-01-25,jupiter-lend,645475671,0.01903150
2026-01-25,fluid,1418486350,0.04182331
2026-01-25,euler,764721367,0.02254740
2026-01-25,compound,854050757,0.02518123
2026-01-26,aave,23380663251,0.69947255
2026-01-26,morpho,3638864779,0.10886287
2026-01-26,spark-lend,1433390241,0.04288232
2026-01-26,kamino,1308156742,0.03913575
2026-01-26,jupiter-lend,620972653,0.01857746
2026-01-26,fluid,1440460823,0.04309385
2026-01-26,euler,758810945,0.02270113
2026-01-26,compound,844814804,0.02527407
2026-01-27,aave,23961365083,0.70123661
2026-01-27,morpho,3667817975,0.10733980
2026-01-27,spark-lend,1468036019,0.04296252
2026-01-27,kamino,1333611635,0.03902855
2026-01-27,jupiter-lend,626694318,0.01834040
2026-01-27,fluid,1511637104,0.04423852
2026-01-27,euler,742740401,0.02173652
2026-01-27,compound,858254696,0.02511708
2026-01-28,aave,24635683389,0.70433976
2026-01-28,morpho,3693182961,0.10558894
2026-01-28,spark-lend,1516182884,0.04334801
2026-01-28,kamino,1378804161,0.03942032
2026-01-28,jupiter-lend,632074691,0.01807116
2026-01-28,fluid,1531290728,0.04377995
2026-01-28,euler,732920865,0.02095437
2026-01-28,compound,856848532,0.02449749
2026-01-29,aave,24704586549,0.70345897
2026-01-29,morpho,3699735432,0.10534935
2026-01-29,spark-lend,1519895256,0.04327876
2026-01-29,kamino,1380075107,0.03929741
2026-01-29,jupiter-lend,666870320,0.01898902
2026-01-29,fluid,1517209092,0.04320227
2026-01-29,euler,775204174,0.02207381
2026-01-29,compound,855155523,0.02435041
2026-01-30,aave,23833076381,0.69651826
2026-01-30,morpho,3629064189,0.10605888
2026-01-30,spark-lend,1576469006,0.04607208
2026-01-30,kamino,1359205627,0.03972259
2026-01-30,jupiter-lend,720414222,0.02105400
2026-01-30,fluid,1491945654,0.04360190
2026-01-30,euler,763379453,0.02230966
2026-01-30,compound,843892232,0.02466263
2026-01-31,aave,23252052881,0.69314532
2026-01-31,morpho,3623269055,0.10800990
2026-01-31,spark-lend,1590407551,0.04741016
2026-01-31,kamino,1362192884,0.04060707
2026-01-31,jupiter-lend,704010312,0.02098660
2026-01-31,fluid,1450891722,0.04325118
2026-01-31,euler,757293036,0.02257496
2026-01-31,compound,805593832,0.02401481
2026-02-01,aave,22097171655,0.69440019
2026-02-01,morpho,3438510928,0.10805467
2026-02-01,spark-lend,1501072324,0.04717096
2026-02-01,kamino,1248209613,0.03922479
2026-02-01,jupiter-lend,703591885,0.02211027
2026-02-01,fluid,1326234599,0.04167672
2026-02-01,euler,762234748,0.02395311
2026-02-01,compound,744929482,0.02340929
2026-02-02,aave,21383350890,0.69399471
2026-02-02,morpho,3370966293,0.10940440
2026-02-02,spark-lend,1402716100,0.04552502
2026-02-02,kamino,1202088131,0.03901366
2026-02-02,jupiter-lend,702692819,0.02280583
2026-02-02,fluid,1300931533,0.04222161
2026-02-02,euler,757384232,0.02458084
2026-02-02,compound,691849606,0.02245393
2026-02-03,aave,21634890524,0.69958137
2026-02-03,morpho,3362925073,0.10874285
2026-02-03,spark-lend,1305407451,0.04221139
2026-02-03,kamino,1191579303,0.03853066
2026-02-03,jupiter-lend,714227098,0.02309510
2026-02-03,fluid,1276653969,0.04128162
2026-02-03,euler,753080315,0.02435145
2026-02-03,compound,686717567,0.02220556
2026-02-04,aave,21199815457,0.69747093
2026-02-04,morpho,3282906929,0.10800717
2026-02-04,spark-lend,1354064697,0.04454854
2026-02-04,kamino,1183018317,0.03892114
2026-02-04,jupiter-lend,697425302,0.02294519
2026-02-04,fluid,1259559290,0.04143932
2026-02-04,euler,749659330,0.02466369
2026-02-04,compound,668818127,0.02200402
2026-02-05,aave,20413604638,0.69325561
2026-02-05,morpho,3270111825,0.11105454
2026-02-05,spark-lend,1327577150,0.04508514
2026-02-05,kamino,1118403481,0.03798151
2026-02-05,jupiter-lend,674854346,0.02291837
2026-02-05,fluid,1237672987,0.04203196
2026-02-05,euler,749066808,0.02543866
2026-02-05,compound,654708551,0.02223421
2026-02-06,aave,18778798373,0.69841206
2026-02-06,morpho,2925759580,0.10881345
2026-02-06,spark-lend,1167788730,0.04343184
2026-02-06,kamino,1002189763,0.03727296
2026-02-06,jupiter-lend,569508115,0.02118087
2026-02-06,fluid,1079214619,0.04013763
2026-02-06,euler,792770260,0.02948433
2026-02-06,compound,571819967,0.02126686
2026-02-07,aave,18590323392,0.68754003
2026-02-07,morpho,3025621259,0.11189885
2026-02-07,spark-lend,1273328768,0.04709248
2026-02-07,kamino,1003094718,0.03709821
2026-02-07,jupiter-lend,619605262,0.02291533
2026-02-07,fluid,1124622343,0.04159276
2026-02-07,euler,791135340,0.02925916
2026-02-07,compound,611165029,0.02260318
2026-02-08,aave,18284404768,0.68577360
2026-02-08,morpho,2979092457,0.11173363
2026-02-08,spark-lend,1273826460,0.04777605
2026-02-08,kamino,1005632200,0.03771717
2026-02-08,jupiter-lend,608639973,0.02282761
2026-02-08,fluid,1115537452,0.04183927
2026-02-08,euler,790110924,0.02963384
2026-02-08,compound,605206285,0.02269883
2026-02-09,aave,18249841291,0.68533180
2026-02-09,morpho,2984084697,0.11206060
2026-02-09,spark-lend,1277612493,0.04797787
2026-02-09,kamino,1008845326,0.03788492
2026-02-09,jupiter-lend,606273688,0.02276725
2026-02-09,fluid,1110230900,0.04169223
2026-02-09,euler,790259077,0.02967640
2026-02-09,compound,602057844,0.02260893
2026-02-10,aave,18291711719,0.68452037
2026-02-10,morpho,3015131506,0.11283356
2026-02-10,spark-lend,1279593183,0.04788549
2026-02-10,kamino,999047842,0.03738680
2026-02-10,jupiter-lend,632361796,0.02366452
2026-02-10,fluid,1109898479,0.04153510
2026-02-10,euler,790815470,0.02959424
2026-02-10,compound,603379082,0.02257992
2026-02-11,aave,17846330820,0.68042287
2026-02-11,morpho,3027906646,0.11544429
2026-02-11,spark-lend,1265860752,0.04826318
2026-02-11,kamino,1007593813,0.03841629
2026-02-11,jupiter-lend,634007433,0.02417265
2026-02-11,fluid,1062490485,0.04050933
2026-02-11,euler,785801473,0.02996007
2026-02-11,compound,598302368,0.02281132
2026-02-12,aave,17481408410,0.67685204
2026-02-12,morpho,3046753742,0.11796541
2026-02-12,spark-lend,1275704200,0.04939322
2026-02-12,kamino,1007626845,0.03901369
2026-02-12,jupiter-lend,632855413,0.02450314
2026-02-12,fluid,1013736946,0.03925027
2026-02-12,euler,774573746,0.02999025
2026-02-12,compound,594858795,0.02303198
2026-02-13,aave,17304870310,0.67495635
2026-02-13,morpho,3056749569,0.11922496
2026-02-13,spark-lend,1293494452,0.05045125
2026-02-13,kamino,1003416639,0.03913710
2026-02-13,jupiter-lend,626664678,0.02444233
2026-02-13,fluid,999518278,0.03898505
2026-02-13,euler,769616531,0.03001800
2026-02-13,compound,584172480,0.02278496
2026-02-14,aave,17677566837,0.67738574
2026-02-14,morpho,3080849646,0.11805491
2026-02-14,spark-lend,1335204838,0.05116364
2026-02-14,kamino,1041252168,0.03989969
2026-02-14,jupiter-lend,639188101,0.02449301
2026-02-14,fluid,954546980,0.03657723
2026-02-14,euler,770742256,0.02953403
2026-02-14,compound,597400108,0.02289175
2026-02-15,aave,17558840828,0.67331483
2026-02-15,morpho,3115494552,0.11946738
2026-02-15,spark-lend,1313915924,0.05038368
2026-02-15,kamino,1088108253,0.04172482
2026-02-15,jupiter-lend,644926353,0.02473048
2026-02-15,fluid,996083174,0.03819601
2026-02-15,euler,762119022,0.02922437
2026-02-15,compound,598714865,0.02295843
2026-02-16,aave,17136742080,0.67077444
2026-02-16,morpho,3110875491,0.12176736
2026-02-16,spark-lend,1261837500,0.04939144
2026-02-16,kamino,1081499842,0.04233258
2026-02-16,jupiter-lend,643730803,0.02519721
2026-02-16,fluid,961877354,0.03765026
2026-02-16,euler,759977834,0.02974741
2026-02-16,compound,591155945,0.02313930
2026-02-17,aave,17171853805,0.67048152
2026-02-17,morpho,3130577083,0.12223457
2026-02-17,spark-lend,1256587007,0.04906391
2026-02-17,kamino,1078103877,0.04209497
2026-02-17,jupiter-lend,645287864,0.02519551
2026-02-17,fluid,974536334,0.03805114
2026-02-17,euler,762947937,0.02978959
2026-02-17,compound,591332067,0.02308879
2026-02-18,aave,17063177708,0.66965666
2026-02-18,morpho,3140515276,0.12325178
2026-02-18,spark-lend,1274521379,0.05001951
2026-02-18,kamino,1066759952,0.04186576
2026-02-18,jupiter-lend,640794415,0.02514844
2026-02-18,fluid,943328247,0.03702159
2026-02-18,euler,764432907,0.03000072
2026-02-18,compound,586956893,0.02303554
2026-02-19,aave,16969986353,0.67042266
2026-02-19,morpho,3148609216,0.12439014
2026-02-19,spark-lend,1264348232,0.04994982
2026-02-19,kamino,1053229976,0.04160930
2026-02-19,jupiter-lend,635034062,0.02508789
2026-02-19,fluid,897650808,0.03546293
2026-02-19,euler,759036563,0.02998678
2026-02-19,compound,584474549,0.02309048
2026-02-20,aave,16902510268,0.66948935
2026-02-20,morpho,3179620003,0.12594116
2026-02-20,spark-lend,1265915337,0.05014148
2026-02-20,kamino,1056744970,0.04185648
2026-02-20,jupiter-lend,638547777,0.02529216
2026-02-20,fluid,863001734,0.03418252
2026-02-20,euler,755304599,0.02991676
2026-02-20,compound,585224689,0.02318009
2026-02-21,aave,16851946984,0.66819613
2026-02-21,morpho,3185859497,0.12632244
2026-02-21,spark-lend,1262455754,0.05005760
2026-02-21,kamino,1063751995,0.04217880
2026-02-21,jupiter-lend,660967267,0.02620800
2026-02-21,fluid,850733379,0.03373241
2026-02-21,euler,754856644,0.02993080
2026-02-21,compound,589489205,0.02337382
2026-02-22,aave,16842174494,0.66723087
2026-02-22,morpho,3200357866,0.12678752
2026-02-22,spark-lend,1263812243,0.05006803
2026-02-22,kamino,1069726738,0.04237901
2026-02-22,jupiter-lend,662489955,0.02624565
2026-02-22,fluid,862577715,0.03417246
2026-02-22,euler,753130113,0.02983651
2026-02-22,compound,587630117,0.02327995
2026-02-23,aave,16759612184,0.66765827
2026-02-23,morpho,3175308928,0.12649584
2026-02-23,spark-lend,1260181284,0.05020226
2026-02-23,kamino,1059275790,0.04219872
2026-02-23,jupiter-lend,661702105,0.02636045
2026-02-23,fluid,847028970,0.03374338
2026-02-23,euler,753650844,0.03002344
2026-02-23,compound,585321339,0.02331764
2026-02-24,aave,16397026846,0.66517761
2026-02-24,morpho,3162057555,0.12827508
2026-02-24,spark-lend,1247525027,0.05060830
2026-02-24,kamino,1036464592,0.04204622
2026-02-24,jupiter-lend,673888505,0.02733761
2026-02-24,fluid,809654105,0.03284521
2026-02-24,euler,752314897,0.03051913
2026-02-24,compound,571667767,0.02319084
2026-02-25,aave,16345255501,0.66440737
2026-02-25,morpho,3162567301,0.12855309
2026-02-25,spark-lend,1223225514,0.04972208
2026-02-25,kamino,1065429226,0.04330792
2026-02-25,jupiter-lend,669037689,0.02719527
2026-02-25,fluid,827804042,0.03364885
2026-02-25,euler,747266282,0.03037513
2026-02-25,compound,560669923,0.02279029
2026-02-26,aave,17065458622,0.66815027
2026-02-26,morpho,3219108368,0.12603518
2026-02-26,spark-lend,1273223942,0.04984952
2026-02-26,kamino,1096103949,0.04291488
2026-02-26,jupiter-lend,686064876,0.02686095
2026-02-26,fluid,867488892,0.03396410
2026-02-26,euler,749782652,0.02935564
2026-02-26,compound,584116810,0.02286946
2026-02-27,aave,16894304428,0.66633989
2026-02-27,morpho,3244563920,0.12797108
2026-02-27,spark-lend,1260067000,0.04969917
2026-02-27,kamino,1088747065,0.04294202
2026-02-27,jupiter-lend,676392573,0.02667807
2026-02-27,fluid,866711522,0.03418457
2026-02-27,euler,747199190,0.02947080
2026-02-27,compound,575898378,0.02271440
2026-02-28,aave,16522719421,0.66371948
2026-02-28,morpho,3257972371,0.13087311
2026-02-28,spark-lend,1209411529,0.04858220
2026-02-28,kamino,1068248892,0.04291168
2026-02-28,jupiter-lend,666843244,0.02678717
2026-02-28,fluid,853333793,0.03427851
2026-02-28,euler,745606095,0.02995108
2026-02-28,compound,569995394,0.02289677
2026-03-01,aave,16646735921,0.66366948
2026-03-01,morpho,3285589123,0.13098936
2026-03-01,spark-lend,1239359230,0.04941058
2026-03-01,kamino,1068634151,0.04260414
2026-03-01,jupiter-lend,671540394,0.02677287
2026-03-01,fluid,857867157,0.03420131
2026-03-01,euler,744139443,0.02966724
2026-03-01,compound,569005514,0.02268502
2026-03-02,aave,16536803279,0.66252505
2026-03-02,morpho,3297338400,0.13210348
2026-03-02,spark-lend,1232818342,0.04939123
2026-03-02,kamino,1061930071,0.04254482
2026-03-02,jupiter-lend,669363581,0.02681716
2026-03-02,fluid,853786880,0.03420584
2026-03-02,euler,743211723,0.02977579
2026-03-02,compound,565016294,0.02263663
2026-03-03,aave,16848926233,0.66266288
2026-03-03,morpho,3342653171,0.13146548
2026-03-03,spark-lend,1262389047,0.04964936
2026-03-03,kamino,1136147286,0.04468431
2026-03-03,jupiter-lend,667705341,0.02626064
2026-03-03,fluid,866168644,0.03406614
2026-03-03,euler,742853631,0.02921620
2026-03-03,compound,559247059,0.02199499
2026-03-04,aave,16668223583,0.66128560
2026-03-04,morpho,3335056391,0.13231313
2026-03-04,spark-lend,1243793420,0.04934555
2026-03-04,kamino,1140881795,0.04526269
2026-03-04,jupiter-lend,671342811,0.02663447
2026-03-04,fluid,845652627,0.03354994
2026-03-04,euler,742259475,0.02944798
2026-03-04,compound,558576263,0.02216064
2026-03-05,aave,17158767286,0.66596541
2026-03-05,morpho,3510459323,0.13624781
2026-03-05,spark-lend,1084722301,0.04210020
2026-03-05,kamino,1128678587,0.04380623
2026-03-05,jupiter-lend,695225532,0.02698307
2026-03-05,fluid,878088979,0.03408036
2026-03-05,euler,741331964,0.02877255
2026-03-05,compound,567978964,0.02204437
2026-03-06,aave,16940840456,0.66357718
2026-03-06,morpho,3563494734,0.13958303
2026-03-06,spark-lend,1063964635,0.04167578
2026-03-06,kamino,1105777102,0.04331358
2026-03-06,jupiter-lend,699927318,0.02741634
2026-03-06,fluid,852037522,0.03337453
2026-03-06,euler,739900635,0.02898210
2026-03-06,compound,563628009,0.02207746
2026-03-07,aave,16435364745,0.65669321
2026-03-07,morpho,3595725046,0.14367118
2026-03-07,spark-lend,1018400145,0.04069131
2026-03-07,kamino,1098162128,0.04387828
2026-03-07,jupiter-lend,696146611,0.02781531
2026-03-07,fluid,880512451,0.03518185
2026-03-07,euler,736984030,0.02944701
2026-03-07,compound,566167289,0.02262185
2026-03-08,aave,16388239780,0.65552560
2026-03-08,morpho,3622616733,0.14490379
2026-03-08,spark-lend,1008836104,0.04035320
2026-03-08,kamino,1101923099,0.04407666
2026-03-08,jupiter-lend,692698508,0.02770777
2026-03-08,fluid,891544887,0.03566158
2026-03-08,euler,736301565,0.02945188
2026-03-08,compound,557991725,0.02231952
2026-03-09,aave,16278578922,0.65391066
2026-03-09,morpho,3628994360,0.14577674
2026-03-09,spark-lend,1006581134,0.04043437
2026-03-09,kamino,1103646920,0.04433351
2026-03-09,jupiter-lend,696563605,0.02798097
2026-03-09,fluid,887182651,0.03563813
2026-03-09,euler,735662030,0.02955155
2026-03-09,compound,556984631,0.02237407
2026-03-10,aave,16493827301,0.65541249
2026-03-10,morpho,3684861100,0.14642472
2026-03-10,spark-lend,1013517074,0.04027396
2026-03-10,kamino,1101531586,0.04377138
2026-03-10,jupiter-lend,707788493,0.02812527
2026-03-10,fluid,877577516,0.03487215
2026-03-10,euler,739874570,0.02940027
2026-03-10,compound,546590090,0.02171976
2026-03-11,aave,16760171410,0.65728984
2026-03-11,morpho,3717581942,0.14579379
2026-03-11,spark-lend,1029851534,0.04038807
2026-03-11,kamino,1108720509,0.04348110
2026-03-11,jupiter-lend,712967542,0.02796071
2026-03-11,fluid,872022577,0.03419843
2026-03-11,euler,763781477,0.02995350
2026-03-11,compound,533808221,0.02093456
2026-03-12,aave,16925820527,0.66075823
2026-03-12,morpho,3740733957,0.14603255
2026-03-12,spark-lend,967590678,0.03777327
2026-03-12,kamino,1120953339,0.04376031
2026-03-12,jupiter-lend,665214038,0.02596894
2026-03-12,fluid,885959122,0.03458649
2026-03-12,euler,781441882,0.03050630
2026-03-12,compound,528040708,0.02061391
2026-03-13,aave,17088467184,0.66148523
2026-03-13,morpho,3710700271,0.14363918
2026-03-13,spark-lend,957839323,0.03707744
2026-03-13,kamino,1173314548,0.04541837
2026-03-13,jupiter-lend,678746614,0.02627391
2026-03-13,fluid,906169758,0.03507734
2026-03-13,euler,791034193,0.03062050
2026-03-13,compound,527210569,0.02040803
2026-03-14,aave,17227793420,0.66364553
2026-03-14,morpho,3742350129,0.14416205
2026-03-14,spark-lend,847080587,0.03263106
2026-03-14,kamino,1214376356,0.04677996
2026-03-14,jupiter-lend,679713442,0.02618378
2026-03-14,fluid,924055468,0.03559628
2026-03-14,euler,793845446,0.03058035
2026-03-14,compound,530115326,0.02042099
2026-03-15,aave,17198332221,0.66233671
2026-03-15,morpho,3759654957,0.14479064
2026-03-15,spark-lend,822210878,0.03166472
2026-03-15,kamino,1215303188,0.04680337
2026-03-15,jupiter-lend,680870698,0.02622148
2026-03-15,fluid,947998645,0.03650902
2026-03-15,euler,791531966,0.03048323
2026-03-15,compound,550244359,0.02119083
2026-03-16,aave,17381684528,0.65837258
2026-03-16,morpho,3894642167,0.14751882
2026-03-16,spark-lend,904966696,0.03427776
2026-03-16,kamino,1231167288,0.04663338
2026-03-16,jupiter-lend,691047025,0.02617505
2026-03-16,fluid,964036855,0.03651519
2026-03-16,euler,791454348,0.02997821
2026-03-16,compound,541985901,0.02052901
2026-03-17,aave,17890675629,0.66119151
2026-03-17,morpho,3942375035,0.14569963
2026-03-17,spark-lend,950012667,0.03510993
2026-03-17,kamino,1245646522,0.04603576
2026-03-17,jupiter-lend,698901642,0.02582953
2026-03-17,fluid,988717298,0.03654035
2026-03-17,euler,792151968,0.02927582
2026-03-17,compound,549754810,0.02031747
2026-03-18,aave,17943518817,0.66126940
2026-03-18,morpho,3985070038,0.14686110
2026-03-18,spark-lend,943147114,0.03475764
2026-03-18,kamino,1241151910,0.04573996
2026-03-18,jupiter-lend,707438095,0.02607109
2026-03-18,fluid,967547023,0.03565684
2026-03-18,euler,791406747,0.02916558
2026-03-18,compound,555680541,0.02047839
2026-03-19,aave,17560979064,0.65647433
2026-03-19,morpho,3992651846,0.14925554
2026-03-19,spark-lend,994083058,0.03716137
2026-03-19,kamino,1229060061,0.04594541
2026-03-19,jupiter-lend,691760770,0.02585979
2026-03-19,fluid,938744059,0.03509265
2026-03-19,euler,791746541,0.02959751
2026-03-19,compound,551417590,0.02061340
2026-03-20,aave,17291708920,0.65474785
2026-03-20,morpho,3949343636,0.14954128
2026-03-20,spark-lend,997126813,0.03775605
2026-03-20,kamino,1208337344,0.04575350
2026-03-20,jupiter-lend,693712993,0.02626733
2026-03-20,fluid,931262418,0.03526211
2026-03-20,euler,790440643,0.02992991
2026-03-20,compound,547789477,0.02074197
2026-03-21,aave,17316609702,0.65413228
2026-03-21,morpho,3990234775,0.15073051
2026-03-21,spark-lend,977656407,0.03693082
2026-03-21,kamino,1184009122,0.04472576
2026-03-21,jupiter-lend,694961659,0.02625207
2026-03-21,fluid,951672035,0.03594927
2026-03-21,euler,824353219,0.03113982
2026-03-21,compound,533145282,0.02013947
2026-03-22,aave,17154379343,0.65311927
2026-03-22,morpho,3992459314,0.15200504
2026-03-22,spark-lend,944269000,0.03595119
2026-03-22,kamino,1183555434,0.04506155
2026-03-22,jupiter-lend,686273882,0.02612853
2026-03-22,fluid,947490482,0.03607384
2026-03-22,euler,826138702,0.03145361
2026-03-22,compound,530742542,0.02020697
2026-03-23,aave,17073288268,0.66128303
2026-03-23,morpho,3817127937,0.14784510
2026-03-23,spark-lend,903873768,0.03500886
2026-03-23,kamino,1137885866,0.04407262
2026-03-23,jupiter-lend,679762679,0.02632859
2026-03-23,fluid,850789437,0.03295280
2026-03-23,euler,824879091,0.03194924
2026-03-23,compound,530820900,0.02055976
2026-03-24,aave,17371329805,0.66503424
2026-03-24,morpho,3841777186,0.14707644
2026-03-24,spark-lend,875178760,0.03350485
2026-03-24,kamino,1155729699,0.04424531
2026-03-24,jupiter-lend,680016647,0.02603338
2026-03-24,fluid,823879826,0.03154095
2026-03-24,euler,816818052,0.03127060
2026-03-24,compound,556225481,0.02129423
2026-03-25,aave,17405382310,0.66533600
2026-03-25,morpho,3863055837,0.14766870
2026-03-25,spark-lend,893151355,0.03414149
2026-03-25,kamino,1158463349,0.04428328
2026-03-25,jupiter-lend,671832630,0.02568139
2026-03-25,fluid,797733245,0.03049405
2026-03-25,euler,812475572,0.03105759
2026-03-25,compound,558195278,0.02133750
2026-03-26,aave,17369136310,0.66318584
2026-03-26,morpho,3903398818,0.14903901
2026-03-26,spark-lend,892706812,0.03408520
2026-03-26,kamino,1167391320,0.04457317
2026-03-26,jupiter-lend,677168088,0.02585553
2026-03-26,fluid,806816121,0.03080574
2026-03-26,euler,813181766,0.03104879
2026-03-26,compound,560651907,0.02140672
2026-03-27,aave,17096638039,0.66135006
2026-03-27,morpho,3912249113,0.15133772
2026-03-27,spark-lend,865832427,0.03349304
2026-03-27,kamino,1158847788,0.04482776
2026-03-27,jupiter-lend,653185384,0.02526720
2026-03-27,fluid,798946975,0.03090570
2026-03-27,euler,809241143,0.03130391
2026-03-27,compound,556176496,0.02151461
2026-03-28,aave,16905052132,0.66049704
2026-03-28,morpho,3897680572,0.15228622
2026-03-28,spark-lend,854539354,0.03338769
2026-03-28,kamino,1144067947,0.04469986
2026-03-28,jupiter-lend,634812826,0.02480276
2026-03-28,fluid,805105282,0.03145626
2026-03-28,euler,802788766,0.03136575
2026-03-28,compound,550393628,0.02150442
2026-03-29,aave,16880634903,0.65980834
2026-03-29,morpho,3910898742,0.15286413
2026-03-29,spark-lend,850715119,0.03325165
2026-03-29,kamino,1149249309,0.04492036
2026-03-29,jupiter-lend,633803908,0.02477330
2026-03-29,fluid,805473849,0.03148332
2026-03-29,euler,803046912,0.03138845
2026-03-29,compound,550326376,0.02151045
2026-03-30,aave,16964698993,0.65955650
2026-03-30,morpho,3935074681,0.15298851
2026-03-30,spark-lend,867944773,0.03374411
2026-03-30,kamino,1154023151,0.04486631
2026-03-30,jupiter-lend,631977766,0.02457014
2026-03-30,fluid,814788861,0.03167750
2026-03-30,euler,803919937,0.03125494
2026-03-30,compound,548945143,0.02134199
2026-03-31,aave,16921995906,0.65674949
2026-03-31,morpho,3947914343,0.15322015
2026-03-31,spark-lend,927862464,0.03601072
2026-03-31,kamino,1154643074,0.04481216
2026-03-31,jupiter-lend,629951403,0.02444867
2026-03-31,fluid,830921355,0.03224839
2026-03-31,euler,804857227,0.03123683
2026-03-31,compound,548141164,0.02127359
2026-04-01,aave,17278781824,0.66152439
2026-04-01,morpho,3864388697,0.14794951
2026-04-01,spark-lend,989548404,0.03788522
2026-04-01,kamino,1142181825,0.04372884
2026-04-01,jupiter-lend,641771435,0.02457045
2026-04-01,fluid,845533218,0.03237154
2026-04-01,euler,806352847,0.03087151
2026-04-01,compound,551086246,0.02109854
2026-04-02,aave,17463864988,0.66501090
2026-04-02,morpho,3942108188,0.15011253
2026-04-02,spark-lend,993819556,0.03784390
2026-04-02,kamino,1049680482,0.03997105
2026-04-02,jupiter-lend,608442929,0.02316905
2026-04-02,fluid,843459924,0.03211832
2026-04-02,euler,805234012,0.03066271
2026-04-02,compound,554410532,0.02111154
2026-04-03,aave,17220999828,0.67031309
2026-04-03,morpho,3736284584,0.14543177
2026-04-03,spark-lend,954411111,0.03714966
2026-04-03,kamino,992268874,0.03862324
2026-04-03,jupiter-lend,603626932,0.02349568
2026-04-03,fluid,828282010,0.03224019
2026-04-03,euler,806673061,0.03139908
2026-04-03,compound,548432958,0.02134729
2026-04-04,aave,17153463246,0.66615254
2026-04-04,morpho,3876754129,0.15055325
2026-04-04,spark-lend,946054832,0.03673992
2026-04-04,kamino,1000625976,0.03885918
2026-04-04,jupiter-lend,609765691,0.02368017
2026-04-04,fluid,801433627,0.03112357
2026-04-04,euler,808857943,0.03141189
2026-04-04,compound,553097653,0.02147948
2026-04-05,aave,17199983598,0.66648038
2026-04-05,morpho,3890273676,0.15074381
2026-04-05,spark-lend,954863114,0.03699989
2026-04-05,kamino,1000713284,0.03877654
2026-04-05,jupiter-lend,610811562,0.02366827
2026-04-05,fluid,788274268,0.03054476
2026-04-05,euler,809184181,0.03135499
2026-04-05,compound,553082997,0.02143136
2026-04-06,aave,17417526458,0.66798138
2026-04-06,morpho,3902373758,0.14966035
2026-04-06,spark-lend,973779024,0.03734550
2026-04-06,kamino,1008057483,0.03866012
2026-04-06,jupiter-lend,609972481,0.02339312
2026-04-06,fluid,794865312,0.03048396
2026-04-06,euler,811753233,0.03113163
2026-04-06,compound,556540321,0.02134394
2026-04-07,aave,17329705757,0.66696182
2026-04-07,morpho,3901090495,0.15013979
2026-04-07,spark-lend,957296971,0.03684313
2026-04-07,kamino,1024287555,0.03942137
2026-04-07,jupiter-lend,607913853,0.02339655
2026-04-07,fluid,802757337,0.03089542
2026-04-07,euler,802951236,0.03090288
2026-04-07,compound,557052122,0.02143904
2026-04-08,aave,17796725678,0.66860389
2026-04-08,morpho,3959586113,0.14875740
2026-04-08,spark-lend,993602751,0.03732859
2026-04-08,kamino,1061737101,0.03988832
2026-04-08,jupiter-lend,612633995,0.02301600
2026-04-08,fluid,833335281,0.03130751
2026-04-08,euler,801480600,0.03011077
2026-04-08,compound,558640060,0.02098752
2026-04-09,aave,17692074429,0.66773644
2026-04-09,morpho,3972752776,0.14994012
2026-04-09,spark-lend,963594850,0.03636811
2026-04-09,kamino,1069150220,0.04035200
2026-04-09,jupiter-lend,612854202,0.02313042
2026-04-09,fluid,823949603,0.03109761
2026-04-09,euler,803849160,0.03033897
2026-04-09,compound,557370130,0.02103633
2026-04-10,aave,17633760694,0.66591162
2026-04-10,morpho,3971190076,0.14996583
2026-04-10,spark-lend,966001864,0.03647956
2026-04-10,kamino,1092425008,0.04125374
2026-04-10,jupiter-lend,620414489,0.02342899
2026-04-10,fluid,829964021,0.03134230
2026-04-10,euler,806208841,0.03044523
2026-04-10,compound,560667384,0.02117273
2026-04-11,aave,17785417327,0.66711730
2026-04-11,morpho,3965484067,0.14874225
2026-04-11,spark-lend,976124187,0.03661367
2026-04-11,kamino,1095124471,0.04107728
2026-04-11,jupiter-lend,615973121,0.02310468
2026-04-11,fluid,838599493,0.03145522
2026-04-11,euler,817538829,0.03066525
2026-04-11,compound,565843436,0.02122435
2026-04-12,aave,17883650938,0.66800559
2026-04-12,morpho,3964919932,0.14810112
2026-04-12,spark-lend,985068851,0.03679514
2026-04-12,kamino,1090803090,0.04074462
2026-04-12,jupiter-lend,614236900,0.02294351
2026-04-12,fluid,844740989,0.03155350
2026-04-12,euler,819266841,0.03060196
2026-04-12,compound,569021161,0.02125456
2026-04-13,aave,17590249263,0.66619104
2026-04-13,morpho,3935259098,0.14903907
2026-04-13,spark-lend,980861122,0.03714790
2026-04-13,kamino,1083301100,0.04102759
2026-04-13,jupiter-lend,601689635,0.02278764
2026-04-13,fluid,834031657,0.03158707
2026-04-13,euler,820159792,0.03106170
2026-04-13,compound,558659964,0.02115799
2026-04-14,aave,18341366068,0.67106703
2026-04-14,morpho,4005363132,0.14654672
2026-04-14,spark-lend,1014393912,0.03711426
2026-04-14,kamino,1105137550,0.04043436
2026-04-14,jupiter-lend,612130019,0.02239638
2026-04-14,fluid,863458334,0.03159189
2026-04-14,euler,822724519,0.03010154
2026-04-14,compound,567071943,0.02074782
2026-04-15,aave,18122127033,0.67050797
2026-04-15,morpho,4029296489,0.14908158
2026-04-15,spark-lend,946474275,0.03501899
2026-04-15,kamino,1090934635,0.04036394
2026-04-15,jupiter-lend,607653984,0.02248284
2026-04-15,fluid,855833810,0.03166534
2026-04-15,euler,814263371,0.03012726
2026-04-15,compound,560875969,0.02075208
2026-04-16,aave,18289216200,0.66996995
2026-04-16,morpho,4052605606,0.14845491
2026-04-16,spark-lend,975474601,0.03573355
2026-04-16,kamino,1081791704,0.03962816
2026-04-16,jupiter-lend,624017500,0.02285899
2026-04-16,fluid,863703740,0.03163917
2026-04-16,euler,842467594,0.03086124
2026-04-16,compound,569285107,0.02085403
2026-04-17,aave,18244584459,0.66808466
2026-04-17,morpho,4077701208,0.14931826
2026-04-17,spark-lend,972734477,0.03561983
2026-04-17,kamino,1102553754,0.04037358
2026-04-17,jupiter-lend,638050868,0.02336430
2026-04-17,fluid,859469101,0.03147225
2026-04-17,euler,843575570,0.03089026
2026-04-17,compound,570121729,0.02087686
2026-04-18,aave,18368386489,0.66844667
2026-04-18,morpho,4098547039,0.14915083
2026-04-18,spark-lend,966159501,0.03515965
2026-04-18,kamino,1110832399,0.04042447
2026-04-18,jupiter-lend,636694485,0.02317004
2026-04-18,fluid,868807914,0.03161692
2026-04-18,euler,844491858,0.03073203
2026-04-18,compound,585290416,0.02129939
2026-04-19,aave,18105555955,0.66930148
2026-04-19,morpho,3994647706,0.14766868
2026-04-19,spark-lend,941919497,0.03481959
2026-04-19,kamino,1100861770,0.04069516
2026-04-19,jupiter-lend,625701163,0.02313007
2026-04-19,fluid,826771946,0.03056298
2026-04-19,euler,841230002,0.03109744
2026-04-19,compound,614732728,0.02272460
2026-04-20,aave,16856035361,0.66368003
2026-04-20,morpho,3621234167,0.14258043
2026-04-20,spark-lend,1219550480,0.04801789
2026-04-20,kamino,1042643276,0.04105245
2026-04-20,jupiter-lend,620205036,0.02441960
2026-04-20,fluid,768495373,0.03025830
2026-04-20,euler,645448350,0.02541352
2026-04-20,compound,624222000,0.02457778
2026-04-21,aave,15692743143,0.64486359
2026-04-21,morpho,3565564537,0.14652013
2026-04-21,spark-lend,1370350426,0.05631196
2026-04-21,kamino,1008552494,0.04144456
2026-04-21,jupiter-lend,617966514,0.02539416
2026-04-21,fluid,811508308,0.03334740
2026-04-21,euler,636980911,0.02617553
2026-04-21,compound,631314383,0.02594267
2026-04-22,aave,14287576564,0.62203127
2026-04-22,morpho,3511598587,0.15288276
2026-04-22,spark-lend,1492041514,0.06495829
2026-04-22,kamino,994239389,0.04328572
2026-04-22,jupiter-lend,627922907,0.02733757
2026-04-22,fluid,809382044,0.03523767
2026-04-22,euler,613768233,0.02672133
2026-04-22,compound,632696215,0.02754539
2026-04-23,aave,13457760212,0.60047300
2026-04-23,morpho,3500527882,0.15619036
2026-04-23,spark-lend,1721163346,0.07679674
2026-04-23,kamino,990745624,0.04420617
2026-04-23,jupiter-lend,631575163,0.02818031
2026-04-23,fluid,807762459,0.03604162
2026-04-23,euler,670190802,0.02990330
2026-04-23,compound,632206893,0.02820850
2026-04-24,aave,12958689560,0.59052284
2026-04-24,morpho,3509103855,0.15990861
2026-04-24,spark-lend,1703969948,0.07764930
2026-04-24,kamino,978534682,0.04459148
2026-04-24,jupiter-lend,617102390,0.02812113
2026-04-24,fluid,786824192,0.03585530
2026-04-24,euler,763477847,0.03479141
2026-04-24,compound,626731538,0.02855993
2026-04-25,aave,12669357184,0.58574422
2026-04-25,morpho,3489286639,0.16132069
2026-04-25,spark-lend,1697210343,0.07846737
2026-04-25,kamino,978534832,0.04524074
2026-04-25,jupiter-lend,612741215,0.02832895
2026-04-25,fluid,795175253,0.03676345
2026-04-25,euler,760971777,0.03518212
2026-04-25,compound,626226974,0.02895246
2026-04-26,aave,12531555594,0.58204233
2026-04-26,morpho,3509573015,0.16300610
2026-04-26,spark-lend,1719642772,0.07987076
2026-04-26,kamino,977802879,0.04541517
2026-04-26,jupiter-lend,613269589,0.02848400
2026-04-26,fluid,790245833,0.03670387
2026-04-26,euler,761693543,0.03537772
2026-04-26,compound,626533212,0.02910005
2026-04-27,aave,12610688544,0.58247374
2026-04-27,morpho,3521918705,0.16267353
2026-04-27,spark-lend,1742324996,0.08047606
2026-04-27,kamino,981091063,0.04531551
2026-04-27,jupiter-lend,613640050,0.02834335
2026-04-27,fluid,778521771,0.03595906
2026-04-27,euler,772054593,0.03566035
2026-04-27,compound,629986928,0.02909840
2026-04-28,aave,12408892566,0.58065208
2026-04-28,morpho,3552577476,0.16623655
2026-04-28,spark-lend,1650517488,0.07723303
2026-04-28,kamino,975922836,0.04566658
2026-04-28,jupiter-lend,609766708,0.02853295
2026-04-28,fluid,773866801,0.03621172
2026-04-28,euler,772284893,0.03613770
2026-04-28,compound,626787122,0.02932939
2026-04-29,aave,12250448417,0.57646695
2026-04-29,morpho,3575576965,0.16825522
2026-04-29,spark-lend,1649715056,0.07763032
2026-04-29,kamino,975129357,0.04588647
2026-04-29,jupiter-lend,606905755,0.02855905
2026-04-29,fluid,770882689,0.03627528
2026-04-29,euler,792589403,0.03729672
2026-04-29,compound,629664415,0.02962999
2026-04-30,aave,12026438607,0.57232804
2026-04-30,morpho,3595927579,0.17112715
2026-04-30,spark-lend,1617821938,0.07699078
2026-04-30,kamino,978699503,0.04657548
2026-04-30,jupiter-lend,612428826,0.02914497
2026-04-30,fluid,770517281,0.03666827
2026-04-30,euler,785855711,0.03739821
2026-04-30,compound,625501707,0.02976710
2026-05-01,aave,12026511051,0.57197618
2026-05-01,morpho,3593539220,0.17090732
2026-05-01,spark-lend,1640415239,0.07801751
2026-05-01,kamino,973075583,0.04627910
2026-05-01,jupiter-lend,612571540,0.02913366
2026-05-01,fluid,772918769,0.03675972
2026-05-01,euler,780405521,0.03711578
2026-05-01,compound,626807812,0.02981073
2026-05-02,aave,12081341220,0.57049647
2026-05-02,morpho,3667234858,0.17317155
2026-05-02,spark-lend,1648046595,0.07782288
2026-05-02,kamino,979258201,0.04624183
2026-05-02,jupiter-lend,613001691,0.02894673
2026-05-02,fluid,771912335,0.03645069
2026-05-02,euler,789289036,0.03727124
2026-05-02,compound,626806607,0.02959861
2026-05-03,aave,12120318218,0.57080580
2026-05-03,morpho,3676250828,0.17313286
2026-05-03,spark-lend,1641161683,0.07729043
2026-05-03,kamino,983144472,0.04630114
2026-05-03,jupiter-lend,615165762,0.02897120
2026-05-03,fluid,774766199,0.03648758
2026-05-03,euler,797366764,0.03755195
2026-05-03,compound,625524331,0.02945904
2026-05-04,aave,12200363059,0.57295897
2026-05-04,morpho,3687771498,0.17318679
2026-05-04,spark-lend,1637816851,0.07691590
2026-05-04,kamino,981954425,0.04611499
2026-05-04,jupiter-lend,614827022,0.02887378
2026-05-04,fluid,777098110,0.03649443
2026-05-04,euler,766208635,0.03598304
2026-05-04,compound,627567363,0.02947210
2026-05-05,aave,12234932417,0.57084717
2026-05-05,morpho,3721502559,0.17363473
2026-05-05,spark-lend,1674257112,0.07811608
2026-05-05,kamino,981764955,0.04580636
2026-05-05,jupiter-lend,621307860,0.02898846
2026-05-05,fluid,780229443,0.03640329
2026-05-05,euler,790351989,0.03687558
2026-05-05,compound,628592269,0.02932833
2026-05-06,aave,12206003494,0.56906848
2026-05-06,morpho,3750282308,0.17484572
2026-05-06,spark-lend,1728304554,0.08057704
2026-05-06,kamino,985576538,0.04594956
2026-05-06,jupiter-lend,626503372,0.02920885
2026-05-06,fluid,777003965,0.03622549
2026-05-06,euler,782041025,0.03646033
2026-05-06,compound,593379200,0.02766453
2026-05-07,aave,11917002250,0.56092990
2026-05-07,morpho,3774280981,0.17765433
2026-05-07,spark-lend,1753877742,0.08255453
2026-05-07,kamino,986054695,0.04641331
2026-05-07,jupiter-lend,642120802,0.03022444
2026-05-07,fluid,785419454,0.03696947
2026-05-07,euler,779586314,0.03669491
2026-05-07,compound,606740701,0.02855911
2026-05-08,aave,11672167892,0.55694814
2026-05-08,morpho,3790139754,0.18084998
2026-05-08,spark-lend,1692555862,0.08076185
2026-05-08,kamino,983545261,0.04693076
2026-05-08,jupiter-lend,639615519,0.03051984
2026-05-08,fluid,796199407,0.03799138
2026-05-08,euler,778007143,0.03712332
2026-05-08,compound,605138533,0.02887473
2026-05-09,aave,11910295186,0.56472729
2026-05-09,morpho,3780819101,0.17926774
2026-05-09,spark-lend,1599473248,0.07583911
2026-05-09,kamino,997220436,0.04728326
2026-05-09,jupiter-lend,650896754,0.03086230
2026-05-09,fluid,787539775,0.03734124
2026-05-09,euler,752942611,0.03570081
2026-05-09,compound,611161031,0.02897825
2026-05-10,aave,11899981064,0.56596902
2026-05-10,morpho,3795560893,0.18051877
2026-05-10,spark-lend,1544196916,0.07344277
2026-05-10,kamino,1000503044,0.04758442
2026-05-10,jupiter-lend,655740352,0.03118734
2026-05-10,fluid,807152320,0.03838857
2026-05-10,euler,733838934,0.03490175
2026-05-10,compound,588878714,0.02800736
2026-05-11,aave,11985386410,0.55886903
2026-05-11,morpho,3802241441,0.17729549
2026-05-11,spark-lend,1528872623,0.07129011
2026-05-11,kamino,1012654884,0.04721929
2026-05-11,jupiter-lend,956761779,0.04461304
2026-05-11,fluid,829704180,0.03868845
2026-05-11,euler,736049849,0.03432142
2026-05-11,compound,594116125,0.02770317
2026-05-12,aave,11745142361,0.54883408
2026-05-12,morpho,3816257043,0.17832835
2026-05-12,spark-lend,1534291520,0.07169530
2026-05-12,kamino,1210549349,0.05656728
2026-05-12,jupiter-lend,958928930,0.04480941
2026-05-12,fluid,822803991,0.03844848
2026-05-12,euler,721393874,0.03370973
2026-05-12,compound,590802621,0.02760737
2026-05-13,aave,11588225558,0.54527096
2026-05-13,morpho,3816133402,0.17956388
2026-05-13,spark-lend,1514946444,0.07128411
2026-05-13,kamino,1201440800,0.05653245
2026-05-13,jupiter-lend,951665897,0.04477957
2026-05-13,fluid,832407723,0.03916801
2026-05-13,euler,761013718,0.03580865
2026-05-13,compound,586399492,0.02759237
2026-05-14,aave,11589111458,0.54625229
2026-05-14,morpho,3801511561,0.17918409
2026-05-14,spark-lend,1511137384,0.07122740
2026-05-14,kamino,1192208161,0.05619468
2026-05-14,jupiter-lend,944262803,0.04450779
2026-05-14,fluid,842587353,0.03971532
2026-05-14,euler,749459372,0.03532574
2026-05-14,compound,585397626,0.02759269
2026-05-15,aave,11547161961,0.54267914
2026-05-15,morpho,3817765910,0.17942261
2026-05-15,spark-lend,1589841869,0.07471741
2026-05-15,kamino,1195334145,0.05617683
2026-05-15,jupiter-lend,946662819,0.04449008
2026-05-15,fluid,852398015,0.04005994
2026-05-15,euler,742084031,0.03487554
2026-05-15,compound,586815978,0.02757845
2026-05-16,aave,11373706763,0.54199830
2026-05-16,morpho,3828237043,0.18242935
2026-05-16,spark-lend,1540944969,0.07343161
2026-05-16,kamino,1186732424,0.05655210
2026-05-16,jupiter-lend,939848011,0.04478716
2026-05-16,fluid,870841471,0.04149875
2026-05-16,euler,658681045,0.03138854
2026-05-16,compound,585772963,0.02791419
2026-05-17,aave,11304658601,0.54184484
2026-05-17,morpho,3824987676,0.18333591
2026-05-17,spark-lend,1524210220,0.07305709
2026-05-17,kamino,1179023306,0.05651190
2026-05-17,jupiter-lend,933680684,0.04475235
2026-05-17,fluid,850579502,0.04076922
2026-05-17,euler,663502617,0.03180242
2026-05-17,compound,582633714,0.02792627
2026-05-18,aave,11231797227,0.54269495
2026-05-18,morpho,3821408071,0.18464177
2026-05-18,spark-lend,1478493999,0.07143747
2026-05-18,kamino,1175074336,0.05677693
2026-05-18,jupiter-lend,930667583,0.04496775
2026-05-18,fluid,829148701,0.04006258
2026-05-18,euler,651762605,0.03149169
2026-05-18,compound,577983696,0.02792686
2026-05-19,aave,11001457820,0.53172971
2026-05-19,morpho,3846663223,0.18591946
2026-05-19,spark-lend,1668121975,0.08062477
2026-05-19,kamino,1175298257,0.05680529
2026-05-19,jupiter-lend,930735715,0.04498493
2026-05-19,fluid,833448154,0.04028277
2026-05-19,euler,649798421,0.03140649
2026-05-19,compound,584420342,0.02824658
2026-05-20,aave,10938933254,0.52693480
2026-05-20,morpho,3884408278,0.18711421
2026-05-20,spark-lend,1642943509,0.07914155
2026-05-20,kamino,1172265283,0.05646870
2026-05-20,jupiter-lend,928371253,0.04472018
2026-05-20,fluid,848938071,0.04089384
2026-05-20,euler,763158092,0.03676177
2026-05-20,compound,580539818,0.02796495
2026-05-21,aave,11042255053,0.52909203
2026-05-21,morpho,3872742502,0.18556329
2026-05-21,spark-lend,1638490957,0.07850865
2026-05-21,kamino,1177530677,0.05642164
2026-05-21,jupiter-lend,932567594,0.04468418
2026-05-21,fluid,856336511,0.04103155
2026-05-21,euler,767810118,0.03678979
2026-05-21,compound,582464075,0.02790887
2026-05-22,aave,11049602023,0.52680267
2026-05-22,morpho,3906005191,0.18622335
2026-05-22,spark-lend,1690542078,0.08059857
2026-05-22,kamino,1180763032,0.05629426
2026-05-22,jupiter-lend,935131465,0.04458348
2026-05-22,fluid,857842709,0.04089865
2026-05-22,euler,770919094,0.03675447
2026-05-22,compound,584035124,0.02784455
2026-05-23,aave,10919848333,0.52530587
2026-05-23,morpho,3917285918,0.18844340
2026-05-23,spark-lend,1630267001,0.07842497
2026-05-23,kamino,1171020028,0.05633262
2026-05-23,jupiter-lend,933778904,0.04492000
2026-05-23,fluid,850938869,0.04093493
2026-05-23,euler,765836524,0.03684103
2026-05-23,compound,598624422,0.02879718
2026-05-24,aave,11004855935,0.52623324
2026-05-24,morpho,3929102023,0.18788289
2026-05-24,spark-lend,1647611883,0.07878596
2026-05-24,kamino,1169805525,0.05593808
2026-05-24,jupiter-lend,930960607,0.04451693
2026-05-24,fluid,871462414,0.04167183
2026-05-24,euler,760169780,0.03635001
2026-05-24,compound,598538112,0.02862106
2026-05-25,aave,10993433320,0.52564698
2026-05-25,morpho,3928392048,0.18783463
2026-05-25,spark-lend,1659396013,0.07934341
2026-05-25,kamino,1167303273,0.05581418
2026-05-25,jupiter-lend,932798218,0.04460140
2026-05-25,fluid,871251800,0.04165859
2026-05-25,euler,764915639,0.03657416
2026-05-25,compound,596609197,0.02852665
2026-05-26,aave,10993697826,0.52956846
2026-05-26,morpho,3804944329,0.18328487
2026-05-26,spark-lend,1642409038,0.07911515
2026-05-26,kamino,1163704393,0.05605586
2026-05-26,jupiter-lend,931537170,0.04487232
2026-05-26,fluid,871027433,0.04195755
2026-05-26,euler,754056409,0.03632304
2026-05-26,compound,598352685,0.02882275
2026-05-27,aave,10911862279,0.53123596
2026-05-27,morpho,3816578717,0.18580732
2026-05-27,spark-lend,1509046492,0.07346681
2026-05-27,kamino,1152908958,0.05612852
2026-05-27,jupiter-lend,928587177,0.04520758
2026-05-27,fluid,867633069,0.04224008
2026-05-27,euler,753258910,0.03667185
2026-05-27,compound,600643233,0.02924188
2026-05-28,aave,10780879981,0.52836382
2026-05-28,morpho,3826633002,0.18754076
2026-05-28,spark-lend,1543305213,0.07563637
2026-05-28,kamino,1114524354,0.05462210
2026-05-28,jupiter-lend,925702168,0.04536805
2026-05-28,fluid,858114771,0.04205564
2026-05-28,euler,753934776,0.03694985
2026-05-28,compound,601179375,0.02946341
2026-05-29,aave,10692456526,0.52511166
2026-05-29,morpho,3811735415,0.18719615
2026-05-29,spark-lend,1685221216,0.08276202
2026-05-29,kamino,1094861497,0.05376917
2026-05-29,jupiter-lend,918738834,0.04511970
2026-05-29,fluid,831100939,0.04081577
2026-05-29,euler,727575200,0.03573157
2026-05-29,compound,600563469,0.02949396
2026-05-30,aave,10679407049,0.52537968
2026-05-30,morpho,3853123638,0.18955667
2026-05-30,spark-lend,1785334023,0.08783055
2026-05-30,kamino,1085185148,0.05338632
2026-05-30,jupiter-lend,914402709,0.04498458
2026-05-30,fluid,804719291,0.03958864
2026-05-30,euler,604169300,0.02972246
2026-05-30,compound,600686241,0.02955110
2026-05-31,aave,10704067677,0.52691279
2026-05-31,morpho,3856227937,0.18982464
2026-05-31,spark-lend,1750515485,0.08616995
2026-05-31,kamino,1086464173,0.05348171
2026-05-31,jupiter-lend,915953349,0.04508824
2026-05-31,fluid,808083331,0.03977828
2026-05-31,euler,594760059,0.02927734
2026-05-31,compound,598613671,0.02946705
2026-06-01,aave,10690998729,0.52707658
2026-06-01,morpho,3858324377,0.19021912
2026-06-01,spark-lend,1730422169,0.08531149
2026-06-01,kamino,1085047797,0.05349391
2026-06-01,jupiter-lend,915762896,0.04514800
2026-06-01,fluid,788995994,0.03889827
2026-06-01,euler,618315638,0.03048356
2026-06-01,compound,595710019,0.02936907
2026-06-02,aave,10667834536,0.52835271
2026-06-02,morpho,3866918726,0.19151937
2026-06-02,spark-lend,1715630106,0.08497112
2026-06-02,kamino,1063568547,0.05267604
2026-06-02,jupiter-lend,908961388,0.04501872
2026-06-02,fluid,779545081,0.03860903
2026-06-02,euler,597065633,0.02957125
2026-06-02,compound,591220272,0.02928176
2026-06-03,aave,10368949570,0.52539744
2026-06-03,morpho,3789337721,0.19200675
2026-06-03,spark-lend,1730154264,0.08766738
2026-06-03,kamino,1030912563,0.05223661
2026-06-03,jupiter-lend,868568082,0.04401058
2026-06-03,fluid,759076192,0.03846259
2026-06-03,euler,617528192,0.03129032
2026-06-03,compound,570913152,0.02892833
2026-06-04,aave,10233798791,0.52413951
2026-06-04,morpho,3763684719,0.19276282
2026-06-04,spark-lend,1713308928,0.08774971
2026-06-04,kamino,1004512044,0.05144761
2026-06-04,jupiter-lend,849200955,0.04349311
2026-06-04,fluid,732973814,0.03754036
2026-06-04,euler,668494300,0.03423795
2026-06-04,compound,558978414,0.02862893
2026-06-05,aave,10095144704,0.53038101
2026-06-05,morpho,3529011124,0.18540799
2026-06-05,spark-lend,1677218550,0.08811809
2026-06-05,kamino,998601863,0.05246477
2026-06-05,jupiter-lend,824284209,0.04330643
2026-06-05,fluid,711585291,0.03738543
2026-06-05,euler,652710057,0.03429223
2026-06-05,compound,545204066,0.02864405
2026-06-06,aave,9696740416,0.53240736
2026-06-06,morpho,3439233792,0.18883391
2026-06-06,spark-lend,1479354588,0.08122516
2026-06-06,kamino,973208148,0.05343478
2026-06-06,jupiter-lend,788940729,0.04331743
2026-06-06,fluid,656359241,0.03603793
2026-06-06,euler,652266737,0.03581323
2026-06-06,compound,526905986,0.02893020
2026-06-07,aave,9596602464,0.53165375
2026-06-07,morpho,3407141803,0.18875636
2026-06-07,spark-lend,1480610339,0.08202612
2026-06-07,kamino,953868181,0.05284449
2026-06-07,jupiter-lend,783073274,0.04338242
2026-06-07,fluid,639828280,0.03544662
2026-06-07,euler,661643182,0.03665517
2026-06-07,compound,527707029,0.02923507
2026-06-08,aave,9882600506,0.53501512
2026-06-08,morpho,3415319958,0.18489544
2026-06-08,spark-lend,1540103851,0.08337672
2026-06-08,kamino,965195225,0.05225285
2026-06-08,jupiter-lend,791991016,0.04287608
2026-06-08,fluid,655955334,0.03551151
2026-06-08,euler,679383834,0.03677986
2026-06-08,compound,541078828,0.02929242
2026-06-09,aave,9868568858,0.53341785
2026-06-09,morpho,3424427684,0.18509785
2026-06-09,spark-lend,1597425913,0.08634438
2026-06-09,kamino,953887569,0.05155972
2026-06-09,jupiter-lend,791538329,0.04278439
2026-06-09,fluid,653909315,0.03534524
2026-06-09,euler,671154805,0.03627739
2026-06-09,compound,539722244,0.02917318
2026-06-10,aave,9732659298,0.53235789
2026-06-10,morpho,3416048756,0.18685135
2026-06-10,spark-lend,1537541418,0.08410058
2026-06-10,kamino,940548461,0.05144621
2026-06-10,jupiter-lend,787555924,0.04307781
2026-06-10,fluid,641747701,0.03510237
2026-06-10,euler,685212011,0.03747979
2026-06-10,compound,540859933,0.02958400
2026-06-11,aave,9726726877,0.53174676
2026-06-11,morpho,3415511046,0.18672128
2026-06-11,spark-lend,1533853270,0.08385365
2026-06-11,kamino,935166105,0.05112424
2026-06-11,jupiter-lend,781744163,0.04273688
2026-06-11,fluid,646817758,0.03536064
2026-06-11,euler,702119098,0.03838388
2026-06-11,compound,550090155,0.03007267
2026-06-12,aave,9875696815,0.53422346
2026-06-12,morpho,3426787939,0.18537128
2026-06-12,spark-lend,1560628715,0.08442184
2026-06-12,kamino,949572071,0.05136687
2026-06-12,jupiter-lend,808663589,0.04374446
2026-06-12,fluid,625859440,0.03385572
2026-06-12,euler,681120572,0.03684505
2026-06-12,compound,557749301,0.03017132
2026-06-13,aave,9872284604,0.53376691
2026-06-13,morpho,3476694270,0.18797517
2026-06-13,spark-lend,1530505388,0.08275016
2026-06-13,kamino,943919366,0.05103509
2026-06-13,jupiter-lend,808201421,0.04369720
2026-06-13,fluid,629080351,0.03401262
2026-06-13,euler,677986792,0.03665686
2026-06-13,compound,556825321,0.03010599
2026-06-14,aave,9894847568,0.53238254
2026-06-14,morpho,3520851608,0.18943596
2026-06-14,spark-lend,1534327319,0.08255297
2026-06-14,kamino,947764198,0.05099352
2026-06-14,jupiter-lend,811790205,0.04367757
2026-06-14,fluid,642137586,0.03454958
2026-06-14,euler,677266316,0.03643965
2026-06-14,compound,556988248,0.02996821
2026-06-15,aave,10110226209,0.53532568
2026-06-15,morpho,3544132356,0.18765802
2026-06-15,spark-lend,1558292854,0.08250994
2026-06-15,kamino,955335902,0.05058402
2026-06-15,jupiter-lend,827141710,0.04379627
2026-06-15,fluid,649618674,0.03439661
2026-06-15,euler,678727259,0.03593788
2026-06-15,compound,562647333,0.02979158
2026-06-16,aave,10307668776,0.53723923
2026-06-16,morpho,3577066175,0.18643792
2026-06-16,spark-lend,1607427061,0.08377965
2026-06-16,kamino,963084857,0.05019631
2026-06-16,jupiter-lend,836753024,0.04361185
2026-06-16,fluid,648216472,0.03378526
2026-06-16,euler,678165354,0.03534621
2026-06-16,compound,567984744,0.02960357
2026-06-17,aave,10273061103,0.53499612
2026-06-17,morpho,3632521462,0.18917291
2026-06-17,spark-lend,1604554548,0.08356131
2026-06-17,kamino,962383919,0.05011862
2026-06-17,jupiter-lend,835389208,0.04350505
2026-06-17,fluid,660638224,0.03440444
2026-06-17,euler,664503124,0.03460571
2026-06-17,compound,569070994,0.02963584
2026-06-18,aave,10207824390,0.53503208
2026-06-18,morpho,3615760383,0.18951617
2026-06-18,spark-lend,1589326320,0.08330282
2026-06-18,kamino,948071805,0.04969216
2026-06-18,jupiter-lend,829341850,0.04346906
2026-06-18,fluid,657695180,0.03447238
2026-06-18,euler,662704650,0.03473495
2026-06-18,compound,568176829,0.02978038
2026-06-19,aave,10163084552,0.53502783
2026-06-19,morpho,3599965579,0.18951744
2026-06-19,spark-lend,1577449584,0.08304363
2026-06-19,kamino,943475082,0.04966853
2026-06-19,jupiter-lend,818154399,0.04307111
2026-06-19,fluid,651785309,0.03431274
2026-06-19,euler,673983930,0.03548137
2026-06-19,compound,567533198,0.02987735
2026-06-20,aave,10196766154,0.53646928
2026-06-20,morpho,3611258040,0.18999445
2026-06-20,spark-lend,1568060473,0.08249834
2026-06-20,kamino,944348244,0.04968377
2026-06-20,jupiter-lend,818019617,0.04303741
2026-06-20,fluid,653255293,0.03436888
2026-06-20,euler,647903950,0.03408733
2026-06-20,compound,567564391,0.02986054
2026-06-21,aave,10269596707,0.53502122
2026-06-21,morpho,3619917024,0.18858894
2026-06-21,spark-lend,1601240265,0.08342076
2026-06-21,kamino,953716538,0.04968633
2026-06-21,jupiter-lend,837481183,0.04363075
2026-06-21,fluid,662956687,0.03453844
2026-06-21,euler,676076977,0.03522198
2026-06-21,compound,573761294,0.02989158
2026-06-22,aave,10195515832,0.53360564
2026-06-22,morpho,3612129213,0.18904905
2026-06-22,spark-lend,1599864758,0.08373258
2026-06-22,kamino,954238579,0.04994226
2026-06-22,jupiter-lend,835838384,0.04374551
2026-06-22,fluid,662237723,0.03465973
2026-06-22,euler,675077162,0.03533171
2026-06-22,compound,571934895,0.02993352
2026-06-23,aave,10215001256,0.53345109
2026-06-23,morpho,3630589124,0.18959779
2026-06-23,spark-lend,1623619814,0.08478920
2026-06-23,kamino,953444812,0.04979110
2026-06-23,jupiter-lend,835063592,0.04360896
2026-06-23,fluid,663723336,0.03466117
2026-06-23,euler,653441723,0.03412424
2026-06-23,compound,574015867,0.02997645
2026-06-24,aave,10078030004,0.53189724
2026-06-24,morpho,3624132827,0.19127411
2026-06-24,spark-lend,1582510151,0.08352156
2026-06-24,kamino,941015828,0.04966484
2026-06-24,jupiter-lend,830159471,0.04381407
2026-06-24,fluid,663710826,0.03502926
2026-06-24,euler,660368909,0.03485288
2026-06-24,compound,567397146,0.02994604
2026-06-25,aave,10008914949,0.53149813
2026-06-25,morpho,3609826100,0.19169069
2026-06-25,spark-lend,1572768973,0.08351792
2026-06-25,kamino,940022160,0.04991750
2026-06-25,jupiter-lend,816825421,0.04337545
2026-06-25,fluid,673464368,0.03576262
2026-06-25,euler,652264804,0.03463687
2026-06-25,compound,557427963,0.02960082
2026-06-26,aave,9887859396,0.52789489
2026-06-26,morpho,3601034435,0.19225270
2026-06-26,spark-lend,1611215826,0.08601989
2026-06-26,kamino,934651685,0.04989936
2026-06-26,jupiter-lend,822169965,0.04389416
2026-06-26,fluid,668545207,0.03569242
2026-06-26,euler,649829763,0.03469323
2026-06-26,compound,555428759,0.02965335
2026-06-27,aave,9976409089,0.52897557
2026-06-27,morpho,3595229551,0.19062857
2026-06-27,spark-lend,1635627086,0.08672527
2026-06-27,kamino,940511657,0.04986841
2026-06-27,jupiter-lend,836838915,0.04437141
2026-06-27,fluid,668233749,0.03543152
2026-06-27,euler,650063674,0.03446809
2026-06-27,compound,556953571,0.02953116
2026-06-28,aave,9959951314,0.52849707
2026-06-28,morpho,3599567559,0.19100103
2026-06-28,spark-lend,1655460549,0.08784240
2026-06-28,kamino,936573484,0.04969666
2026-06-28,jupiter-lend,833251564,0.04421417
2026-06-28,fluid,668834299,0.03548983
2026-06-28,euler,634812821,0.03368457
2026-06-28,compound,557350577,0.02957427
2026-06-29,aave,9942268713,0.52719524
2026-06-29,morpho,3598687299,0.19082273
2026-06-29,spark-lend,1656536513,0.08783892
2026-06-29,kamino,938565731,0.04976806
2026-06-29,jupiter-lend,834438329,0.04424663
2026-06-29,fluid,671851785,0.03562538
2026-06-29,euler,658826751,0.03493472
2026-06-29,compound,557623037,0.02956832
2026-06-30,aave,9993611226,0.52591970
2026-06-30,morpho,3602730013,0.18959580
2026-06-30,spark-lend,1691511846,0.08901681
2026-06-30,kamino,946818947,0.04982691
2026-06-30,jupiter-lend,839925712,0.04420159
2026-06-30,fluid,706340228,0.03717157
2026-06-30,euler,655257889,0.03448333
2026-06-30,compound,565966009,0.02978429
2026-07-01,aave,9937482012,0.52549375
2026-07-01,morpho,3620895346,0.19147284
2026-07-01,spark-lend,1665263338,0.08805908
2026-07-01,kamino,940394824,0.04972805
2026-07-01,jupiter-lend,833249304,0.04406220
2026-07-01,fluid,700371040,0.03703560
2026-07-01,euler,650962094,0.03442286
2026-07-01,compound,562133946,0.02972562
2026-07-02,aave,10112137682,0.52986659
2026-07-02,morpho,3618546261,0.18960845
2026-07-02,spark-lend,1714793526,0.08985358
2026-07-02,kamino,948203248,0.04968497
2026-07-02,jupiter-lend,835421405,0.04377530
2026-07-02,fluid,710743445,0.03724229
2026-07-02,euler,579252083,0.03035227
2026-07-02,compound,565211391,0.02961655
2026-07-03,aave,10256101483,0.53077511
2026-07-03,morpho,3643532355,0.18856056
2026-07-03,spark-lend,1742979472,0.09020290
2026-07-03,kamino,952194157,0.04927808
2026-07-03,jupiter-lend,845819756,0.04377297
2026-07-03,fluid,730721147,0.03781638
2026-07-03,euler,586285462,0.03034152
2026-07-03,compound,565242012,0.02925248
2026-07-04,aave,10436074344,0.53363473
2026-07-04,morpho,3658089183,0.18705151
2026-07-04,spark-lend,1756069850,0.08979429
2026-07-04,kamino,955535397,0.04886003
2026-07-04,jupiter-lend,859907900,0.04397024
2026-07-04,fluid,723913389,0.03701634
2026-07-04,euler,598222453,0.03058931
2026-07-04,compound,568775086,0.02908355
2026-07-05,aave,10471424758,0.53330568
2026-07-05,morpho,3690211323,0.18794106
2026-07-05,spark-lend,1778835152,0.09059540
2026-07-05,kamino,954195493,0.04859681
2026-07-05,jupiter-lend,854416110,0.04351509
2026-07-05,fluid,719664085,0.03665222
2026-07-05,euler,598895511,0.03050152
2026-07-05,compound,567297064,0.02889222
2026-07-06,aave,10488775312,0.53347585
2026-07-06,morpho,3686769914,0.18751500
2026-07-06,spark-lend,1787594186,0.09091989
2026-07-06,kamino,951833649,0.04841178
2026-07-06,jupiter-lend,853432153,0.04340692
2026-07-06,fluid,721912263,0.03671761
2026-07-06,euler,601550416,0.03059581
2026-07-06,compound,569331826,0.02895714
2026-07-07,aave,10501833688,0.53231986
2026-07-07,morpho,3680543948,0.18656043
2026-07-07,spark-lend,1824953452,0.09250375
2026-07-07,kamino,949083525,0.04810741
2026-07-07,jupiter-lend,858903282,0.04353633
2026-07-07,fluid,742029055,0.03761217
2026-07-07,euler,602009744,0.03051484
2026-07-07,compound,569070492,0.02884521
2026-07-08,aave,10442068574,0.53197762
2026-07-08,morpho,3725191957,0.18978220
2026-07-08,spark-lend,1804774414,0.09194535
2026-07-08,kamino,937146754,0.04774352
2026-07-08,jupiter-lend,856967336,0.04365873
2026-07-08,fluid,739775246,0.03768831
2026-07-08,euler,552431267,0.02814395
2026-07-08,compound,570418460,0.02906032
2026-07-09,aave,10324534721,0.53058320
2026-07-09,morpho,3760511276,0.19325463
2026-07-09,spark-lend,1746744349,0.08976610
2026-07-09,kamino,927980382,0.04768939
2026-07-09,jupiter-lend,847382027,0.04354740
2026-07-09,fluid,723448159,0.03717838
2026-07-09,euler,554280795,0.02848478
2026-07-09,compound,573960331,0.02949612
2026-07-10,aave,10260318071,0.52803855
2026-07-10,morpho,3773772621,0.19421400
2026-07-10,spark-lend,1769962175,0.09108960
2026-07-10,kamino,928425756,0.04778064
2026-07-10,jupiter-lend,848625798,0.04367381
2026-07-10,fluid,724142099,0.03726736
2026-07-10,euler,550224354,0.02831683
2026-07-10,compound,575530941,0.02961921
2026-07-11,aave,10291104838,0.52803688
2026-07-11,morpho,3795095731,0.19472647
2026-07-11,spark-lend,1758541965,0.09023084
2026-07-11,kamino,929897212,0.04771305
2026-07-11,jupiter-lend,858333121,0.04404110
2026-07-11,fluid,732493883,0.03758428
2026-07-11,euler,544682246,0.02794766
2026-07-11,compound,579218687,0.02971972
2026-07-12,aave,10275021503,0.52688052
2026-07-12,morpho,3811454121,0.19544299
2026-07-12,spark-lend,1763473457,0.09042704
2026-07-12,kamino,921995751,0.04727792
2026-07-12,jupiter-lend,857073105,0.04394882
2026-07-12,fluid,732979385,0.03758557
2026-07-12,euler,562034312,0.02881988
2026-07-12,compound,577584346,0.02961726
2026-07-13,aave,10385303112,0.52886478
2026-07-13,morpho,3824267906,0.19474835
2026-07-13,spark-lend,1766540224,0.08995991
2026-07-13,kamino,922467190,0.04697604
2026-07-13,jupiter-lend,858634586,0.04372541
2026-07-13,fluid,733842248,0.03737044
2026-07-13,euler,569252663,0.02898882
2026-07-13,compound,576664556,0.02936625
2026-07-14,aave,10203918097,0.52473484
2026-07-14,morpho,3831592374,0.19703902
2026-07-14,spark-lend,1759408766,0.09047731
2026-07-14,kamino,916160766,0.04711342
2026-07-14,jupiter-lend,851978722,0.04381287
2026-07-14,fluid,727239848,0.03739819
2026-07-14,euler,589040976,0.03029134
2026-07-14,compound,566516366,0.02913301
2026-07-15,aave,10620749590,0.53321578
2026-07-15,morpho,3865112337,0.19404835
2026-07-15,spark-lend,1771588421,0.08894277
2026-07-15,kamino,923460047,0.04636240
2026-07-15,jupiter-lend,858468615,0.04309950
2026-07-15,fluid,741209713,0.03721251
2026-07-15,euler,565789628,0.02840552
2026-07-15,compound,571917245,0.02871317
2026-07-16,aave,10759774378,0.53516098
2026-07-16,morpho,3896366043,0.19379431
2026-07-16,spark-lend,1778812344,0.08847313
2026-07-16,kamino,921645925,0.04584008
2026-07-16,jupiter-lend,857966183,0.04267283
2026-07-16,fluid,746010961,0.03710449
2026-07-16,euler,570214188,0.02836085
2026-07-16,compound,574887998,0.02859333
2026-07-17,aave,10654203274,0.53401241
2026-07-17,morpho,3894725266,0.19521231
2026-07-17,spark-lend,1738360125,0.08713048
2026-07-17,kamino,915831457,0.04590351
2026-07-17,jupiter-lend,853906972,0.04279972
2026-07-17,fluid,739581751,0.03706949
2026-07-17,euler,582882466,0.02921537
2026-07-17,compound,571736735,0.02865671
2026-07-18,aave,10589356881,0.53134074
2026-07-18,morpho,3902725114,0.19582652
2026-07-18,spark-lend,1762473098,0.08843538
2026-07-18,kamino,916351647,0.04597965
2026-07-18,jupiter-lend,853448358,0.04282336
2026-07-18,fluid,738661521,0.03706372
2026-07-18,euler,597672776,0.02998935
2026-07-18,compound,568813462,0.02854128
2026-07-19,aave,10627013346,0.53138974
2026-07-19,morpho,3915701318,0.19579946
2026-07-19,spark-lend,1781134116,0.08906325
2026-07-19,kamino,915103921,0.04575856
2026-07-19,jupiter-lend,858840927,0.04294520
2026-07-19,fluid,745721815,0.03728883
2026-07-19,euler,583805712,0.02919243
2026-07-19,compound,571208231,0.02856253
2026-07-20,aave,10676913452,0.53131659
2026-07-20,morpho,3926224488,0.19538120
2026-07-20,spark-lend,1795859347,0.08936757
2026-07-20,kamino,922637727,0.04591334
2026-07-20,jupiter-lend,860003850,0.04279648
2026-07-20,fluid,747650118,0.03720541
2026-07-20,euler,593444374,0.02953165
2026-07-20,compound,572467390,0.02848776
2026-07-21,aave,10813222838,0.53324833
2026-07-21,morpho,3968443632,0.19570169
2026-07-21,spark-lend,1786965675,0.08812326
2026-07-21,kamino,924688155,0.04560050
2026-07-21,jupiter-lend,862839505,0.04255047
2026-07-21,fluid,754388498,0.03720227
2026-07-21,euler,592915161,0.02923930
2026-07-21,compound,574561319,0.02833418
2026-07-22,aave,10970401852,0.53394998
2026-07-22,morpho,4018467276,0.19558632
2026-07-22,spark-lend,1815840107,0.08838033
2026-07-22,kamino,927789058,0.04515723
2026-07-22,jupiter-lend,871252082,0.04240547
2026-07-22,fluid,765374275,0.03725220
2026-07-22,euler,597499978,0.02908144
2026-07-22,compound,579123740,0.02818703
2026-07-23,aave,10987846693,0.53544563
2026-07-23,morpho,3993032371,0.19458332
2026-07-23,spark-lend,1810796008,0.08824139
2026-07-23,kamino,924971684,0.04507453
2026-07-23,jupiter-lend,857860334,0.04180415
2026-07-23,fluid,766471822,0.03735072
2026-07-23,euler,600821271,0.02927845
2026-07-23,compound,579137979,0.02822181
2026-07-24,aave,10950779420,0.53449595
2026-07-24,morpho,4017051324,0.19606802
2026-07-24,spark-lend,1805905924,0.08814436
2026-07-24,kamino,916817909,0.04474891
2026-07-24,jupiter-lend,852177142,0.04159386
2026-07-24,fluid,757449060,0.03697029
2026-07-24,euler,616119384,0.03007213
2026-07-24,compound,571749273,0.02790648
2026-07-25,aave,10960167546,0.53387689
2026-07-25,morpho,4057296879,0.19763357
2026-07-25,spark-lend,1818817822,0.08859580
2026-07-25,kamino,910082544,0.04433071
2026-07-25,jupiter-lend,844923507,0.04115677
2026-07-25,fluid,752688335,0.03666394
2026-07-25,euler,617544289,0.03008098
2026-07-25,compound,567870156,0.02766134
2026-07-26,aave,10997820877,0.53448036
2026-07-26,morpho,4065275071,0.19756729
2026-07-26,spark-lend,1829753823,0.08892375
2026-07-26,kamino,913926156,0.04441567
2026-07-26,jupiter-lend,844497566,0.04104153
2026-07-26,fluid,754394017,0.03666261
2026-07-26,euler,602719911,0.02929143
2026-07-26,compound,568273022,0.02761736
2026-07-27,aave,11166205063,0.53598040
2026-07-27,morpho,4087991939,0.19622455
2026-07-27,spark-lend,1869653719,0.08974381
2026-07-27,kamino,920343664,0.04417671
2026-07-27,jupiter-lend,849745253,0.04078797
2026-07-27,fluid,763011946,0.03662475
2026-07-27,euler,604503691,0.02901632
2026-07-27,compound,571778710,0.02744549
2026-07-28,aave,11084483317,0.53638428
2026-07-28,morpho,4108283089,0.19880209
2026-07-28,spark-lend,1773382313,0.08581495
2026-07-28,kamino,912786247,0.04417023
2026-07-28,jupiter-lend,853490555,0.04130088
2026-07-28,fluid,755875808,0.03657725
2026-07-28,euler,606944599,0.02937039
2026-07-28,compound,569944433,0.02757993
2026-07-29,aave,11162756026,0.53618472
2026-07-29,morpho,4127454155,0.19825551
2026-07-29,spark-lend,1816025181,0.08722980
2026-07-29,kamino,909695689,0.04369574
2026-07-29,jupiter-lend,854448017,0.04104201
2026-07-29,fluid,759285539,0.03647104
2026-07-29,euler,615995663,0.02958834
2026-07-29,compound,573202316,0.02753284
2026-07-30,aave,11133967294,0.53533539
2026-07-30,morpho,4162161181,0.20012203
2026-07-30,spark-lend,1777284024,0.08545409
2026-07-30,kamino,905663466,0.04354546
2026-07-30,jupiter-lend,855448247,0.04113105
2026-07-30,fluid,759214609,0.03650401
2026-07-30,euler,635277296,0.03054494
2026-07-30,compound,569099517,0.02736303
2026-07-31,aave,11182216252,0.53477438
2026-07-31,morpho,4181274909,0.19996382
2026-07-31,spark-lend,1811100893,0.08661345
2026-07-31,kamino,915596388,0.04378716
2026-07-31,jupiter-lend,856345116,0.04095355
2026-07-31,fluid,759792649,0.03633606
2026-07-31,euler,634120213,0.03032594
2026-07-31,compound,569710640,0.02724564
2026-08-01,aave,11074777327,0.53425294
2026-08-01,morpho,4153094290,0.20034740
2026-08-01,spark-lend,1799156472,0.08679223
2026-08-01,kamino,917233120,0.04424780
2026-08-01,jupiter-lend,851481258,0.04107589
2026-08-01,fluid,749798346,0.03617066
2026-08-01,euler,614052033,0.02962219
2026-08-01,compound,569871562,0.02749089
2026-08-02,aave,11118360462,0.53580622
2026-08-02,morpho,4143825421,0.19969558
2026-08-02,spark-lend,1792231894,0.08636966
2026-08-02,kamino,915870589,0.04413683
2026-08-02,jupiter-lend,849043769,0.04091637
2026-08-02,fluid,748082228,0.03605092
2026-08-02,euler,612157595,0.02950056
2026-08-02,compound,571139706,0.02752386
2026-08-03,aave,11162862094,0.53603278
2026-08-03,morpho,4156054734,0.19957082
2026-08-03,spark-lend,1799734891,0.08642200
2026-08-03,kamino,918609938,0.04411100
2026-08-03,jupiter-lend,850946914,0.04086187
2026-08-03,fluid,751869340,0.03610424
2026-08-03,euler,612634987,0.02941830
2026-08-03,compound,572248577,0.02747899
2026-08-04,aave,11160744824,0.53686490
2026-08-04,morpho,4148085829,0.19953522
2026-08-04,spark-lend,1790187075,0.08611330
2026-08-04,kamino,920951186,0.04430048
2026-08-04,jupiter-lend,850470016,0.04091013
2026-08-04,fluid,752735078,0.03620879
2026-08-04,euler,593410766,0.02854482
2026-08-04,compound,572155343,0.02752236
2026-08-05,aave,11211379506,0.53519651
2026-08-05,morpho,4240227278,0.20241531
2026-08-05,spark-lend,1792954107,0.08559007
2026-08-05,kamino,923415714,0.04408100
2026-08-05,jupiter-lend,847773568,0.04047008
2026-08-05,fluid,755078505,0.03604511
2026-08-05,euler,603387285,0.02880384
2026-08-05,compound,573939222,0.02739808
2026-08-06,aave,11331384254,0.53615130
2026-08-06,morpho,4298861717,0.20340324
2026-08-06,spark-lend,1789457660,0.08466927
2026-08-06,kamino,924592116,0.04374764
2026-08-06,jupiter-lend,848039436,0.04012550
2026-08-06,fluid,762264689,0.03606701
2026-08-06,euler,604602927,0.02860715
2026-08-06,compound,575473596,0.02722889
2026-08-07,aave,11307378082,0.53579064
2026-08-07,morpho,4318435251,0.20462544
2026-08-07,spark-lend,1790424392,0.08483776
2026-08-07,kamino,919076424,0.04354967
2026-08-07,jupiter-lend,844738968,0.04002725
2026-08-07,fluid,761240279,0.03607073
2026-08-07,euler,587900221,0.02785716
2026-08-07,compound,574904021,0.02724135
2026-08-08,aave,11361393070,0.53623623
2026-08-08,morpho,4348225104,0.20522799
2026-08-08,spark-lend,1800731735,0.08499113
2026-08-08,kamino,921658505,0.04350054
2026-08-08,jupiter-lend,847019179,0.03997770
2026-08-08,fluid,763329285,0.03602770
2026-08-08,euler,572235675,0.02700844
2026-08-08,compound,572698374,0.02703027
2026-08-09,aave,11400925009,0.53651612
2026-08-09,morpho,4360119384,0.20518286
2026-08-09,spark-lend,1799387988,0.08467740
2026-08-09,kamino,927952311,0.04366851
2026-08-09,jupiter-lend,849702752,0.03998616
2026-08-09,fluid,761686312,0.03584420
2026-08-09,euler,576595687,0.02713402
2026-08-09,compound,573551188,0.02699073
2026-08-10,aave,11378183740,0.53652241
2026-08-10,morpho,4363408922,0.20575047
2026-08-10,spark-lend,1786660974,0.08424751
2026-08-10,kamino,929115674,0.04381116
2026-08-10,jupiter-lend,850191341,0.04008959
2026-08-10,fluid,761493612,0.03590717
2026-08-10,euler,564839286,0.02663421
2026-08-10,compound,573391784,0.02703748
2026-08-11,aave,11319419725,0.53551231
2026-08-11,morpho,4386313015,0.20751281
2026-08-11,spark-lend,1758029590,0.08317091
2026-08-11,kamino,928594016,0.04393101
2026-08-11,jupiter-lend,854392974,0.04042062
2026-08-11,fluid,755817100,0.03575708
2026-08-11,euler,564828329,0.02672156
2026-08-11,compound,570158090,0.02697370
2026-08-12,aave,11325501307,0.53442788
2026-08-12,morpho,4403985978,0.20781534
2026-08-12,spark-lend,1759409484,0.08302303
2026-08-12,kamino,929309655,0.04385227
2026-08-12,jupiter-lend,856559158,0.04041932
2026-08-12,fluid,756253655,0.03568611
2026-08-12,euler,590885881,0.02788273
2026-08-12,compound,569918478,0.02689332
2026-08-13,aave,11363260128,0.53632741
2026-08-13,morpho,4415836860,0.20842032
2026-08-13,spark-lend,1734326911,0.08185741
2026-08-13,kamino,928634854,0.04383006
2026-08-13,jupiter-lend,853934063,0.04030430
2026-08-13,fluid,755747974,0.03567008
2026-08-13,euler,567306342,0.02677594
2026-08-13,compound,568123039,0.02681448
2026-08-14,aave,11381693498,0.53577290
2026-08-14,morpho,4429489127,0.20851029
2026-08-14,spark-lend,1753148088,0.08252632
2026-08-14,kamino,928050076,0.04368630
2026-08-14,jupiter-lend,856107336,0.04029972
2026-08-14,fluid,756369290,0.03560473
2026-08-14,euler,564966508,0.02659479
2026-08-14,compound,573679442,0.02700495
2026-08-15,aave,11397367598,0.53451804
2026-08-15,morpho,4457865175,0.20906664
2026-08-15,spark-lend,1785964528,0.08375884
2026-08-15,kamino,927613342,0.04350356
2026-08-15,jupiter-lend,855196077,0.04010731
2026-08-15,fluid,752780311,0.03530417
2026-08-15,euler,571127320,0.02678494
2026-08-15,compound,574785366,0.02695650
2026-08-16,aave,11378695593,0.53365068
2026-08-16,morpho,4458246071,0.20908777
2026-08-16,spark-lend,1806298260,0.08471378
2026-08-16,kamino,926728143,0.04346272
2026-08-16,jupiter-lend,855069685,0.04010201
2026-08-16,fluid,751531906,0.03524618
2026-08-16,euler,571271690,0.02679213
2026-08-16,compound,574525465,0.02694473
2026-08-17,aave,11327003406,0.53140225
2026-08-17,morpho,4456787978,0.20908859
2026-08-17,spark-lend,1839458589,0.08629753
2026-08-17,kamino,926088421,0.04344710
2026-08-17,jupiter-lend,853279494,0.04003130
2026-08-17,fluid,751434619,0.03525328
2026-08-17,euler,587621239,0.02756804
2026-08-17,compound,573635548,0.02691191
2026-08-18,aave,11366631423,0.53068230
2026-08-18,morpho,4462359175,0.20833745
2026-08-18,spark-lend,1877726084,0.08766678
2026-08-18,kamino,935687650,0.04368514
2026-08-18,jupiter-lend,857548900,0.04003702
2026-08-18,fluid,756204244,0.03530546
2026-08-18,euler,587664359,0.02743672
2026-08-18,compound,575078918,0.02684913
2026-08-19,aave,11376043246,0.52938997
2026-08-19,morpho,4491903308,0.20903301
2026-08-19,spark-lend,1896924317,0.08827434
2026-08-19,kamino,937763909,0.04363932
2026-08-19,jupiter-lend,862022826,0.04011467
2026-08-19,fluid,758434934,0.03529416
2026-08-19,euler,588983085,0.02740863
2026-08-19,compound,576890679,0.02684590
2026-08-20,aave,12101191251,0.53563720
2026-08-20,morpho,4541154020,0.20100592
2026-08-20,spark-lend,2099472217,0.09292932
2026-08-20,kamino,964494229,0.04269158
2026-08-20,jupiter-lend,890858369,0.03943222
2026-08-20,fluid,803433506,0.03556252
2026-08-20,euler,597601569,0.02645175
2026-08-20,compound,593936037,0.02628949
2026-08-21,aave,12251426651,0.53824558
2026-08-21,morpho,4534982646,0.19923674
2026-08-21,spark-lend,2117778297,0.09304099
2026-08-21,kamino,969096792,0.04257562
2026-08-21,jupiter-lend,881812063,0.03874091
2026-08-21,fluid,816763419,0.03588311
2026-08-21,euler,588742828,0.02586541
2026-08-21,compound,601175781,0.02641164
2026-08-22,aave,12676354864,0.54162447
2026-08-22,morpho,4612101795,0.19706195
2026-08-22,spark-lend,2155109092,0.09208166
2026-08-22,kamino,988846908,0.04225061
2026-08-22,jupiter-lend,909559228,0.03886287
2026-08-22,fluid,839072477,0.03585117
2026-08-22,euler,605951947,0.02589060
2026-08-22,compound,617328116,0.02637667
2026-08-23,aave,12487111065,0.53925560
2026-08-23,morpho,4633190448,0.20008422
2026-08-23,spark-lend,2094815916,0.09046458
2026-08-23,kamino,987826036,0.04265924
2026-08-23,jupiter-lend,905123584,0.03908774
2026-08-23,fluid,824627514,0.03561152
2026-08-23,euler,608703615,0.02628685
2026-08-23,compound,614802864,0.02655025
2026-08-24,aave,12554346727,0.53866567
2026-08-24,morpho,4657685559,0.19984595
2026-08-24,spark-lend,2132903286,0.09151586
2026-08-24,kamino,993657686,0.04263458
2026-08-24,jupiter-lend,908807818,0.03899395
2026-08-24,fluid,827849060,0.03552028
2026-08-24,euler,612941467,0.02629930
2026-08-24,compound,618188218,0.02652441
2026-08-25,aave,12612690320,0.53954760
2026-08-25,morpho,4686779988,0.20049179
2026-08-25,spark-lend,2080190785,0.08898672
2026-08-25,kamino,999521820,0.04275770
2026-08-25,jupiter-lend,914809214,0.03913385
2026-08-25,fluid,838872226,0.03588540
2026-08-25,euler,618045600,0.02643885
2026-08-25,compound,625508309,0.02675809
2026-08-26,aave,12541465732,0.53861227
2026-08-26,morpho,4673391273,0.20070588
2026-08-26,spark-lend,2069680194,0.08888556
2026-08-26,kamino,988986974,0.04247355
2026-08-26,jupiter-lend,927199474,0.03981999
2026-08-26,fluid,830876321,0.03568324
2026-08-26,euler,622275765,0.02672458
2026-08-26,compound,630899517,0.02709493
2026-08-27,aave,12648932415,0.53853244
2026-08-27,morpho,4691193944,0.19972912
2026-08-27,spark-lend,2114131929,0.09000986
2026-08-27,kamino,999958855,0.04257358
2026-08-27,jupiter-lend,935398433,0.03982489
2026-08-27,fluid,838547995,0.03570146
2026-08-27,euler,624621858,0.02659348
2026-08-27,compound,634996461,0.02703517
2026-08-28,aave,12664782484,0.53618422
2026-08-28,morpho,4760716992,0.20155272
2026-08-28,spark-lend,2148177936,0.09094662
2026-08-28,kamino,1016545351,0.04303711
2026-08-28,jupiter-lend,959862167,0.04063733
2026-08-28,fluid,842671027,0.03567585
2026-08-28,euler,590204481,0.02498727
2026-08-28,compound,637246805,0.02697888
2026-08-29,aave,12522372999,0.53663085
2026-08-29,morpho,4783394012,0.20498645
2026-08-29,spark-lend,2036307856,0.08726346
2026-08-29,kamino,999339345,0.04282546
2026-08-29,jupiter-lend,939914664,0.04027888
2026-08-29,fluid,839839284,0.03599028
2026-08-29,euler,578365373,0.02478513
2026-08-29,compound,635638104,0.02723949
2026-08-30,aave,12665755785,0.53787223
2026-08-30,morpho,4817656109,0.20458972
2026-08-30,spark-lend,2046479404,0.08690713
2026-08-30,kamino,1009513068,0.04287064
2026-08-30,jupiter-lend,941205183,0.03996983
2026-08-30,fluid,852685444,0.03621070
2026-08-30,euler,576826237,0.02449588
2026-08-30,compound,637768118,0.02708387
