date,total_active_loans,total_tvl,utilization,borrowed_venues,tvl_venues
2018-09-27,3390,92706,0.03656721,1,1
2018-09-28,9516,1666951,0.00570863,1,1
2018-09-29,38128,2546749,0.01497124,1,1
2018-09-30,42097,2871881,0.01465834,1,1
2018-10-01,47477,3163171,0.01500931,1,1
2018-10-02,49685,3182250,0.01561317,1,1
2018-10-03,50595,3214290,0.01574065,1,1
2018-10-04,47758,2880069,0.01658224,1,1
2018-10-05,50517,2737605,0.01845299,1,1
2018-10-06,52898,2771518,0.01908629,1,1
2018-10-07,51005,2759357,0.01848438,1,1
2018-10-08,49778,2447623,0.02033728,1,1
2018-10-09,53136,2504049,0.02122003,1,1
2018-10-10,60786,2530048,0.02402563,1,1
2018-10-11,63952,2525095,0.02532657,1,1
2018-10-12,54803,2187035,0.02505813,1,1
2018-10-13,58011,2254928,0.02572632,1,1
2018-10-14,59328,2283336,0.02598304,1,1
2018-10-15,56391,2241770,0.02515468,1,1
2018-10-16,60417,2366345,0.02553178,1,1
2018-10-17,64442,2441610,0.02639324,1,1
2018-10-18,353028,2982430,0.11836925,1,1
2018-10-19,172110,2935186,0.05863683,1,1
2018-10-20,175590,3149009,0.05576040,1,1
2018-10-21,176682,3180800,0.05554640,1,1
2018-10-22,181537,3163527,0.05738437,1,1
2018-10-23,186014,3305183,0.05627949,1,1
2018-10-24,189531,3321894,0.05705510,1,1
2018-10-25,192985,3614035,0.05339876,1,1
2018-10-26,162875,3557918,0.04577818,1,1
2018-10-27,122539,3565522,0.03436776,1,1
2018-10-28,142084,3466812,0.04098405,1,1
2018-10-29,153604,3578887,0.04291949,1,1
2018-10-30,128193,3359281,0.03816084,1,1
2018-10-31,130591,3407850,0.03832064,1,1
2018-11-01,127134,3404064,0.03734771,1,1
2018-11-02,131566,3483947,0.03776349,1,1
2018-11-03,131821,3068829,0.04295482,1,1
2018-11-04,192393,3891519,0.04943905,1,1
2018-11-05,180486,3597734,0.05016658,1,1
2018-11-06,178772,3627930,0.04927658,1,1
2018-11-07,183916,3756933,0.04895376,1,1
2018-11-08,185533,3664174,0.05063433,1,1
2018-11-09,143183,3463691,0.04133827,1,1
2018-11-10,115481,3359309,0.03437641,1,1
2018-11-11,126879,3457620,0.03669547,1,1
2018-11-12,129311,3323507,0.03890800,1,1
2018-11-13,334967,3148612,0.10638561,1,1
2018-11-14,328234,3118818,0.10524308,1,1
2018-11-15,92958,2922890,0.03180345,1,1
2018-11-16,92675,2847874,0.03254182,1,1
2018-11-17,93645,2831932,0.03306753,1,1
2018-11-18,92381,2758615,0.03348818,1,1
2018-11-19,94262,2783005,0.03387058,1,1
2018-11-20,80050,2244211,0.03566955,1,1
2018-11-21,744119,1633304,0.45559124,1,1
2018-11-22,1075988,1970182,0.54613635,1,1
2018-11-23,1040621,3441249,0.30239631,1,1
2018-11-24,1273653,3669394,0.34710173,1,1
2018-11-25,1738979,3392858,0.51254105,1,1
2018-11-26,1936659,4305763,0.44978300,1,1
2018-11-27,1558478,4148602,0.37566342,1,1
2018-11-28,1394953,4725888,0.29517267,1,1
2018-11-29,1783875,5605412,0.31824155,1,1
2018-11-30,1325529,5851643,0.22652253,1,1
2018-12-01,729966,5747876,0.12699752,1,1
2018-12-02,847217,6277255,0.13496616,1,1
2018-12-03,880327,5624514,0.15651610,1,1
2018-12-04,1245706,4483384,0.27784950,1,1
2018-12-05,1734652,4315901,0.40192117,1,1
2018-12-06,1724857,3095713,0.55717600,1,1
2018-12-07,1962253,2403176,0.81652488,1,1
2018-12-08,1996331,3097257,0.64454806,1,1
2018-12-09,1999894,3570329,0.56014278,1,1
2018-12-10,1931987,2620982,0.73712334,1,1
2018-12-11,1935820,2444810,0.79180795,1,1
2018-12-12,1934301,2672325,0.72382700,1,1
2018-12-13,1934795,2808484,0.68891081,1,1
2018-12-14,1926216,2569977,0.74950710,1,1
2018-12-15,1934500,2291944,0.84404331,1,1
2018-12-16,1900167,2629801,0.72255163,1,1
2018-12-17,1872327,2796907,0.66942769,1,1
2018-12-18,1813332,3076181,0.58947507,1,1
2018-12-19,1783470,3304500,0.53970949,1,1
2018-12-20,1835815,3330718,0.55117695,1,1
2018-12-21,1842970,3695444,0.49871409,1,1
2018-12-22,1822016,4700625,0.38761143,1,1
2018-12-23,1929604,4980480,0.38743334,1,1
2018-12-24,1911706,5416479,0.35294257,1,1
2018-12-25,2105527,6364928,0.33080139,1,1
2018-12-26,2111674,6000802,0.35189863,1,1
2018-12-27,2280938,6452074,0.35352012,1,1
2018-12-28,2291129,5810707,0.39429436,1,1
2018-12-29,2292554,6152224,0.37263825,1,1
2018-12-30,2194415,3389213,0.64747037,1,1
2018-12-31,2216833,3149383,0.70389438,1,1
2019-01-01,2201058,3055843,0.72027850,1,1
2019-01-02,2203698,3245097,0.67908540,1,1
2019-01-03,2186041,4503215,0.48544007,1,1
2019-01-04,2594878,7955856,0.32615950,1,1
2019-01-05,2650176,8174435,0.32420296,1,1
2019-01-06,2659850,8501654,0.31286265,1,1
2019-01-07,2651114,8459147,0.31340205,1,1
2019-01-08,2656817,8418224,0.31560303,1,1
2019-01-09,2524179,8645433,0.29196675,1,1
2019-01-10,2515788,8735787,0.28798642,1,1
2019-01-11,2567933,7753450,0.33119876,1,1
2019-01-12,2552505,6992096,0.36505577,1,1
2019-01-13,2689465,7345915,0.36611709,1,1
2019-01-14,2635684,7551676,0.34901974,1,1
2019-01-15,2679368,7051360,0.37997890,1,1
2019-01-16,2623330,6953264,0.37728037,1,1
2019-01-17,2730716,7861855,0.34733737,1,1
2019-01-18,2719499,7262642,0.37445037,1,1
2019-01-19,2691433,7026915,0.38301773,1,1
2019-01-20,2602742,7334531,0.35486141,1,1
2019-01-21,2540599,7566491,0.33576978,1,1
2019-01-22,2528627,7329360,0.34499970,1,1
2019-01-23,2543542,7858190,0.32368039,1,1
2019-01-24,2591763,7884985,0.32869600,1,1
2019-01-25,2607718,8144778,0.32017054,1,1
2019-01-26,2634241,8052949,0.32711507,1,1
2019-01-27,2651022,8083179,0.32796775,1,1
2019-01-28,2659589,7888824,0.33713377,1,1
2019-01-29,2588945,7625718,0.33950180,1,1
2019-01-30,2559773,7538060,0.33957981,1,1
2019-01-31,2690981,8386518,0.32086988,1,1
2019-02-01,2671672,8306878,0.32162167,1,1
2019-02-02,2702635,8152947,0.33149179,1,1
2019-02-03,2586938,8349486,0.30983201,1,1
2019-02-04,2592949,8373601,0.30965758,1,1
2019-02-05,2593086,8369028,0.30984315,1,1
2019-02-06,2586998,8474282,0.30527636,1,1
2019-02-07,2582724,8090335,0.31923573,1,1
2019-02-08,2587737,8353139,0.30979216,1,1
2019-02-09,2648725,9188962,0.28825073,1,1
2019-02-10,2615645,9459895,0.27649831,1,1
2019-02-11,2576333,9972452,0.25834499,1,1
2019-02-12,2576445,9222580,0.27936272,1,1
2019-02-13,2583147,9340432,0.27655541,1,1
2019-02-14,2578709,9241747,0.27902830,1,1
2019-02-15,2571437,9183803,0.27999697,1,1
2019-02-16,2613873,9564079,0.27330107,1,1
2019-02-17,2577131,9547237,0.26993475,1,1
2019-02-18,2594913,9901539,0.26207168,1,1
2019-02-19,2516098,10459663,0.24055249,1,1
2019-02-20,2523985,10436774,0.24183574,1,1
2019-02-21,2486613,10456782,0.23779907,1,1
2019-02-22,2555931,10321734,0.24762613,1,1
2019-02-23,2548208,10491034,0.24289388,1,1
2019-02-24,2584482,10889944,0.23732739,1,1
2019-02-25,2528559,9756092,0.25917745,1,1
2019-02-26,2593795,9963183,0.26033799,1,1
2019-02-27,2632685,9889300,0.26621551,1,1
2019-02-28,2611499,9902221,0.26372861,1,1
2019-03-01,2613373,9671697,0.27020832,1,1
2019-03-02,2596692,9638904,0.26939702,1,1
2019-03-03,2635712,9508546,0.27719401,1,1
2019-03-04,2621636,9430041,0.27800897,1,1
2019-03-05,2616702,9072511,0.28842092,1,1
2019-03-06,2624119,9514115,0.27581325,1,1
2019-03-07,2747591,9929892,0.27669898,1,1
2019-03-08,2670406,9549352,0.27964264,1,1
2019-03-09,2706800,9755324,0.27746900,1,1
2019-03-10,2755323,9329322,0.29534011,1,1
2019-03-11,2749403,9556728,0.28769292,1,1
2019-03-12,2803833,9633380,0.29105392,1,1
2019-03-13,2808785,9413216,0.29838739,1,1
2019-03-14,2822969,9242819,0.30542295,1,1
2019-03-15,2847374,9166650,0.31062318,1,1
2019-03-16,2850188,9455719,0.30142478,1,1
2019-03-17,2878988,9606836,0.29968119,1,1
2019-03-18,2857529,9498717,0.30083315,1,1
2019-03-19,2798217,9356624,0.29906267,1,1
2019-03-20,2787849,9279840,0.30041994,1,1
2019-03-21,2777502,9362147,0.29667362,1,1
2019-03-22,2778945,9278978,0.29948826,1,1
2019-03-23,3076427,9068470,0.33924433,1,1
2019-03-24,3084908,9706994,0.31780261,1,1
2019-03-25,3090003,9467094,0.32639403,1,1
2019-03-26,3062866,9940160,0.30813045,1,1
2019-03-27,3178510,10418366,0.30508719,1,1
2019-03-28,3210328,10499969,0.30574643,1,1
2019-03-29,3200999,10987121,0.29134102,1,1
2019-03-30,3316934,11126989,0.29809807,1,1
2019-03-31,3221059,11624691,0.27708771,1,1
2019-04-01,3240650,11736494,0.27611738,1,1
2019-04-02,3164470,11660054,0.27139411,1,1
2019-04-03,3245321,12564856,0.25828557,1,1
2019-04-04,3210364,12608609,0.25461683,1,1
2019-04-05,3203098,12383688,0.25865461,1,1
2019-04-06,3237279,12752104,0.25386234,1,1
2019-04-07,3281872,12757172,0.25725702,1,1
2019-04-08,3288993,12981462,0.25336075,1,1
2019-04-09,3212314,13328636,0.24100846,1,1
2019-04-10,3182256,12649084,0.25157996,1,1
2019-04-11,4121267,14651919,0.28127831,1,1
2019-04-12,4318846,13666929,0.31600706,1,1
2019-04-13,4434368,14492332,0.30598029,1,1
2019-04-14,4482523,14945858,0.29991741,1,1
2019-04-15,4530144,14643532,0.30936143,1,1
2019-04-16,4488203,14671693,0.30590900,1,1
2019-04-17,4539334,15312333,0.29644954,1,1
2019-04-18,4310997,15930694,0.27060949,1,1
2019-04-19,4398137,16019822,0.27454344,1,1
2019-04-20,4220362,16165941,0.26106504,1,1
2019-04-21,4241359,16318055,0.25991817,1,1
2019-04-22,4334161,16487504,0.26287551,1,1
2019-04-23,4341724,16318736,0.26605762,1,1
2019-04-24,4361779,16266986,0.26813689,1,1
2019-04-25,4397538,15936669,0.27593834,1,1
2019-04-26,4429485,14977107,0.29575037,1,1
2019-04-27,4643972,15598798,0.29771345,1,1
2019-04-28,4552234,15670427,0.29049840,1,1
2019-04-29,4592578,15446341,0.29732465,1,1
2019-04-30,5012293,15783567,0.31756402,1,1
2019-05-01,4992818,16364881,0.30509345,1,1
2019-05-02,4982087,16074245,0.30994221,1,1
2019-05-03,5020966,15928643,0.31521618,1,1
2019-05-04,5015102,16549902,0.30302911,1,1
2019-05-05,5016356,16092179,0.31172634,1,1
2019-05-06,5086183,16288984,0.31224679,1,1
2019-05-07,5317047,16908510,0.31445982,1,2
2019-05-08,5288973,16459631,0.32132999,1,2
2019-05-09,5310199,16540930,0.32103388,1,2
2019-05-10,5123713,16109957,0.31804635,1,2
2019-05-11,5282974,16829300,0.31391525,1,2
2019-05-12,5243322,18066061,0.29023050,1,2
2019-05-13,5557547,17442395,0.31862293,1,2
2019-05-14,5590920,17478124,0.31988101,1,2
2019-05-15,5744838,18917597,0.30367694,1,2
2019-05-16,5929451,21582193,0.27473811,1,2
2019-05-17,5433138,22788409,0.23841673,1,2
2019-05-18,5242130,21985697,0.23843365,1,2
2019-05-19,5416275,21919380,0.24709983,1,2
2019-05-20,5647745,23463834,0.24070001,1,2
2019-05-21,6198050,23804918,0.26036847,1,2
2019-05-22,5935406,23627084,0.25121196,1,2
2019-05-23,5828067,25850530,0.22545251,1,2
2019-05-24,4797119,30217399,0.15875354,1,2
2019-05-25,2332889,22633160,0.10307394,1,2
2019-05-26,2306005,22494457,0.10251437,1,2
2019-05-27,2159194,24168092,0.08934069,1,2
2019-05-28,2112767,27037042,0.07814342,1,2
2019-05-29,1922203,26288370,0.07311990,1,2
2019-05-30,2723552,25695975,0.10599139,1,2
2019-05-31,2368078,24370888,0.09716831,1,2
2019-06-01,2222102,25349358,0.08765910,1,2
2019-06-02,2234502,25951816,0.08610195,1,2
2019-06-03,2285835,26962917,0.08477699,1,2
2019-06-04,2234939,25939382,0.08616007,1,2
2019-06-05,2174608,26072278,0.08340690,1,2
2019-06-06,2160136,26874320,0.08037919,1,2
2019-06-07,2144127,26218673,0.08177862,1,2
2019-06-08,2107766,26434117,0.07973658,1,2
2019-06-09,2106735,26444973,0.07966486,1,2
2019-06-10,2102838,28048585,0.07497127,1,2
2019-06-11,1408875,28396925,0.04961365,1,2
2019-06-12,1401226,28094186,0.04987601,1,2
2019-06-13,1405000,28816288,0.04875715,1,2
2019-06-14,1395664,28750954,0.04854322,1,2
2019-06-15,1405597,29616388,0.04746011,1,2
2019-06-16,1425822,30299353,0.04705784,1,2
2019-06-17,1404479,31608917,0.04443300,1,2
2019-06-18,1368275,31817377,0.04300402,1,2
2019-06-19,1358774,32053002,0.04239147,1,2
2019-06-20,1360465,32284230,0.04214023,1,2
2019-06-21,1353700,34031839,0.03977746,1,2
2019-06-22,1360390,35387176,0.03844302,1,2
2019-06-23,1356148,35775156,0.03790754,1,2
2019-06-24,1361352,36119660,0.03769006,1,2
2019-06-25,1356425,41039536,0.03305167,1,2
2019-06-26,1359796,42853682,0.03173114,1,2
2019-06-27,1344259,42015639,0.03199425,1,2
2019-06-28,1270040,43457852,0.02922464,1,2
2019-06-29,1264181,41230250,0.03066149,1,2
2019-06-30,1270246,42972382,0.02955959,1,2
2019-07-01,1243582,41153109,0.03021842,1,2
2019-07-02,1245960,40339851,0.03088658,1,2
2019-07-03,1250643,44883663,0.02786410,1,2
2019-07-04,1238620,47476232,0.02608927,1,2
2019-07-05,1231211,49184807,0.02503234,1,2
2019-07-06,1233935,49653644,0.02485084,1,2
2019-07-07,1233809,49911034,0.02472017,1,2
2019-07-08,1217531,52139198,0.02335155,1,2
2019-07-09,1216017,53291682,0.02281814,1,2
2019-07-10,1208645,53060691,0.02277854,1,2
2019-07-11,1191625,49013396,0.02431223,1,2
2019-07-12,1077307,51037074,0.02110832,1,2
2019-07-13,1071679,51033665,0.02099945,1,2
2019-07-14,1074815,53437514,0.02011349,1,2
2019-07-15,1000542,56039785,0.01785414,1,2
2019-07-16,961389,55835808,0.01721814,1,2
2019-07-17,556511,57485141,0.00968095,1,2
2019-07-18,555914,61647010,0.00901770,1,2
2019-07-19,552949,66996063,0.00825346,1,2
2019-07-20,556065,71849810,0.00773927,1,2
2019-07-21,559499,74187261,0.00754171,1,2
2019-07-22,559743,77962011,0.00717969,1,2
2019-07-23,559251,78641992,0.00711135,1,2
2019-07-24,559841,79945938,0.00700274,1,2
2019-07-25,558353,86243790,0.00647412,1,2
2019-07-26,557235,90966168,0.00612574,1,2
2019-07-27,561248,92912431,0.00604061,1,2
2019-07-28,552887,89482224,0.00617874,1,2
2019-07-29,552421,88680452,0.00622934,1,2
2019-07-30,561173,88928896,0.00631036,1,2
2019-07-31,558508,91582007,0.00609845,1,2
2019-08-01,558588,94614694,0.00590382,1,2
2019-08-02,557653,98228215,0.00567712,1,2
2019-08-03,556728,100368379,0.00554685,1,2
2019-08-04,558394,99843353,0.00559270,1,2
2019-08-05,557799,102533206,0.00544018,1,2
2019-08-06,560401,106879443,0.00524330,1,2
2019-08-07,556369,105915614,0.00525295,1,2
2019-08-08,554441,104224071,0.00531970,1,2
2019-08-09,554810,99668241,0.00556657,1,2
2019-08-10,546875,101290005,0.00539910,1,2
2019-08-11,544747,100475924,0.00542167,1,2
2019-08-12,548952,102296217,0.00536630,1,2
2019-08-13,548500,103650925,0.00529180,1,2
2019-08-14,546351,103075832,0.00530048,1,2
2019-08-15,535545,95581493,0.00560302,1,2
2019-08-16,532814,98998360,0.00538205,1,2
2019-08-17,533171,101588876,0.00524832,1,2
2019-08-18,534625,101002419,0.00529319,1,2
2019-08-19,535569,107538901,0.00498024,1,2
2019-08-20,540117,109859620,0.00491643,1,2
2019-08-21,532288,106198589,0.00501219,1,2
2019-08-22,535515,105746659,0.00506413,1,2
2019-08-23,533176,108294180,0.00492340,1,2
2019-08-24,530571,108329551,0.00489775,1,2
2019-08-25,532858,109875316,0.00484966,1,2
2019-08-26,532350,109520479,0.00486073,1,2
2019-08-27,536709,107787812,0.00497931,1,2
2019-08-28,533815,107071806,0.00498558,1,2
2019-08-29,396368,101073998,0.00392156,1,2
2019-08-30,360633,107759305,0.00334665,1,2
2019-08-31,360634,107602288,0.00335155,1,2
2019-09-01,346425,109369708,0.00316747,1,2
2019-09-02,346209,110451845,0.00313448,1,2
2019-09-03,347681,112734916,0.00308406,1,2
2019-09-04,348804,112699994,0.00309498,1,2
2019-09-05,349069,110380390,0.00316242,1,2
2019-09-06,347538,112199676,0.00309750,1,2
2019-09-07,345446,108956466,0.00317050,1,2
2019-09-08,346021,113880405,0.00303846,1,2
2019-09-09,349536,112944249,0.00309477,1,2
2019-09-10,346545,113617336,0.00305011,1,2
2019-09-11,349920,112194156,0.00311888,1,2
2019-09-12,347702,112899441,0.00307975,1,2
2019-09-13,348257,113567905,0.00306651,1,2
2019-09-14,350471,115052284,0.00304619,1,2
2019-09-15,349747,109944031,0.00318114,1,2
2019-09-16,350508,109961675,0.00318755,1,2
2019-09-17,350115,109878896,0.00318637,1,2
2019-09-18,351315,116307155,0.00302058,1,2
2019-09-19,353535,113891719,0.00310413,1,2
2019-09-20,355923,118114253,0.00301338,1,2
2019-09-21,355231,117613925,0.00302031,1,2
2019-09-22,355240,116603124,0.00304657,1,2
2019-09-23,352046,114648692,0.00307065,1,2
2019-09-24,349613,112343013,0.00311201,1,2
2019-09-25,343234,100330855,0.00342102,1,2
2019-09-26,343868,101990654,0.00337156,1,2
2019-09-27,315822,102979759,0.00306684,1,2
2019-09-28,316308,107375851,0.00294580,1,2
2019-09-29,318118,105860924,0.00300506,1,2
2019-09-30,315651,105469592,0.00299282,1,2
2019-10-01,319413,107855366,0.00296149,1,2
2019-10-02,317685,104857677,0.00302968,1,2
2019-10-03,319673,105689648,0.00302464,1,2
2019-10-04,316920,104902976,0.00302108,1,2
2019-10-05,317245,105246953,0.00301429,1,2
2019-10-06,318287,105251549,0.00302406,1,2
2019-10-07,316504,103229663,0.00306602,1,2
2019-10-08,319395,109980987,0.00290409,1,2
2019-10-09,318522,112366581,0.00283467,1,2
2019-10-10,322221,116163806,0.00277385,1,2
2019-10-11,321799,114949403,0.00279948,1,2
2019-10-12,317990,113972579,0.00279006,1,2
2019-10-13,317660,113356568,0.00280231,1,2
2019-10-14,318304,113487739,0.00280474,1,2
2019-10-15,321633,114034452,0.00282049,1,2
2019-10-16,319300,112020905,0.00285036,1,2
2019-10-17,315937,111343738,0.00283749,1,2
2019-10-18,317641,109547435,0.00289957,1,2
2019-10-19,316045,110689390,0.00285524,1,2
2019-10-20,315082,109852636,0.00286822,1,2
2019-10-21,317540,111533164,0.00284705,1,2
2019-10-22,317797,109889330,0.00289197,1,2
2019-10-23,315936,106651187,0.00296233,1,2
2019-10-24,262666,106769425,0.00246012,1,2
2019-10-25,260181,107422970,0.00242202,1,2
2019-10-26,270300,115210479,0.00234614,1,2
2019-10-27,267726,116774641,0.00229267,1,2
2019-10-28,271630,117557809,0.00231061,1,2
2019-10-29,271521,119534646,0.00227148,1,2
2019-10-30,271051,117812452,0.00230070,1,2
2019-10-31,270008,115998149,0.00232769,1,2
2019-11-01,271671,117889007,0.00230446,1,2
2019-11-02,268692,117736553,0.00228215,1,2
2019-11-03,274935,116029820,0.00236952,1,2
2019-11-04,269133,114910415,0.00234211,1,2
2019-11-05,272526,111136561,0.00245217,1,2
2019-11-06,269903,109653136,0.00246143,1,2
2019-11-07,271944,106721213,0.00254817,1,2
2019-11-08,272224,105256795,0.00258628,1,2
2019-11-09,268482,104342769,0.00257308,1,2
2019-11-10,270598,104419775,0.00259144,1,2
2019-11-11,269567,101821323,0.00264745,1,2
2019-11-12,269700,100797962,0.00267565,1,2
2019-11-13,268404,94195084,0.00284945,1,2
2019-11-14,268963,93440560,0.00287844,1,2
2019-11-15,269119,92301132,0.00291566,1,2
2019-11-16,266306,90632767,0.00293830,1,2
2019-11-17,267569,91488584,0.00292462,1,2
2019-11-18,268181,89310579,0.00300279,1,2
2019-11-19,265539,88411190,0.00300345,1,2
2019-11-20,262229,87639767,0.00299212,1,2
2019-11-21,261815,86879905,0.00301353,1,2
2019-11-22,258916,84278600,0.00307214,1,2
2019-11-23,256805,85160761,0.00301553,1,2
2019-11-24,256904,85790118,0.00299456,1,2
2019-11-25,251648,82116193,0.00306454,1,2
2019-11-26,254692,84630692,0.00300945,1,2
2019-11-27,255396,82716110,0.00308762,1,2
2019-11-28,255503,86663025,0.00294824,1,2
2019-11-29,254931,88833558,0.00286976,1,2
2019-11-30,255739,88801271,0.00287990,1,2
2019-12-01,254948,85707630,0.00297462,1,2
2019-12-02,255361,85465523,0.00298788,1,2
2019-12-03,253874,88297172,0.00287522,1,2
2019-12-04,252702,87499859,0.00288803,1,2
2019-12-05,251982,86616551,0.00290917,1,2
2019-12-06,253475,86287362,0.00293757,1,2
2019-12-07,254493,84298223,0.00301896,1,2
2019-12-08,253012,83660772,0.00302426,1,2
2019-12-09,254390,90684908,0.00280521,1,2
2019-12-10,254189,86037087,0.00295441,1,2
2019-12-11,252408,84927314,0.00297205,1,2
2019-12-12,251960,86599132,0.00290950,1,2
2019-12-13,253813,86997686,0.00291747,1,2
2019-12-14,253528,86733913,0.00292306,1,2
2019-12-15,251663,85864203,0.00293094,1,2
2019-12-16,251574,85066925,0.00295737,1,2
2019-12-17,250466,82382627,0.00304028,1,2
2019-12-18,249014,77994184,0.00319273,1,2
2019-12-19,250153,79900335,0.00313081,1,2
2019-12-20,248184,81402348,0.00304886,1,2
2019-12-21,247997,81575927,0.00304008,1,2
2019-12-22,247706,81994789,0.00302100,1,2
2019-12-23,251909,83884242,0.00300306,1,2
2019-12-24,248145,81855393,0.00303150,1,2
2019-12-25,248700,80824019,0.00307706,1,2
2019-12-26,248436,83921671,0.00296033,1,2
2019-12-27,248264,80782372,0.00307324,1,2
2019-12-28,249535,84806686,0.00294240,1,2
2019-12-29,249382,80512388,0.00309744,1,2
2019-12-30,249402,80768208,0.00308787,1,2
2019-12-31,248666,80406375,0.00309262,1,2
2020-01-01,248407,81007537,0.00306647,1,2
2020-01-02,249021,82531644,0.00301728,1,2
2020-01-03,247867,83169374,0.00298027,1,2
2020-01-04,250778,83868723,0.00299013,1,2
2020-01-05,250966,84757400,0.00296099,1,2
2020-01-06,250259,87870564,0.00284804,1,2
2020-01-07,253813,91989620,0.00275915,1,2
2020-01-08,251959,85925492,0.00293230,1,2
2020-01-09,251252,83352816,0.00301432,1,2
2020-01-10,251372,84729047,0.00296677,1,2
2020-01-11,254419,87572493,0.00290524,1,2
2020-01-12,252528,88276913,0.00286063,1,2
2020-01-13,255372,88572541,0.00288320,1,2
2020-01-14,252843,90341757,0.00279874,1,2
2020-01-15,259186,97468003,0.00265919,1,2
2020-01-16,258250,96200807,0.00268449,1,2
2020-01-17,255862,97760600,0.00261723,1,2
2020-01-18,258362,97290453,0.00265557,1,2
2020-01-19,258266,96708140,0.00267057,1,2
2020-01-20,255234,83460648,0.00305814,1,2
2020-01-21,255930,87978325,0.00290901,1,2
2020-01-22,258304,89071808,0.00289995,1,2
2020-01-23,256816,86831864,0.00295762,1,2
2020-01-24,257249,85413086,0.00301182,1,2
2020-01-25,256104,85843592,0.00298338,1,2
2020-01-26,253945,87836892,0.00289110,1,2
2020-01-27,263068,90892291,0.00289428,1,2
2020-01-28,259386,93244201,0.00278179,1,2
2020-01-29,261364,96291183,0.00271431,1,2
2020-01-30,255686,95971924,0.00266417,1,2
2020-01-31,262137,98335523,0.00266574,1,2
2020-02-01,260572,99290743,0.00262433,1,2
2020-02-02,261557,103078905,0.00253744,1,2
2020-02-03,262331,101696634,0.00257954,1,2
2020-02-04,262732,101610415,0.00258568,1,2
2020-02-05,262800,107067605,0.00245452,1,2
2020-02-06,265981,113305607,0.00234747,1,2
2020-02-07,51641,119875181,0.00043079,1,2
2020-02-08,53722,120614492,0.00044540,1,2
2020-02-09,53919,122510713,0.00044012,1,2
2020-02-10,54857,117948051,0.00046509,1,2
2020-02-11,53586,119009902,0.00045027,1,2
2020-02-12,57055,131423069,0.00043413,1,2
2020-02-13,63130,134227539,0.00047032,1,2
2020-02-14,63985,133529445,0.00047918,1,2
2020-02-15,68058,137956270,0.00049333,1,2
2020-02-16,62555,133433988,0.00046881,1,2
2020-02-17,61916,129059897,0.00047975,1,2
2020-02-18,63176,142176854,0.00044435,1,2
2020-02-19,66710,164154866,0.00040638,1,2
2020-02-20,60273,155962460,0.00038646,1,2
2020-02-21,60837,158347570,0.00038420,1,2
2020-02-22,60843,157469984,0.00038638,1,2
2020-02-23,61088,161879634,0.00037737,1,2
2020-02-24,64740,158934092,0.00040734,1,2
2020-02-25,62294,155758118,0.00039994,1,2
2020-02-26,58708,145106662,0.00040459,1,2
2020-02-27,52891,144159727,0.00036689,1,2
2020-02-28,53645,141629646,0.00037877,1,2
2020-02-29,54247,143485406,0.00037807,1,2
2020-03-01,52400,146084162,0.00035870,1,2
2020-03-02,51229,147438129,0.00034746,1,2
2020-03-03,54792,151364926,0.00036199,1,2
2020-03-04,52589,147279066,0.00035707,1,2
2020-03-05,53859,150897094,0.00035693,1,2
2020-03-06,54804,147422355,0.00037175,1,2
2020-03-07,57948,149584802,0.00038739,1,2
2020-03-08,56509,139498149,0.00040509,1,2
2020-03-09,49421,120264595,0.00041094,1,2
2020-03-10,48870,108755035,0.00044936,1,2
2020-03-11,48656,104521940,0.00046551,1,2
2020-03-12,47764,77899153,0.00061315,1,2
2020-03-13,28217,79786212,0.00035366,1,2
2020-03-14,32440,79083665,0.00041020,1,2
2020-03-15,30284,75973890,0.00039861,1,2
2020-03-16,30041,66643577,0.00045077,1,2
2020-03-17,27760,71066130,0.00039062,1,2
2020-03-18,28681,70514270,0.00040674,1,2
2020-03-19,29387,74127269,0.00039644,1,2
2020-03-20,33705,83980559,0.00040134,1,2
2020-03-21,32592,77071138,0.00042288,1,2
2020-03-22,32283,77465958,0.00041674,1,2
2020-03-23,30382,74575039,0.00040740,1,2
2020-03-24,33128,79817862,0.00041504,1,2
2020-03-25,33372,79923327,0.00041755,1,2
2020-03-26,33329,87904597,0.00037915,1,2
2020-03-27,33961,87469521,0.00038826,1,2
2020-03-28,31601,86231524,0.00036647,1,2
2020-03-29,32051,86146742,0.00037205,1,2
2020-03-30,30650,86628869,0.00035381,1,2
2020-03-31,32416,86143382,0.00037630,1,2
2020-04-01,32385,87176461,0.00037149,1,2
2020-04-02,33293,88079528,0.00037799,1,2
2020-04-03,34148,90541414,0.00037715,1,2
2020-04-04,34053,90128001,0.00037783,1,2
2020-04-05,34784,90589016,0.00038398,1,2
2020-04-06,34602,91895608,0.00037654,1,2
2020-04-07,40160,98464407,0.00040786,1,2
2020-04-08,39297,96462711,0.00040738,1,2
2020-04-09,41255,97366254,0.00042371,1,2
2020-04-10,40871,91517601,0.00044659,1,2
2020-04-11,37861,91299763,0.00041469,1,2
2020-04-12,38139,90541513,0.00042123,1,2
2020-04-13,38388,89866813,0.00042717,1,2
2020-04-14,37868,91138601,0.00041550,1,2
2020-04-15,38193,91336122,0.00041816,1,2
2020-04-16,27586946,89080829,0.30968443,2,2
2020-04-17,28079628,93589041,0.30003115,2,2
2020-04-18,28592642,93547844,0.30564726,2,2
2020-04-19,29204466,96185677,0.30362593,2,2
2020-04-20,28054990,90133043,0.31126199,2,2
2020-04-21,26741072,83589766,0.31990844,2,2
2020-04-22,26765978,83736249,0.31964625,2,2
2020-04-23,26906989,87514425,0.30745776,2,2
2020-04-24,25549174,85429258,0.29906820,2,2
2020-04-25,25484258,86662438,0.29406348,2,2
2020-04-26,25843736,88039296,0.29354774,2,2
2020-04-27,25944911,90020492,0.28821117,2,2
2020-04-28,25732819,90511870,0.28430325,2,2
2020-04-29,25830577,91160799,0.28335181,2,2
2020-04-30,25369553,94965409,0.26714520,2,2
2020-05-01,25950408,94564693,0.27441963,2,2
2020-05-02,26646708,98940739,0.26931988,2,2
2020-05-03,20559029,98182897,0.20939522,2,2
2020-05-04,20482041,96825678,0.21153522,2,2
2020-05-05,18873655,94951509,0.19877151,2,2
2020-05-06,18747370,94675568,0.19801698,2,2
2020-05-07,19266000,92728932,0.20776687,2,2
2020-05-08,18783768,94906309,0.19791907,2,2
2020-05-09,18898774,95960373,0.19694352,2,2
2020-05-10,19225222,96821167,0.19856425,2,2
2020-05-11,18903393,93357170,0.20248464,2,2
2020-05-12,18655290,93271452,0.20001072,2,2
2020-05-13,18180868,94433833,0.19252494,2,2
2020-05-14,18278532,100622155,0.18165514,2,2
2020-05-15,18304743,98807616,0.18525640,2,2
2020-05-16,18715079,95631982,0.19569896,2,2
2020-05-17,18873219,100451021,0.18788479,2,2
2020-05-18,18998064,102670647,0.18503890,2,2
2020-05-19,19562954,102045730,0.19170772,2,2
2020-05-20,31873582,156142395,0.20413150,3,3
2020-05-21,31864575,158141440,0.20149415,3,3
2020-05-22,31817373,156797346,0.20292035,3,3
2020-05-23,29474660,156081154,0.18884189,3,3
2020-05-24,29583774,153292671,0.19298884,3,3
2020-05-25,29733046,146696033,0.20268473,3,3
2020-05-26,30099914,146450799,0.20552919,3,3
2020-05-27,29719024,148555996,0.20005267,3,3
2020-05-28,30486370,151423144,0.20133230,3,3
2020-05-29,30721448,152005368,0.20210765,3,3
2020-05-30,31746702,151027218,0.21020517,3,3
2020-05-31,32684797,163932720,0.19937934,3,3
2020-06-01,33920407,162021088,0.20935798,3,3
2020-06-02,33850435,169276459,0.19997131,3,3
2020-06-03,35423168,166129946,0.21322566,3,3
2020-06-04,35180828,178841470,0.19671516,3,3
2020-06-05,34296578,178350759,0.19229847,3,3
2020-06-06,34310302,179134924,0.19153329,3,3
2020-06-07,34604254,180299580,0.19192643,3,3
2020-06-08,34567144,183393608,0.18848609,3,3
2020-06-09,34514863,174665023,0.19760604,3,3
2020-06-10,34598909,180512024,0.19167094,3,3
2020-06-11,35532409,170174506,0.20879984,3,3
2020-06-12,35265922,173016247,0.20383012,3,3
2020-06-13,35936485,179253502,0.20047857,3,3
2020-06-14,39315376,173233109,0.22695070,3,3
2020-06-15,43939334,176182224,0.24939709,3,3
2020-06-16,53224484,197966358,0.26885621,3,3
2020-06-17,83356769,267073273,0.31211198,3,3
2020-06-18,108337827,314950485,0.34398368,3,3
2020-06-19,159651326,421492923,0.37877582,3,3
2020-06-20,205551435,513897866,0.39998499,3,3
2020-06-21,256245694,608825161,0.42088552,3,3
2020-06-22,339125328,720958140,0.47038144,3,3
2020-06-23,350441574,695676247,0.50374233,3,3
2020-06-24,371584925,698929773,0.53164844,3,3
2020-06-25,340955820,674932651,0.50517014,3,3
2020-06-26,376053092,701045350,0.53641764,3,3
2020-06-27,386178328,705523012,0.54736461,3,3
2020-06-28,370313773,713626053,0.51891852,3,3
2020-06-29,394185652,721032652,0.54669598,3,3
2020-06-30,411949475,719777364,0.57232902,3,3
2020-07-01,393437627,688548465,0.57140150,3,3
2020-07-02,416009002,705920083,0.58931459,3,3
2020-07-03,674095615,705955232,0.95487020,3,3
2020-07-04,763160765,717002397,1.06437687,3,3
2020-07-05,793330868,724562868,1.09490964,3,3
2020-07-06,809621727,732929778,1.10463751,3,3
2020-07-07,857236053,778170067,1.10160502,3,3
2020-07-08,819398334,760762807,1.07707465,3,3
2020-07-09,887057426,797207654,1.11270561,3,3
2020-07-10,942907611,785445162,1.20047542,3,3
2020-07-11,961832832,798970599,1.20384008,3,3
2020-07-12,1001112332,827500829,1.20980221,3,3
2020-07-13,1028511152,855439418,1.20231910,3,3
2020-07-14,1020879319,856539192,1.19186527,3,3
2020-07-15,1043315674,864040194,1.20748512,3,3
2020-07-16,1051173936,875491499,1.20066721,3,3
2020-07-17,1056895819,876088893,1.20637966,3,3
2020-07-18,1043147520,905375771,1.15217079,3,3
2020-07-19,991745773,882094402,1.12430798,3,3
2020-07-20,920886971,954547372,0.96473679,3,3
2020-07-21,778472708,997513879,0.78041291,3,3
2020-07-22,787855175,1046546716,0.75281415,3,3
2020-07-23,778399130,1065230305,0.73073318,3,3
2020-07-24,739969856,1119116390,0.66120902,3,3
2020-07-25,808092965,1114263216,0.72522628,3,3
2020-07-26,733934485,1188549951,0.61750411,3,3
2020-07-27,1078642510,1173192533,0.91940792,3,3
2020-07-28,1164263240,1153540933,1.00929512,3,3
2020-07-29,1241769496,1150790681,1.07905766,3,3
2020-07-30,1166385840,1160604025,1.00498173,3,3
2020-07-31,1021199819,1182768345,0.86339800,3,3
2020-08-01,973047687,1174869446,0.82821771,3,3
2020-08-02,1018627685,1241266243,0.82063594,3,3
2020-08-03,1065663294,1258499157,0.84677315,3,3
2020-08-04,1102858954,1267033311,0.87042617,3,3
2020-08-05,1131322945,1283469566,0.88145678,3,3
2020-08-06,1142359600,1293184937,0.88336909,3,3
2020-08-07,1157758150,1274813140,0.90817871,3,3
2020-08-08,1135662314,1293504541,0.87797319,3,3
2020-08-09,1144245997,1352907366,0.84576818,3,3
2020-08-10,1131395834,1386348318,0.81609782,3,3
2020-08-11,1210207535,1381181485,0.87621181,3,3
2020-08-12,1295324735,1356866487,0.95464421,3,3
2020-08-13,1336093250,1329546365,1.00492415,3,3
2020-08-14,1356145353,1432853313,0.94646489,3,3
2020-08-15,1009905396,1719955396,0.58716953,3,3
2020-08-16,1025793816,1744376776,0.58805748,3,3
2020-08-17,1046913072,1823180935,0.57422335,3,3
2020-08-18,1064265137,1888608814,0.56351804,3,3
2020-08-19,1056736622,1842286728,0.57360052,3,3
2020-08-20,1069660692,1935305079,0.55270908,3,3
2020-08-21,1099603840,2062009458,0.53326809,3,3
2020-08-22,1111499340,2085166637,0.53305061,3,3
2020-08-23,1117706953,2120552250,0.52708296,3,3
2020-08-24,1118405515,2107254677,0.53074055,3,3
2020-08-25,1162961688,2143133903,0.54264537,3,3
2020-08-26,1139132265,2202170247,0.51727711,3,3
2020-08-27,1144886434,2270053230,0.50434343,3,3
2020-08-28,1133444319,2207579970,0.51343296,3,3
2020-08-29,1191765436,2329258603,0.51165012,3,3
2020-08-30,1156834833,2402863605,0.48144007,3,3
2020-08-31,1145977423,2473821782,0.46324171,3,3
2020-09-01,1174108641,2306733847,0.50899181,3,3
2020-09-02,1190113989,2342379884,0.50807898,3,3
2020-09-03,1145463555,2198532973,0.52101268,3,3
2020-09-04,1019457723,2149417871,0.47429480,3,3
2020-09-05,1008732320,2092615105,0.48204389,3,3
2020-09-06,948833287,1967551204,0.48224071,3,3
2020-09-07,973417574,1977767581,0.49217996,3,3
2020-09-08,999270329,1932800495,0.51700645,3,3
2020-09-09,951234361,1896114874,0.50167549,3,3
2020-09-10,990819646,2000031133,0.49540211,3,3
2020-09-11,1040160822,2142755139,0.48543149,3,3
2020-09-12,1050688398,2070545758,0.50744515,3,3
2020-09-13,1072044702,2157446621,0.49690439,3,3
2020-09-14,1067323107,2160515720,0.49401312,3,3
2020-09-15,1114399653,2139539394,0.52085961,3,3
2020-09-16,1111957734,2158086133,0.51525179,3,3
2020-09-17,1067386280,2068286094,0.51607284,3,3
2020-09-18,1077774092,2009531199,0.53633111,3,3
2020-09-19,1090395563,2009020148,0.54274994,3,3
2020-09-20,1136409319,2035723203,0.55823371,3,3
2020-09-21,1185431674,2047688514,0.57891211,3,3
2020-09-22,1194434445,1890315220,0.63187051,3,3
2020-09-23,1241930935,1918058597,0.64749374,3,3
2020-09-24,1262022666,2077814005,0.60738000,3,3
2020-09-25,1308281157,2096759041,0.62395398,3,3
2020-09-26,1335150762,2204798001,0.60556603,3,3
2020-09-27,1331765462,2325906018,0.57257922,3,3
2020-09-28,1360582544,2342427715,0.58084292,3,3
2020-09-29,1335320894,2409382737,0.55421701,3,3
2020-09-30,1339803054,2378838439,0.56321734,3,3
2020-10-01,1338600498,2290678510,0.58436856,3,3
2020-10-02,1297746844,2289989976,0.56670416,3,3
2020-10-03,1278781255,2112699506,0.60528308,3,3
2020-10-04,1282207966,2123931699,0.60369548,3,3
2020-10-05,1284622116,2104524295,0.61040973,3,3
2020-10-06,1294895825,1953918877,0.66271729,3,3
2020-10-07,1322901054,1946488318,0.67963473,3,3
2020-10-08,1336991942,1866537614,0.71629520,3,3
2020-10-09,1330342497,1898912320,0.70058132,3,3
2020-10-10,1351461418,1935524580,0.69824038,3,3
2020-10-11,1352094969,1899803787,0.71170243,3,3
2020-10-12,1384540951,1888432154,0.73316955,3,3
2020-10-13,1395708939,1905561059,0.73243989,3,3
2020-10-14,1402984064,1937818678,0.72400172,3,3
2020-10-15,1405575376,1907393190,0.73690909,3,3
2020-10-16,1408997159,1902568020,0.74057650,3,3
2020-10-17,1404842459,1873329988,0.74991724,3,3
2020-10-18,1392774842,1850263388,0.75274410,4,4
2020-10-19,1415822171,1876758862,0.75439749,4,4
2020-10-20,1419042473,1895765734,0.74853261,4,4
2020-10-21,1422077741,1829942536,0.77711606,4,4
2020-10-22,1497170531,1923608883,0.77831338,4,4
2020-10-23,1544278609,2053462597,0.75203640,4,4
2020-10-24,1619689666,2214854315,0.73128497,4,4
2020-10-25,1660440675,2267138757,0.73239482,4,4
2020-10-26,1665698676,2390511525,0.69679592,4,5
2020-10-27,1650644907,2260406483,0.73024251,4,5
2020-10-28,1669492521,2334789101,0.71505067,4,6
2020-10-29,1675834929,2339701573,0.71626012,4,6
2020-10-30,1636559906,2262819479,0.72323927,4,6
2020-10-31,1596874463,2264944166,0.70503922,4,6
2020-11-01,1618253715,2308167655,0.70109886,4,7
2020-11-02,1621410865,2300317817,0.70486385,4,7
2020-11-03,1618737877,2274616017,0.71165325,4,7
2020-11-04,1613956058,2307784649,0.69935297,4,7
2020-11-05,1616530640,2304799075,0.70137595,4,7
2020-11-06,1660918755,2378995147,0.69815979,4,7
2020-11-07,1684194429,2575050628,0.65404323,4,7
2020-11-08,1732853025,2605377442,0.66510633,4,7
2020-11-09,1736796239,2644762355,0.65669274,4,7
2020-11-10,1793961264,2751346827,0.65203022,4,7
2020-11-11,1833132998,2793688766,0.65616937,4,7
2020-11-12,1902214810,2849342648,0.66759777,4,7
2020-11-13,1906275875,2821852777,0.67554051,4,7
2020-11-14,1951065439,2910848212,0.67027385,4,7
2020-11-15,1937421509,2844248269,0.68117173,4,7
2020-11-16,1939713562,2870441165,0.67575451,4,8
2020-11-17,1934810080,2944640841,0.65706148,4,8
2020-11-18,1946043623,3054164819,0.63717702,4,8
2020-11-19,2017806141,3156049372,0.63934556,4,9
2020-11-20,2046669871,3266416590,0.62657956,4,9
2020-11-21,2100281814,3396483484,0.61836951,4,9
2020-11-22,2133254142,3440565114,0.62003016,4,10
2020-11-23,2150885130,3381968326,0.63598618,4,10
2020-11-24,2194847505,3553773334,0.61761044,5,11
2020-11-25,2244209189,3592357569,0.62471765,5,11
2020-11-26,2217480788,3591444482,0.61743424,5,11
2020-11-27,1928146544,3244368543,0.59430565,5,11
2020-11-28,2006206844,3160795204,0.63471586,5,11
2020-11-29,2024203428,3272635272,0.61852399,5,11
2020-11-30,2041288553,3426139875,0.59579837,5,11
2020-12-01,2120073085,3600055866,0.58890005,5,11
2020-12-02,2101140429,3559874199,0.59022884,5,11
2020-12-03,2162006242,3567242037,0.60607220,6,12
2020-12-04,2190808434,3572322031,0.61327294,6,12
2020-12-05,2121861236,3451159252,0.61482565,6,12
2020-12-06,2160178386,3537998800,0.61056504,6,12
2020-12-07,2161233695,3533074115,0.61171479,6,12
2020-12-08,2216711584,3544363070,0.62541888,6,12
2020-12-09,2256883298,3470658758,0.65027519,6,12
2020-12-10,2187660728,3444389337,0.63513747,6,12
2020-12-11,2208788276,3385731128,0.65238148,6,12
2020-12-12,2210062840,3333375678,0.66301043,6,12
2020-12-13,2266974441,3485735695,0.65035753,6,12
2020-12-14,2293263166,3576494093,0.64120424,6,12
2020-12-15,2307790058,3543608526,0.65125423,6,12
2020-12-16,2355130390,3628341766,0.64909277,6,12
2020-12-17,2385463434,3694727321,0.64563992,6,12
2020-12-18,2381008489,3826279755,0.62227768,6,12
2020-12-19,2425609850,3868140213,0.62707392,6,12
2020-12-20,2422551300,4020531182,0.60254508,6,12
2020-12-21,2403624313,3914866838,0.61397345,6,12
2020-12-22,2390001626,3783409396,0.63170579,6,12
2020-12-23,2433104334,3874235629,0.62802177,6,12
2020-12-24,2423743105,3766695057,0.64346677,6,12
2020-12-25,2417380720,3716276129,0.65048469,6,12
2020-12-26,2438526449,3923785943,0.62147285,6,12
2020-12-27,2458291961,3958989268,0.62093928,6,12
2020-12-28,2386848551,3967603302,0.60158448,6,11
2020-12-29,2449890997,4227120773,0.57956494,6,12
2020-12-30,2391717192,4187736617,0.57112407,6,12
2020-12-31,2452390924,4103303080,0.59766263,6,12
2021-01-01,2444014131,4102589211,0.59572480,6,12
2021-01-02,2461684954,4204310227,0.58551458,6,12
2021-01-03,2637431633,4371840399,0.60327720,6,13
2021-01-04,2416426011,4820353610,0.50129642,6,13
2021-01-05,2211351913,4938853571,0.44774600,6,13
2021-01-06,2370014105,5253146805,0.45116084,6,13
2021-01-07,2466928155,5551674114,0.44435752,6,13
2021-01-08,2540110467,5742292515,0.44235128,6,13
2021-01-09,2643849519,5821525698,0.45415062,6,13
2021-01-10,2670199503,5872401233,0.45470318,6,13
2021-01-11,2682497195,5785977334,0.46362041,6,13
2021-01-12,2453403085,5147039784,0.47666293,6,13
2021-01-13,2504723308,5217811392,0.48003332,6,13
2021-01-14,2726456523,5502185958,0.49552242,6,13
2021-01-15,2795828579,5799037441,0.48211942,6,13
2021-01-16,3000286000,5995245404,0.50044424,6,13
2021-01-17,3097513921,6273258639,0.49376474,6,13
2021-01-18,3106590252,6312741416,0.49211429,6,13
2021-01-19,3105704425,6396602156,0.48552409,6,13
2021-01-20,3163216217,6725129056,0.47035770,6,13
2021-01-21,3135093008,6407003769,0.48932280,6,14
2021-01-22,2971194473,5977542119,0.49705956,6,13
2021-01-23,2767994174,6152920246,0.44986674,6,14
2021-01-24,3031434975,6442980303,0.47050198,6,14
2021-01-25,3091966066,6814240782,0.45375063,6,14
2021-01-26,3142090560,6872674707,0.45718599,6,14
2021-01-27,3144371101,6769924602,0.46446176,6,14
2021-01-28,3107539984,6505897843,0.47764967,6,14
2021-01-29,3202737846,6928249365,0.46227231,6,14
2021-01-30,3295186297,7217294044,0.45656811,6,14
2021-01-31,3318709269,7081685484,0.46863268,6,14
2021-02-01,3326104028,7083987999,0.46952423,6,14
2021-02-02,3432453137,7173587769,0.47848486,6,14
2021-02-03,3566836450,7502692274,0.47540754,6,14
2021-02-04,3706066532,8066376126,0.45944628,6,14
2021-02-05,3818356502,8476195126,0.45048001,6,14
2021-02-06,3978922562,9154422943,0.43464483,6,14
2021-02-07,3998953338,8892640074,0.44969248,6,14
2021-02-08,4055854932,8857463290,0.45790254,6,14
2021-02-09,4537980541,9789247540,0.46356786,6,14
2021-02-10,4771204466,10005215879,0.47687172,6,14
2021-02-11,5028991733,10489294303,0.47944043,6,14
2021-02-12,5193488935,10464381171,0.49630158,6,14
2021-02-13,5233013664,9956372431,0.52559441,6,14
2021-02-14,5309522892,9896644682,0.53649727,6,14
2021-02-15,5458310134,10157029986,0.53739234,6,14
2021-02-16,5585988740,10122712433,0.55182727,6,14
2021-02-17,5974088019,10479121131,0.57009438,6,15
2021-02-18,6257256415,10798662650,0.57944735,6,15
2021-02-19,6565774262,11364727462,0.57773266,6,15
2021-02-20,6895649591,11864803888,0.58118530,6,15
2021-02-21,7235198150,12465319529,0.58042621,6,15
2021-02-22,7262577690,12404597074,0.58547470,6,15
2021-02-23,6935328876,11534402371,0.60127336,7,16
2021-02-24,6169649023,10083078593,0.61188148,7,16
2021-02-25,6499721040,10926028400,0.59488414,7,16
2021-02-26,6867344848,11022825726,0.62301129,7,16
2021-02-27,6577355908,10413497418,0.63161834,7,16
2021-02-28,6644256715,10401618978,0.63877140,7,16
2021-03-01,6572410871,10283081688,0.63914798,7,16
2021-03-02,6888415822,11253883672,0.61209232,7,17
2021-03-03,6991315133,11430914697,0.61161467,7,17
2021-03-04,7316462114,12016263577,0.60887996,7,18
2021-03-05,7265958902,11753506415,0.61819500,7,18
2021-03-06,7117974077,11439948107,0.62220335,7,18
2021-03-07,7108598469,11623906750,0.61154985,7,18
2021-03-08,7229010647,11750682810,0.61519920,7,18
2021-03-09,7178991241,11874610331,0.60456647,7,18
2021-03-10,7313462963,12449980755,0.58742765,7,18
2021-03-11,7913852300,12687001299,0.62377642,7,18
2021-03-12,8479262089,13233404234,0.64074685,7,18
2021-03-13,8315291798,14024297663,0.59292037,7,18
2021-03-14,8679855221,14718134668,0.58973881,7,18
2021-03-15,9053440334,14400564495,0.62868649,7,17
2021-03-16,8701026702,13565720854,0.64139804,7,17
2021-03-17,8853634653,13744501139,0.64415831,7,17
2021-03-18,8904028374,13803965143,0.64503411,7,17
2021-03-19,8976460931,14229493072,0.63083491,7,19
2021-03-20,9150574844,14606944058,0.62645375,7,19
2021-03-21,9541385110,15010993286,0.63562650,7,20
2021-03-22,9459880882,14566247233,0.64943844,7,20
2021-03-23,9603914778,14660877355,0.65507094,7,20
2021-03-24,9714756273,14449373643,0.67233062,7,18
2021-03-25,9588633416,14400978063,0.66583210,7,20
2021-03-26,9556451082,14050491718,0.68015065,7,21
2021-03-27,9509538014,14655427039,0.64887485,7,22
2021-03-28,9528829717,14318507211,0.66549044,7,22
2021-03-29,9538539860,14556332768,0.65528454,7,22
2021-03-30,9783917356,15326168968,0.63837984,7,22
2021-03-31,9807298784,16374140646,0.59895044,7,22
2021-04-01,9820472444,16297120426,0.60258943,8,23
2021-04-02,10504439080,17170453246,0.61177413,8,23
2021-04-03,10966032768,18003652014,0.60910046,8,23
2021-04-04,11133518530,18740290257,0.59409531,8,23
2021-04-05,11421554986,18086004423,0.63151345,8,13
2021-04-06,11588055601,19291750149,0.60067415,8,23
2021-04-07,11739143771,19404641148,0.60496578,8,23
2021-04-08,11461282212,18519172850,0.61888737,8,23
2021-04-09,11447128345,18973227448,0.60333058,8,23
2021-04-10,11739490854,19458950474,0.60329517,8,23
2021-04-11,12101883388,20017588887,0.60456249,8,23
2021-04-12,12218724395,20010470932,0.61061653,8,24
2021-04-13,12585950685,20949840372,0.60076595,8,24
2021-04-14,13472445917,22098033312,0.60966719,8,24
2021-04-15,14289983901,23294668828,0.61344439,8,24
2021-04-16,14709223051,23441997741,0.62747310,8,23
2021-04-17,14360712544,23848267735,0.60217005,8,24
2021-04-18,14927593365,23796881977,0.62729199,8,24
2021-04-19,13136907643,20016275526,0.65631129,8,24
2021-04-20,13234624927,20977476356,0.63089691,8,24
2021-04-21,12814481898,20795573473,0.61621200,8,24
2021-04-22,11359601324,20585936804,0.55181367,8,25
2021-04-23,11572013450,21262898572,0.54423499,8,25
2021-04-24,11370967761,20116237491,0.56526315,8,25
2021-04-25,11248693358,19201544424,0.58582232,8,26
2021-04-26,11496984326,20190892465,0.56941437,8,27
2021-04-27,12987085416,22251146527,0.58365916,8,27
2021-04-28,13933605309,23400246362,0.59544695,8,27
2021-04-29,14564686928,24317590584,0.59893627,8,27
2021-04-30,15249212315,24666903366,0.61820538,8,27
2021-05-01,15947763592,25430722678,0.62710619,8,27
2021-05-02,16594205890,26618300562,0.62341342,8,27
2021-05-03,16811978439,26951800468,0.62377942,8,26
2021-05-04,17599094111,28979165657,0.60730162,8,26
2021-05-05,17996053961,29601081679,0.60795258,8,27
2021-05-06,18316243654,29213852861,0.62697117,8,27
2021-05-07,18854604594,30796427109,0.61223351,8,28
2021-05-08,19078103889,29888303013,0.63831339,8,28
2021-05-09,22233843268,30731215929,0.72349377,8,28
2021-05-10,22600330735,31910444754,0.70824242,8,29
2021-05-11,22373011990,31951027177,0.70022825,8,28
2021-05-12,22192983761,31904838950,0.69559930,8,29
2021-05-13,21700021150,32769788207,0.66219595,8,29
2021-05-14,18804807924,30554510964,0.61545112,8,29
2021-05-15,19003614929,31852144689,0.59661963,8,29
2021-05-16,19134034926,30652671566,0.62422079,8,29
2021-05-17,19709163992,30821485611,0.63946184,8,29
2021-05-18,19083804730,29086122222,0.65611375,8,29
2021-05-19,19588892425,29059130467,0.67410456,8,29
2021-05-20,15769653777,23336969345,0.67573701,8,30
2021-05-21,15433094226,23254157117,0.66367033,8,31
2021-05-22,15004627130,22551144107,0.66535991,8,31
2021-05-23,14599220029,20600687420,0.70867635,8,31
2021-05-24,12276359857,18419115656,0.66650105,8,30
2021-05-25,13159435915,20913460621,0.62923283,8,31
2021-05-26,13338044204,21012806041,0.63475788,8,31
2021-05-27,14042250252,23193101190,0.60544945,8,31
2021-05-28,15019201891,23592850441,0.63659972,8,31
2021-05-29,14619502511,21774406967,0.67140761,8,31
2021-05-30,13974000478,21316494825,0.65554870,8,31
2021-05-31,14948579802,23052103121,0.64846924,8,31
2021-06-01,15434271967,24269145200,0.63596274,8,31
2021-06-02,15649005871,24476665267,0.63934387,8,31
2021-06-03,16052827363,25643533151,0.62599905,8,31
2021-06-04,16404173674,25964035416,0.63180370,8,31
2021-06-05,16025527139,24924639716,0.64295923,8,32
2021-06-06,15956662054,25101792221,0.63567820,8,32
2021-06-07,16105495037,25425096178,0.63344874,8,32
2021-06-08,16457631202,25393840515,0.64809540,8,32
2021-06-09,15905341710,24292564679,0.65474115,8,32
2021-06-10,16084731244,24910299256,0.64570606,8,32
2021-06-11,15968237674,24510504468,0.65148548,8,32
2021-06-12,15279530369,23750856277,0.64332545,9,33
2021-06-13,15108376648,23472411716,0.64366529,9,33
2021-06-14,15259594077,23966373017,0.63670853,10,33
2021-06-15,15631143008,24796066544,0.63038801,10,32
2021-06-16,16208630742,25086730242,0.64610376,10,33
2021-06-17,16034587240,23730202981,0.67570375,10,33
2021-06-18,15019031792,23385311617,0.64224211,10,33
2021-06-19,14671774518,22821072091,0.64290470,10,33
2021-06-20,14433246019,22261245579,0.64835752,10,33
2021-06-21,14196215824,21455858861,0.66164752,10,33
2021-06-22,12840680041,19787396398,0.64893227,10,33
2021-06-23,12919936760,19471832003,0.66351932,10,33
2021-06-24,12915817174,20302857199,0.63615761,10,34
2021-06-25,13367027358,20624114516,0.64812612,10,35
2021-06-26,13151485492,19858684070,0.66225362,10,35
2021-06-27,13035591683,19859916550,0.65637696,10,35
2021-06-28,12939979966,20384014534,0.63481018,10,35
2021-06-29,13142581525,20969205775,0.62675629,10,35
2021-06-30,11708515200,21407873783,0.54692565,10,35
2021-07-01,12140979875,21196546326,0.57278104,10,35
2021-07-02,12193604675,20990651372,0.58090645,10,35
2021-07-03,12236785763,20698789412,0.59118364,10,35
2021-07-04,12314183906,21504919235,0.57262172,10,35
2021-07-05,12499494407,21938089972,0.56976220,10,35
2021-07-06,12580607601,21883824495,0.57488158,10,35
2021-07-07,12717276630,22653426287,0.56138425,10,35
2021-07-08,12942371765,22868591013,0.56594531,10,35
2021-07-09,12899689323,22083329558,0.58413697,10,35
2021-07-10,13459557234,22154918696,0.60752005,10,35
2021-07-11,13879576774,22600894309,0.61411626,10,35
2021-07-12,13999269172,22439776499,0.62385956,10,35
2021-07-13,14128523638,21943249369,0.64386652,10,35
2021-07-14,13940686595,21205278551,0.65741587,10,35
2021-07-15,14083398986,21669397203,0.64992112,10,35
2021-07-16,14561214194,21403925354,0.68030578,10,35
2021-07-17,15885230907,21907805585,0.72509457,11,36
2021-07-18,16057142539,22354972004,0.71828059,11,36
2021-07-19,15995901547,22285056822,0.71778599,11,36
2021-07-20,15939735018,21674741868,0.73540599,11,36
2021-07-21,15822799349,21548904700,0.73427395,11,36
2021-07-22,15926939660,23114421694,0.68904772,11,37
2021-07-23,15993486419,23143329957,0.69106246,11,37
2021-07-24,16154274967,23802368995,0.67868349,11,37
2021-07-25,16400276852,24216499015,0.67723567,11,38
2021-07-26,16561704435,24517479354,0.67550600,11,38
2021-07-27,16644894073,25091686416,0.66336291,11,39
2021-07-28,16919842345,25601640293,0.66088900,11,39
2021-07-29,16386215531,25250982960,0.64893377,11,39
2021-07-30,17424435898,25961625929,0.67116120,11,39
2021-07-31,17693481138,26414700389,0.66983463,11,39
2021-08-01,17760239171,26973032201,0.65844429,11,39
2021-08-02,17751432926,26711848023,0.66455278,11,39
2021-08-03,17781841521,26465701345,0.67188250,11,39
2021-08-04,17545036300,26838741428,0.65372053,11,39
2021-08-05,17687342308,28097977148,0.62948810,11,39
2021-08-06,17756466836,29031249638,0.61163288,11,39
2021-08-07,17866297736,28511691434,0.62663058,11,38
2021-08-08,18295087366,30934302204,0.59141749,11,39
2021-08-09,18414230515,30287662232,0.60797794,11,38
2021-08-10,19056408404,31387243501,0.60713864,11,40
2021-08-11,19129854730,29654277597,0.64509596,11,39
2021-08-12,18983192795,31426715882,0.60404634,11,41
2021-08-13,19186387783,30912680463,0.62066400,11,41
2021-08-14,19445136402,32664550525,0.59529784,11,43
2021-08-15,19682909438,32820709163,0.59971006,11,44
2021-08-16,19676342017,33342513915,0.59012773,11,44
2021-08-17,19588111807,32696475356,0.59908940,11,44
2021-08-18,19608142360,31789160437,0.61681850,11,44
2021-08-19,19651957306,32100172122,0.61220723,12,45
2021-08-20,19856593380,33656542551,0.58997722,12,47
2021-08-21,20045216372,34726270012,0.57723494,12,48
2021-08-22,20225137287,34517638607,0.58593630,12,48
2021-08-23,20281063819,34577946913,0.58653175,12,48
2021-08-24,20398581725,35025532987,0.58239176,12,48
2021-08-25,20568077701,34499535143,0.59618420,12,48
2021-08-26,20727715620,34872443110,0.59438668,13,48
2021-08-27,20600409882,34428572941,0.59835213,13,48
2021-08-28,20849026759,35779727686,0.58270502,13,48
2021-08-29,20845512731,35532682939,0.58665744,13,48
2021-08-30,20782222055,35438342768,0.58643324,13,49
2021-08-31,20814836112,35499918255,0.58633476,13,49
2021-09-01,20992749142,36770513809,0.57091259,14,50
2021-09-02,21195450911,38931128942,0.54443453,14,50
2021-09-03,21846324413,39019538675,0.55988167,14,50
2021-09-04,22377328849,39896120404,0.56088985,14,50
2021-09-05,22572182482,40075405357,0.56324277,14,50
2021-09-06,22733515777,40656666140,0.55915838,14,50
2021-09-07,23003297870,40097976525,0.57367727,14,51
2021-09-08,22244455155,36541588753,0.60874351,14,51
2021-09-09,21799947643,36859844186,0.59142810,14,51
2021-09-10,21870353576,37208515405,0.58777818,14,52
2021-09-11,21676533823,35608247546,0.60875037,14,52
2021-09-12,21573498571,35953876729,0.60003261,14,52
2021-09-13,21498244732,36488843623,0.58917309,14,52
2021-09-14,21395859751,35560476307,0.60167529,14,54
2021-09-15,21192086715,36808026724,0.57574634,14,55
2021-09-16,21544843229,37995651396,0.56703445,14,56
2021-09-17,21515450448,37289788127,0.57697969,14,57
2021-09-18,21611517602,36739249993,0.58824058,14,57
2021-09-19,21695681420,37136787934,0.58420996,14,58
2021-09-20,21790309903,35943980795,0.60622973,14,59
2021-09-21,20927256679,32814916005,0.63773610,14,59
2021-09-22,20812010625,32553996980,0.63930738,14,60
2021-09-23,20672856535,34936300519,0.59172998,14,59
2021-09-24,20991753909,35522521814,0.59094211,15,61
2021-09-25,20810250752,34581087727,0.60178127,15,61
2021-09-26,20799905583,34367123625,0.60522684,15,61
2021-09-27,20833859993,35201024851,0.59185379,15,63
2021-09-28,20222487995,33841743755,0.59756046,15,63
2021-09-29,19972054844,33266656757,0.60036255,15,64
2021-09-30,20083214151,33981913828,0.59099715,15,65
2021-10-01,17719022776,34609528426,0.51196949,16,67
2021-10-02,17935302239,36714163224,0.48851181,16,67
2021-10-03,18157900008,37749561439,0.48100956,16,68
2021-10-04,18221183753,37990942176,0.47961916,16,68
2021-10-05,18232454881,37785391132,0.48252656,16,69
2021-10-06,18397654580,38748393954,0.47479786,16,69
2021-10-07,19787794372,39540619984,0.50044219,17,70
2021-10-08,24490599578,40907027123,0.59868930,17,71
2021-10-09,26593511502,40944355339,0.64950373,17,71
2021-10-10,27816271731,41288444892,0.67370597,17,71
2021-10-11,27121601845,40559174618,0.66869215,17,72
2021-10-12,25487303100,40910113748,0.62300739,17,72
2021-10-13,24660327723,40581362197,0.60767619,17,73
2021-10-14,26272139464,42058613536,0.62465539,17,74
2021-10-15,26504723954,42831252535,0.61881739,17,74
2021-10-16,25285473724,44106284468,0.57328506,17,74
2021-10-17,25474261912,43949568476,0.57962485,17,74
2021-10-18,24682009397,44097582480,0.55971344,17,74
2021-10-19,24437382001,43269123547,0.56477645,17,74
2021-10-20,24743895601,44479381502,0.55630035,17,74
2021-10-21,24599184678,46673386616,0.52704949,17,74
2021-10-22,24291066611,45521554091,0.53361681,17,74
2021-10-23,24326759253,44821379768,0.54274900,17,75
2021-10-24,25179560828,46233828570,0.54461336,17,76
2021-10-25,25399893241,45700482691,0.55579048,17,76
2021-10-26,25975992183,46919067802,0.55363402,17,76
2021-10-27,25950629387,46068216227,0.56330875,17,76
2021-10-28,25701299686,43746993900,0.58749865,17,77
2021-10-29,26153783580,45595464207,0.57360494,18,78
2021-10-30,23709002205,41936052801,0.56536084,18,77
2021-10-31,23497646822,39658654831,0.59249732,18,77
2021-11-01,23374960824,41736768648,0.56005679,18,78
2021-11-02,23210521072,42663773143,0.54403348,17,80
2021-11-03,23705836119,45095583927,0.52567977,17,80
2021-11-04,23525782499,45972779894,0.51173287,17,81
2021-11-05,23738438556,46059930827,0.51538155,17,81
2021-11-06,24083714350,45623312595,0.52788176,17,81
2021-11-07,24120336118,46650805109,0.51704008,17,80
2021-11-08,24668834430,48669035551,0.50686919,17,82
2021-11-09,26357151299,49914314988,0.52804794,18,83
2021-11-10,27409014918,49552249018,0.55313362,18,83
2021-11-11,26540378701,48398618525,0.54837058,18,85
2021-11-12,25944357159,49347076757,0.52575267,18,85
2021-11-13,25956736890,49070815679,0.52896485,18,85
2021-11-14,25818210210,49435376602,0.52226183,18,85
2021-11-15,25926376952,49544309983,0.52329676,18,85
2021-11-16,25488716696,48638001736,0.52404942,19,86
2021-11-17,24645287037,46322253419,0.53203990,19,87
2021-11-18,24730470589,46475153323,0.53212241,19,87
2021-11-19,24311152780,44084758319,0.55146390,19,87
2021-11-20,24951033919,47211172008,0.52849851,19,89
2021-11-21,25488510098,48994839723,0.52022846,19,89
2021-11-22,25586265309,48538991312,0.52712808,19,89
2021-11-23,25267388540,46269527493,0.54609135,19,89
2021-11-24,25623150026,47796855146,0.53608443,19,89
2021-11-25,26198351209,47348555661,0.55330835,19,90
2021-11-26,26597770896,49215007046,0.54044025,19,90
2021-11-27,25840262917,45279753695,0.57068029,19,90
2021-11-28,26102700233,45736724948,0.57071643,19,91
2021-11-29,26701759778,47572670737,0.56128360,19,92
2021-11-30,26713729702,48095892623,0.55542643,19,91
2021-12-01,26947636558,49086003586,0.54898820,19,92
2021-12-02,26805589894,49382939068,0.54281074,19,92
2021-12-03,26564316589,49097785155,0.54104918,19,92
2021-12-04,26262736360,46528137424,0.56444848,19,91
2021-12-05,25153223847,45035841544,0.55851568,19,91
2021-12-06,25094408690,44368709622,0.56558798,19,91
2021-12-07,25924261970,46037621409,0.56311037,31,91
2021-12-08,26224661539,46538766030,0.56350144,32,93
2021-12-09,26050133458,47455982392,0.54893255,34,94
2021-12-10,25532410568,45022417019,0.56710440,34,94
2021-12-11,25248585338,43385956987,0.58195294,34,94
2021-12-12,25159205304,43984105048,0.57200676,34,95
2021-12-13,25139606848,44822354467,0.56087207,34,96
2021-12-14,24358554741,41834003013,0.58226689,34,96
2021-12-15,23854213570,42609041540,0.55983924,35,96
2021-12-16,24051203565,43890831814,0.54797785,35,96
2021-12-17,24304999697,43381151793,0.56026635,37,98
2021-12-18,24822606777,43277264040,0.57357154,37,97
2021-12-19,25436220831,44627084850,0.56997272,38,97
2021-12-20,25277940316,44667667240,0.56591136,38,98
2021-12-21,25338623211,45103457945,0.56178893,39,98
2021-12-22,25656662831,46765940597,0.54861856,39,98
2021-12-23,25673272981,46168572697,0.55607682,39,99
2021-12-24,25939666417,48010642025,0.54028993,39,99
2021-12-25,25697288531,47632342216,0.53949244,39,98
2021-12-26,25461840230,48060019868,0.52979254,39,98
2021-12-27,25665271004,48859576241,0.52528640,40,99
2021-12-28,25655791145,47995443049,0.53454640,43,100
2021-12-29,25336428939,46182590981,0.54861428,43,101
2021-12-30,25564511907,45194120100,0.56566013,43,101
2021-12-31,25203842745,45311568785,0.55623417,43,101
2022-01-01,24965161430,45427781052,0.54955714,43,101
2022-01-02,25165296194,46370554725,0.54269992,43,101
2022-01-03,25253657806,46568495753,0.54229061,43,101
2022-01-04,25195914477,46256120697,0.54470444,43,102
2022-01-05,25207456948,46215307627,0.54543523,43,102
2022-01-06,24931595492,44541218140,0.55974211,43,102
2022-01-07,24541652940,43837506065,0.55983232,43,101
2022-01-08,24239824898,42908165420,0.56492336,43,100
2022-01-09,23831521972,42175310561,0.56505860,43,100
2022-01-10,23906469380,42820263624,0.55829804,43,100
2022-01-11,23507124081,41988342777,0.55984882,44,101
2022-01-12,23979080647,43698033873,0.54874507,44,101
2022-01-13,24462352653,45254662271,0.54054878,44,101
2022-01-14,24581050151,44447001792,0.55304181,44,101
2022-01-15,24569865232,44833464787,0.54802513,44,101
2022-01-16,24039716945,45147420551,0.53247155,43,100
2022-01-17,24158081095,45176089410,0.53475370,43,100
2022-01-18,23902208218,43726968608,0.54662395,43,100
2022-01-19,23642531021,43868922271,0.53893576,44,101
2022-01-20,23432251998,43571840137,0.53778431,45,102
2022-01-21,24044462603,42561976997,0.56492824,47,103
2022-01-22,21829115430,37920844996,0.57564950,48,104
2022-01-23,19914665073,36593539772,0.54421259,48,104
2022-01-24,20120650902,37868540288,0.53132893,48,104
2022-01-25,19380692827,36623034857,0.52919407,48,105
2022-01-26,19799414937,38846351851,0.50968531,48,105
2022-01-27,19663145971,38976409106,0.50448839,48,105
2022-01-28,19133235043,37563057145,0.50936309,48,105
2022-01-29,19162732980,37611224793,0.50949505,48,103
2022-01-30,19337846764,37970489829,0.50928621,48,103
2022-01-31,19264218840,37245568396,0.51722177,48,104
2022-02-01,19335961744,37725684561,0.51254104,48,103
2022-02-02,19439199390,38497150141,0.50495165,48,103
2022-02-03,19288089409,37252495984,0.51776636,48,103
2022-02-04,19355953525,37901310071,0.51069352,48,102
2022-02-05,19753412311,40410555938,0.48881813,48,103
2022-02-06,19686669070,41119107313,0.47877180,48,103
2022-02-07,19900009379,41683422653,0.47740824,48,102
2022-02-08,20074717037,42594880651,0.47129413,48,102
2022-02-09,20247942832,42676128383,0.47445595,48,103
2022-02-10,20661994500,42925467924,0.48134582,48,103
2022-02-11,21168872481,41693841162,0.50772181,48,103
2022-02-12,20396224259,40748416446,0.50054029,48,103
2022-02-13,20073581557,41046002103,0.48905083,49,104
2022-02-14,19939085584,40812551986,0.48855278,49,104
2022-02-15,18701791010,41228392584,0.45361436,49,105
2022-02-16,18861302422,43056482265,0.43805953,50,106
2022-02-17,18844921155,42933229137,0.43893556,50,106
2022-02-18,18442052312,40709612254,0.45301469,49,106
2022-02-19,18317329967,40171059227,0.45598325,49,105
2022-02-20,18429597123,40094891069,0.45964951,49,105
2022-02-21,18115660879,39647462292,0.45691855,49,105
2022-02-22,16933881046,38600249076,0.43869875,49,105
2022-02-23,16755837537,39383845596,0.42544950,49,105
2022-02-24,16764740485,39545415895,0.42393638,49,108
2022-02-25,15891878171,40346030397,0.39388951,49,109
2022-02-26,15952631239,41627585701,0.38322259,50,111
2022-02-27,15920232056,41752252866,0.38130235,49,110
2022-02-28,15459206407,40436130039,0.38231172,49,110
2022-03-01,16043596633,44179383630,0.36314668,52,114
2022-03-02,16365612610,44671410271,0.36635541,52,115
2022-03-03,16433758544,44851127471,0.36640681,52,116
2022-03-04,16574271430,43803849108,0.37837477,53,116
2022-03-05,16420170346,41911542955,0.39178158,53,116
2022-03-06,16562614470,42811610651,0.38687202,54,117
2022-03-07,16313958945,41619451028,0.39197920,55,119
2022-03-08,16346858802,41903288464,0.39010921,55,119
2022-03-09,16269707914,43060134622,0.37783690,55,120
2022-03-10,16425744802,44989168263,0.36510443,56,120
2022-03-11,16121622408,43916383114,0.36709814,57,121
2022-03-12,16142056788,43197711323,0.37367852,57,121
2022-03-13,16116957696,43177829610,0.37326929,57,121
2022-03-14,16074855625,42711430798,0.37635957,58,123
2022-03-15,16064852655,43819587838,0.36661350,58,123
2022-03-16,16101788186,43981854889,0.36610071,58,124
2022-03-17,16426999812,45329535402,0.36239065,58,124
2022-03-18,16588107124,45653213434,0.36335026,58,124
2022-03-19,16810284990,47156439243,0.35647910,58,124
2022-03-20,16840931738,47505412459,0.35450554,58,124
2022-03-21,16964297674,46887647167,0.36180740,58,124
2022-03-22,17119029290,47346052491,0.36157247,59,126
2022-03-23,17303827799,47907573590,0.36119191,60,127
2022-03-24,17366126478,48366745322,0.35905096,60,127
2022-03-25,17385942406,48907633934,0.35548525,60,127
2022-03-26,17481366033,47940968851,0.36464357,60,127
2022-03-27,17534117007,48442512065,0.36195722,60,127
2022-03-28,17831546096,49619111027,0.35936851,60,127
2022-03-29,18089986548,49988054707,0.36188619,61,128
2022-03-30,18042902497,50869223449,0.35469192,61,128
2022-03-31,18154573853,50718193981,0.35794993,61,129
2022-04-01,19081599080,50064375160,0.38114126,62,132
2022-04-02,19350282402,51139472175,0.37838252,62,132
2022-04-03,19364443028,51423013300,0.37657153,62,133
2022-04-04,19357745388,51781681406,0.37383385,62,133
2022-04-05,19393691118,52045569801,0.37262905,63,134
2022-04-06,19242540951,51368938911,0.37459487,63,134
2022-04-07,18798138796,49304840843,0.38126355,62,133
2022-04-08,18469327458,49601036842,0.37235769,63,135
2022-04-09,18415267042,48511094638,0.37960939,64,136
2022-04-10,18472345246,49145817052,0.37586811,64,136
2022-04-11,18388886916,48778453447,0.37698790,63,138
2022-04-12,18004305423,46433005752,0.38774801,66,140
2022-04-13,18061969601,47146758360,0.38310099,66,139
2022-04-14,18143750389,48261185614,0.37594912,67,139
2022-04-15,18040638696,47091514776,0.38309744,67,138
2022-04-16,18106031414,47872383529,0.37821454,68,140
2022-04-17,18019418145,48347199741,0.37270862,67,139
2022-04-18,17999963305,47626286611,0.37794178,68,140
2022-04-19,18100896281,48763972317,0.37119405,67,139
2022-04-20,18223941558,48787719726,0.37353542,67,139
2022-04-21,18815864816,49215756752,0.38231384,68,140
2022-04-22,19482512460,48297090829,0.40338894,70,142
2022-04-23,19673673504,48529543905,0.40539580,70,142
2022-04-24,19893021973,48276598608,0.41206345,70,142
2022-04-25,20125149811,48325273973,0.41645185,71,141
2022-04-26,20261653796,50043155690,0.40488362,71,142
2022-04-27,20140073492,48117831018,0.41855738,72,143
2022-04-28,20258000015,48912440154,0.41416866,71,142
2022-04-29,19512220775,49024325359,0.39801100,72,143
2022-04-30,19141103741,47938335725,0.39928595,70,141
2022-05-01,18704252037,46643272538,0.40100643,71,142
2022-05-02,18605231865,47756197087,0.38958780,71,143
2022-05-03,18850701956,48359760431,0.38980139,73,144
2022-05-04,17856284024,48123497836,0.37105125,73,144
2022-05-05,17699917968,49602694125,0.35683380,73,143
2022-05-06,17088900056,47666298776,0.35851116,74,144
2022-05-07,16899727057,47033862272,0.35930979,73,143
2022-05-08,16650510195,44638149755,0.37301076,74,144
2022-05-09,15841279458,42542126454,0.37236689,74,144
2022-05-10,13824107555,34734894210,0.39798905,73,144
2022-05-11,13758436499,32746221142,0.42015341,73,144
2022-05-12,12378642316,26987026727,0.45868863,75,145
2022-05-13,10620511721,22166080462,0.47913350,75,145
2022-05-14,10420128290,22068661485,0.47216857,75,145
2022-05-15,10450128539,22405967045,0.46639935,75,145
2022-05-16,10576298125,22985633903,0.46012645,75,145
2022-05-17,10450294673,21654533662,0.48259154,76,146
2022-05-18,10366911093,22205647525,0.46685921,76,145
2022-05-19,10223644393,21189660313,0.48248269,77,146
2022-05-20,10169317868,21771605108,0.46709087,78,146
2022-05-21,10119717287,21179392094,0.47780962,78,146
2022-05-22,10026106930,21257230395,0.47165631,78,146
2022-05-23,10118132100,22782706231,0.44411458,78,146
2022-05-24,10156927765,22706593173,0.44731183,79,147
2022-05-25,10143007458,22821178439,0.44445590,80,148
2022-05-26,9907589283,22996234422,0.43083529,81,150
2022-05-27,9539480332,22080403284,0.43203379,81,150
2022-05-28,9316676415,21957115458,0.42431240,81,150
2022-05-29,9328274941,22380561495,0.41680254,81,150
2022-05-30,9336869060,22450202443,0.41589242,81,150
2022-05-31,9608847802,23533556852,0.40830410,81,151
2022-06-01,9854509181,23446473659,0.42029814,82,152
2022-06-02,10419060435,22415909036,0.46480651,82,152
2022-06-03,11166363210,22657686841,0.49282891,82,152
2022-06-04,11367694028,22122704821,0.51384739,82,152
2022-06-05,11396978990,22260429563,0.51198379,82,152
2022-06-06,11452972614,22446050668,0.51024444,82,152
2022-06-07,11668007256,22779215683,0.51222164,83,152
2022-06-08,11655113198,22701180035,0.51341442,83,152
2022-06-09,11676729423,22529959854,0.51827564,82,152
2022-06-10,11483373701,22146652357,0.51851510,80,150
2022-06-11,11216795782,21595810683,0.51939684,83,153
2022-06-12,10853844434,20957251094,0.51790401,83,153
2022-06-13,10387870449,20013695769,0.51903809,83,153
2022-06-14,9084422041,16490583536,0.55088542,83,153
2022-06-15,8384315663,15695925952,0.53417146,83,154
2022-06-16,8402948947,15576205466,0.53947343,83,154
2022-06-17,8375308948,14067489884,0.59536627,83,154
2022-06-18,8302198230,14238346191,0.58308726,84,155
2022-06-19,7862449993,13486862172,0.58297103,84,155
2022-06-20,7835843633,14258821648,0.54954356,84,155
2022-06-21,7877818535,14346459527,0.54911238,84,155
2022-06-22,7635923961,14197738041,0.53782680,85,156
2022-06-23,7768952616,14427791064,0.53847138,84,155
2022-06-24,7888811777,14991356052,0.52622403,86,157
2022-06-25,8005066163,15402722672,0.51971761,87,158
2022-06-26,8019963459,15437003313,0.51952852,87,158
2022-06-27,7983509315,15166677822,0.52638484,87,158
2022-06-28,7835420906,14887690229,0.52630198,87,159
2022-06-29,7812231268,14433640612,0.54125161,87,159
2022-06-30,7850162187,14209466357,0.55246003,87,159
2022-07-01,7783045841,13977042419,0.55684498,88,160
2022-07-02,7649063376,13988232013,0.54682131,89,162
2022-07-03,7642331775,15011392725,0.50910211,90,163
2022-07-04,7449072966,14880889674,0.50057981,91,163
2022-07-05,7831291175,15334868396,0.51068525,91,163
2022-07-06,7596464460,15714649440,0.48340019,91,163
2022-07-07,7406351774,15917637222,0.46529216,91,163
2022-07-08,7470897607,16299646440,0.45834722,91,163
2022-07-09,7442097266,16230626795,0.45852186,91,163
2022-07-10,7438898416,16177982532,0.45981620,91,163
2022-07-11,7356865413,15870230609,0.46356386,91,163
2022-07-12,7115191490,15372198007,0.46286104,92,164
2022-07-13,6981182641,14750538497,0.47328324,92,164
2022-07-14,7218359462,14971913792,0.48212670,92,164
2022-07-15,7356511325,15222643779,0.48326108,92,164
2022-07-16,7362585203,15348850923,0.47968315,92,164
2022-07-17,7597600254,15821305945,0.48021322,90,161
2022-07-18,7689109116,15712302297,0.48936871,92,166
2022-07-19,7979451519,16587706513,0.48104610,93,166
2022-07-20,8106847748,16629724341,0.48749141,94,167
2022-07-21,8071047352,16453122447,0.49054806,94,167
2022-07-22,8056790807,16666848069,0.48340219,94,167
2022-07-23,7643194584,16635427961,0.45945284,94,167
2022-07-24,7610944231,16608026647,0.45826903,94,167
2022-07-25,7635379143,16566775388,0.46088505,96,169
2022-07-26,7521586585,16097183211,0.46726104,96,169
2022-07-27,7648359128,16073974185,0.47582253,96,169
2022-07-28,7732503040,16836981280,0.45925709,97,169
2022-07-29,7961655005,17309211779,0.45996635,98,170
2022-07-30,7535480517,16746150989,0.44998284,98,169
2022-07-31,7521875872,16738928551,0.44936424,97,168
2022-08-01,7410653575,16689916345,0.44401982,97,168
2022-08-02,7443706785,16451187165,0.45247232,97,168
2022-08-03,7229457769,16221870477,0.44566117,99,170
2022-08-04,7291311564,16322746163,0.44669638,101,171
2022-08-05,7948255671,16566993620,0.47976452,101,172
2022-08-06,8477630685,17140826859,0.49458703,101,172
2022-08-07,8735967245,16978211975,0.51453989,101,172
2022-08-08,8781592845,17110964632,0.51321436,101,172
2022-08-09,9185708196,17492273545,0.52512946,102,173
2022-08-10,9155029210,17085972716,0.53582136,102,173
2022-08-11,9329734743,17898451739,0.52125932,102,172
2022-08-12,9424633639,17890770242,0.52678747,102,172
2022-08-13,9528187404,18212629559,0.52316374,103,173
2022-08-14,9579948367,18162259335,0.52746457,104,173
2022-08-15,9565754720,17914287566,0.53397349,104,174
2022-08-16,9393235389,17759495785,0.52891341,105,175
2022-08-17,9111461239,17891158297,0.50927174,108,178
2022-08-18,8912603765,17575250995,0.50711104,108,178
2022-08-19,8651670317,17334449485,0.49910269,109,179
2022-08-20,8244611968,16442222195,0.50142930,110,180
2022-08-21,8155826457,16403853384,0.49718967,110,180
2022-08-22,8177416353,16644863356,0.49128768,110,180
2022-08-23,8199378748,16637121829,0.49283637,110,179
2022-08-24,8459361874,16699753747,0.50655608,110,179
2022-08-25,8442398708,16750579596,0.50400636,112,181
2022-08-26,8425980201,16848876977,0.50009150,112,181
2022-08-27,8036080946,16007574212,0.50201741,113,182
2022-08-28,7966492352,15922657528,0.50032429,113,183
2022-08-29,7883505836,15564519819,0.50650492,113,183
2022-08-30,7917202264,15818443258,0.50050451,114,184
2022-08-31,7894272119,15715222965,0.50233281,115,185
2022-09-01,7951768481,15746001720,0.50500239,115,185
2022-09-02,7905633928,15988418794,0.49446002,117,187
2022-09-03,7917631147,16042878349,0.49352934,116,186
2022-09-04,7919067354,15959088256,0.49621051,117,187
2022-09-05,7915608609,15887395476,0.49823199,117,187
2022-09-06,8025243239,16049800364,0.50002137,119,189
2022-09-07,7838961025,15317452736,0.51176662,120,190
2022-09-08,7832487769,15587942463,0.50247092,121,192
2022-09-09,7862907185,15502638792,0.50719799,121,192
2022-09-10,8123320212,16077175653,0.50527035,121,192
2022-09-11,8161765383,16258922392,0.50198686,121,191
2022-09-12,8114851649,16158018404,0.50221825,121,191
2022-09-13,7947116346,15941154601,0.49852828,118,189
2022-09-14,7726052728,15036903303,0.51380611,121,192
2022-09-15,7737088729,14903367996,0.51915035,122,193
2022-09-16,6986924848,14450938857,0.48349280,121,192
2022-09-17,7038998323,14447745405,0.48720393,121,192
2022-09-18,7040587126,14641850697,0.48085363,121,192
2022-09-19,6886974472,14186432946,0.48546203,121,192
2022-09-20,6709464030,14243981858,0.47103851,122,193
2022-09-21,6769494311,14106654239,0.47987951,122,193
2022-09-22,6805539197,13840985846,0.49169469,123,194
2022-09-23,6941867777,14323745431,0.48464054,121,192
2022-09-24,7079616313,14390427824,0.49196705,122,193
2022-09-25,7043153218,14309591587,0.49219806,122,193
2022-09-26,7918956454,14215180195,0.55707746,123,193
2022-09-27,7983007512,14334126956,0.55692318,124,193
2022-09-28,8039779213,14345234212,0.56044949,124,194
2022-09-29,7875166152,14454606520,0.54482051,124,195
2022-09-30,7829535527,14503813671,0.53982599,124,195
2022-10-01,7777394564,14503768241,0.53623268,126,197
2022-10-02,7750629908,14488300355,0.53495784,127,198
2022-10-03,7706186332,14339504058,0.53740954,127,198
2022-10-04,7743543544,14678438572,0.52754545,128,199
2022-10-05,7744177859,14703147833,0.52670203,128,199
2022-10-06,7755422266,14716169937,0.52700005,128,199
2022-10-07,7889389622,14787303816,0.53352455,128,199
2022-10-08,7820596463,14657847076,0.53354332,129,200
2022-10-09,7806115973,14572108313,0.53568885,128,199
2022-10-10,7763966642,14599698595,0.53178952,128,199
2022-10-11,7747164618,14391039786,0.53833251,129,200
2022-10-12,7684002448,14417851438,0.53295059,131,202
2022-10-13,7587702780,14281087539,0.53131127,131,202
2022-10-14,7528801132,14093862298,0.53419006,131,201
2022-10-15,7509121203,14101564444,0.53250270,131,202
2022-10-16,7417227188,14151759559,0.52412049,131,202
2022-10-17,7427208228,14162065129,0.52444387,132,205
2022-10-18,7306739260,14216002129,0.51397989,133,206
2022-10-19,7392360246,14074949303,0.52521399,133,206
2022-10-20,7307395177,14013350509,0.52145953,134,207
2022-10-21,7289972142,14005047328,0.52052463,134,207
2022-10-22,7328183415,13953679065,0.52517930,134,207
2022-10-23,7254420583,13953640377,0.51989448,133,206
2022-10-24,7393662986,14181669977,0.52135348,133,207
2022-10-25,7393390337,14056573891,0.52597385,133,207
2022-10-26,7525935960,14624145746,0.51462397,134,208
2022-10-27,7873106617,15027627342,0.52390883,136,210
2022-10-28,7945798611,14826914448,0.53590372,137,211
2022-10-29,8014272295,14998127753,0.53435152,137,212
2022-10-30,8059190783,15274881071,0.52761071,137,212
2022-10-31,7538132637,15109566977,0.49889799,137,212
2022-11-01,7515214925,14996095922,0.50114476,139,214
2022-11-02,7615230805,14904854459,0.51092286,139,214
2022-11-03,7460631721,14701070074,0.50748903,140,215
2022-11-04,7498560339,14749290974,0.50840141,141,216
2022-11-05,7619891947,15261729323,0.49928103,140,215
2022-11-06,7581793602,15188627961,0.49917567,139,215
2022-11-07,7549721211,14802858633,0.51001779,139,215
2022-11-08,7286046899,14676793871,0.49643314,139,215
2022-11-09,6674985845,13528885482,0.49338771,139,215
2022-11-10,6112381018,11987149776,0.50991112,139,216
2022-11-11,6088634901,12868240373,0.47315210,139,216
2022-11-12,5996860591,12562549942,0.47736014,140,217
2022-11-13,5914802122,12333213427,0.47958321,140,217
2022-11-14,5581609044,11956590833,0.46682279,140,217
2022-11-15,5508298943,12031564258,0.45782068,140,218
2022-11-16,5520384083,12040311832,0.45849179,140,218
2022-11-17,5522612474,11927525214,0.46301411,140,218
2022-11-18,5498089640,11883790235,0.46265455,141,219
2022-11-19,5531792074,11881835499,0.46556713,141,219
2022-11-20,5579891487,11836340634,0.47142032,141,219
2022-11-21,5502884161,11448946380,0.48064547,141,219
2022-11-22,5434914571,11190914857,0.48565418,141,219
2022-11-23,5299126717,11033468733,0.48027749,141,219
2022-11-24,5608967232,11423841679,0.49098783,139,218
2022-11-25,5644006587,11191009385,0.50433401,141,220
2022-11-26,5668036392,11302234583,0.50149697,141,220
2022-11-27,5680298295,11317868924,0.50188762,141,220
2022-11-28,5670268601,11315202044,0.50111952,141,220
2022-11-29,5596515946,11184304357,0.50039017,141,220
2022-11-30,5742942846,11519633211,0.49853522,141,220
2022-12-01,5678743193,11759015736,0.48292674,141,220
2022-12-02,5414601424,11562606233,0.46828555,141,220
2022-12-03,5374544019,11654651131,0.46115014,142,221
2022-12-04,5336346586,11494646512,0.46424625,142,221
2022-12-05,5417170141,11666451351,0.46433744,142,221
2022-12-06,5432401199,11538776271,0.47079526,143,222
2022-12-07,5372842818,11624088187,0.46221628,143,223
2022-12-08,5304341957,11495203461,0.46143959,144,223
2022-12-09,5314095827,11673957567,0.45520945,144,223
2022-12-10,5252478915,11680378507,0.44968396,144,224
2022-12-11,5379411067,11685388122,0.46035365,144,224
2022-12-12,5411459362,11582122619,0.46722518,145,225
2022-12-13,5262140031,11581426015,0.45436029,144,225
2022-12-14,5308177663,11642037858,0.45594918,145,226
2022-12-15,5295747966,11656104602,0.45433257,145,226
2022-12-16,5037390799,11445926675,0.44010336,144,225
2022-12-17,4916576197,10913856854,0.45048934,144,225
2022-12-18,4823773182,11033422368,0.43719646,143,225
2022-12-19,4841052695,11063200654,0.43758157,144,226
2022-12-20,4907868523,10906436340,0.44999745,145,227
2022-12-21,4954389943,11122908386,0.44542217,146,228
2022-12-22,4850234231,11075625409,0.43791967,145,227
2022-12-23,4836643387,11079919238,0.43652334,145,227
2022-12-24,4811894883,11001992298,0.43736577,145,227
2022-12-25,4813669811,11045532401,0.43580243,145,227
2022-12-26,4900566006,10866984663,0.45095914,146,228
2022-12-27,4921005181,10990307500,0.44775864,146,228
2022-12-28,4914609176,10926053498,0.44980644,146,228
2022-12-29,4865022084,10846241635,0.44854450,146,228
2022-12-30,4824896111,10838859161,0.44514797,146,229
2022-12-31,4799499122,10830606247,0.44314224,146,229
2023-01-01,4767968160,10702727651,0.44549094,146,229
2023-01-02,4768465661,10727592639,0.44450473,146,229
2023-01-03,4795559750,10811947176,0.44354265,146,229
2023-01-04,4772260024,10816147839,0.44121623,145,228
2023-01-05,4807134368,10990448073,0.43739203,145,228
2023-01-06,4815533526,10985480828,0.43835437,145,228
2023-01-07,4851837659,10925483473,0.44408448,144,227
2023-01-08,4934585271,11073957509,0.44560269,144,227
2023-01-09,4969824982,11286321225,0.44034056,144,227
2023-01-10,5010937097,11385190367,0.44012765,145,228
2023-01-11,5018025331,11471429932,0.43743678,147,230
2023-01-12,5048054133,11799925703,0.42780389,147,230
2023-01-13,5075241454,11979886019,0.42364689,147,230
2023-01-14,5208709302,12670739917,0.41108170,147,230
2023-01-15,5221404558,12797557533,0.40800008,147,230
2023-01-16,5238953488,12870785044,0.40704226,147,230
2023-01-17,5286033247,12895089684,0.40992606,148,231
2023-01-18,5350468700,12955406983,0.41299117,148,231
2023-01-19,5303741092,12680171290,0.41827046,150,233
2023-01-20,5325381394,12843604526,0.41463293,150,233
2023-01-21,5459137944,13588337319,0.40175172,150,233
2023-01-22,5460875193,13561934676,0.40266196,151,233
2023-01-23,5303213750,13586776129,0.39032171,151,233
2023-01-24,5289372204,13645987258,0.38761374,151,233
2023-01-25,5232196285,13473729158,0.38832577,151,233
2023-01-26,5375964543,13826042573,0.38882887,150,231
2023-01-27,5412944154,13750962769,0.39364110,151,233
2023-01-28,5467067656,13867830692,0.39422659,151,233
2023-01-29,5447084753,13845328477,0.39342402,151,233
2023-01-30,5544602874,14158207796,0.39161757,151,233
2023-01-31,5511683995,13697841235,0.40237610,151,233
2023-02-01,5537361480,13826559511,0.40048730,152,234
2023-02-02,5643218727,14352102601,0.39319805,152,234
2023-02-03,5674507710,14213155992,0.39924333,152,235
2023-02-04,5682536840,14062353489,0.40409572,153,236
2023-02-05,5701822080,14017258694,0.40677155,153,236
2023-02-06,5678434020,13870246954,0.40939675,154,237
2023-02-07,5723882828,13784353881,0.41524491,154,237
2023-02-08,5870180551,14172788237,0.41418671,155,238
2023-02-09,5860665536,13980086227,0.41921526,155,238
2023-02-10,5699984482,13302581741,0.42848709,155,238
2023-02-11,5626912295,13200907998,0.42625191,155,238
2023-02-12,5659998499,13326624050,0.42471360,155,238
2023-02-13,5564250107,13262273631,0.41955477,155,239
2023-02-14,5652625838,13353659894,0.42330162,155,239
2023-02-15,5699463770,13591155600,0.41935093,155,239
2023-02-16,5874780076,14547676419,0.40382944,155,239
2023-02-17,5785767463,14176930953,0.40811142,154,240
2023-02-18,5833944828,14639333367,0.39851165,154,240
2023-02-19,5867502196,14746299591,0.39789658,155,241
2023-02-20,5860958867,14625079154,0.40074716,155,241
2023-02-21,5912389835,14783766453,0.39992446,155,241
2023-02-22,5919627977,14452630781,0.40958827,155,243
2023-02-23,5967627237,14299410297,0.41733380,155,243
2023-02-24,6020005166,14296788576,0.42107394,155,243
2023-02-25,5973296001,13911683710,0.42937261,154,242
2023-02-26,5985593324,13809719922,0.43343336,154,242
2023-02-27,6028860168,14125287602,0.42681327,155,244
2023-02-28,6042767469,14196370403,0.42565580,155,244
2023-03-01,6080364721,14017860322,0.43375840,155,244
2023-03-02,6087268096,14237253063,0.42755917,158,246
2023-03-03,5957871358,14089642375,0.42285469,157,245
2023-03-04,5849865959,13553612774,0.43160935,154,242
2023-03-05,5807857871,13561102462,0.42827328,154,242
2023-03-06,5853418408,13654643239,0.42867604,157,245
2023-03-07,5917190768,13638796106,0.43384993,157,245
2023-03-08,5950730986,13535609208,0.43963525,157,245
2023-03-09,5822841447,13299399498,0.43782740,158,245
2023-03-10,5709188651,12712259455,0.44910888,158,245
2023-03-11,5550224060,12533383794,0.44283524,158,245
2023-03-12,5119585070,11724056102,0.43667354,152,238
2023-03-13,5596808820,12987340718,0.43094340,159,246
2023-03-14,5524467321,13130539562,0.42073422,159,246
2023-03-15,5474374299,13308012574,0.41135927,159,246
2023-03-16,5471984894,13069388871,0.41868713,159,245
2023-03-17,5714186295,13149534298,0.43455427,159,245
2023-03-18,6026019826,14262073366,0.42252060,159,245
2023-03-19,6023436959,14361814492,0.41940640,160,246
2023-03-20,5813330639,14496024724,0.40102930,161,247
2023-03-21,5992161686,14604581891,0.41029327,163,249
2023-03-22,5932324116,14885558431,0.39852883,163,249
2023-03-23,5663377317,14402746432,0.39321510,163,249
2023-03-24,5687255804,14741488358,0.38579929,163,249
2023-03-25,5616820371,14381786539,0.39055095,163,249
2023-03-26,5532524225,14272901767,0.38762435,161,244
2023-03-27,5592878193,14425827023,0.38769896,163,246
2023-03-28,5572150554,14154169487,0.39367556,166,252
2023-03-29,5581183238,14309622785,0.39003007,166,252
2023-03-30,5675491107,14570320041,0.38952412,169,254
2023-03-31,5778601345,14676715654,0.39372578,169,255
2023-04-01,5788598219,14804032940,0.39101495,169,254
2023-04-02,5769960613,14813732470,0.38950080,169,254
2023-04-03,5771377018,14708489410,0.39238408,170,255
2023-04-04,5781772676,14673435143,0.39402993,170,255
2023-04-05,5896617986,15066330674,0.39137718,170,256
2023-04-06,5829323508,15048525099,0.38736843,170,256
2023-04-07,5831880390,14973054423,0.38949170,169,254
2023-04-08,5851381193,14918358503,0.39222688,170,255
2023-04-09,5862502051,14931484170,0.39262688,171,256
2023-04-10,5945312572,15042328449,0.39523885,171,255
2023-04-11,6006232665,15364020328,0.39092845,172,256
2023-04-12,6049793706,15328814036,0.39466809,173,258
2023-04-13,6098710783,15302680693,0.39853872,173,258
2023-04-14,6330575307,15901314178,0.39811648,173,258
2023-04-15,6312677100,15939310054,0.39604456,175,260
2023-04-16,6337928499,15934998221,0.39773638,175,260
2023-04-17,6302950327,15766898581,0.39975841,175,259
2023-04-18,6351703225,15466021774,0.41068759,176,260
2023-04-19,6387440314,15738387577,0.40585100,176,260
2023-04-20,6189269604,14828594953,0.41738746,176,262
2023-04-21,6190369706,14522497651,0.42626068,176,262
2023-04-22,6038845746,14064488417,0.42936832,175,261
2023-04-23,6292551765,14322586556,0.43934465,176,262
2023-04-24,6321816525,14320438494,0.44145412,176,262
2023-04-25,6316607862,14184469334,0.44531859,176,263
2023-04-26,6394620578,14526065469,0.44021697,177,264
2023-04-27,6519969273,14839184050,0.43937519,178,265
2023-04-28,6370107312,14958577820,0.42584980,178,264
2023-04-29,6159203070,14695280729,0.41912796,178,260
2023-04-30,6207962946,14820104379,0.41888794,180,264
2023-05-01,6470069545,14762238370,0.43828513,180,265
2023-05-02,6450898237,14423935315,0.44723566,181,266
2023-05-03,6118660844,14627691551,0.41829299,181,266
2023-05-04,6111724202,14818366517,0.41244250,181,266
2023-05-05,6154744391,14712718734,0.41832815,182,267
2023-05-06,6272472559,15356090478,0.40846806,181,266
2023-05-07,6178124010,14858835395,0.41578790,181,266
2023-05-08,6221503193,14665894946,0.42421572,181,266
2023-05-09,6075966042,14145401191,0.42953649,181,266
2023-05-10,6130853299,14250678315,0.43021484,182,267
2023-05-11,6123247007,14174824164,0.43198046,181,265
2023-05-12,6069996449,13918968697,0.43609527,181,266
2023-05-13,6045244892,13936966391,0.43375615,180,263
2023-05-14,6052192624,13899520571,0.43542456,180,263
2023-05-15,6070201780,13922799807,0.43599002,181,266
2023-05-16,6139072061,14194267401,0.43250362,183,270
2023-05-17,6094482533,14150724164,0.43068344,184,272
2023-05-18,6098845784,14043830072,0.43427226,183,271
2023-05-19,6047955694,13865386982,0.43619090,183,270
2023-05-20,6077515777,13956580554,0.43545880,183,270
2023-05-21,6142948654,14122735393,0.43496876,184,272
2023-05-22,6104794774,13932737114,0.43816191,184,272
2023-05-23,6127836802,14052560213,0.43606551,184,272
2023-05-24,6162504329,14327670072,0.43011210,184,271
2023-05-25,6064976617,13924135132,0.43557295,184,270
2023-05-26,6094279509,13931856769,0.43743484,185,271
2023-05-27,6113217103,14057852882,0.43486137,184,269
2023-05-28,6149442388,14204727560,0.43291519,185,270
2023-05-29,6263064399,14676558453,0.42673931,184,269
2023-05-30,6196987954,14504879832,0.42723470,184,269
2023-05-31,6213527516,14512813496,0.42814080,185,270
2023-06-01,6216863655,14277637370,0.43542664,187,273
2023-06-02,6259234249,14364503562,0.43574317,189,275
2023-06-03,6359260401,14620299610,0.43496102,190,276
2023-06-04,6361457590,14603651756,0.43560732,190,276
2023-06-05,6357196661,14584590060,0.43588449,191,278
2023-06-06,6186122789,13964524598,0.44298843,190,277
2023-06-07,6335383822,14531195483,0.43598504,190,277
2023-06-08,6297126475,14141234240,0.44530247,194,283
2023-06-09,6289919935,14173610163,0.44377684,194,283
2023-06-10,6223337985,14107266280,0.44114415,195,282
2023-06-11,6017718878,13559021944,0.44381659,194,280
2023-06-12,6033873721,13600019274,0.44366656,195,282
2023-06-13,5908160941,13568025768,0.43544736,194,281
2023-06-14,5963447638,13621716322,0.43778974,194,281
2023-06-15,5957507180,13111675031,0.45436660,195,283
2023-06-16,6092350359,13243172484,0.46003708,195,284
2023-06-17,6094568733,13470696731,0.45243159,197,286
2023-06-18,6084435374,13533618435,0.44957935,197,286
2023-06-19,6087217142,13550061687,0.44923907,198,287
2023-06-20,6126959693,13600658315,0.45048994,199,287
2023-06-21,6182401288,14143693847,0.43711362,199,287
2023-06-22,6334107476,14641122574,0.43262444,200,288
2023-06-23,6314329012,14447389468,0.43705674,201,288
2023-06-24,6362359938,14508694043,0.43852051,201,289
2023-06-25,6353912853,14458087443,0.43947119,201,289
2023-06-26,6402428681,14566946039,0.43951757,201,289
2023-06-27,6399593924,14460356731,0.44256128,202,290
2023-06-28,6439158148,14569874032,0.44195016,204,291
2023-06-29,6347018249,14245764941,0.44553720,204,291
2023-06-30,6361216535,14511549306,0.43835544,204,291
2023-07-01,6425422102,14724677867,0.43637098,204,293
2023-07-02,6477790103,14641279806,0.44243332,204,293
2023-07-03,6388059456,15025031284,0.42516114,204,293
2023-07-04,6557203633,15158159714,0.43258573,206,295
2023-07-05,6516808479,15047558136,0.43308080,206,295
2023-07-06,6463725205,14888152089,0.43415228,207,296
2023-07-07,6412098385,14749446576,0.43473485,207,296
2023-07-08,6426761657,14934064045,0.43034245,208,296
2023-07-09,6459439349,14933266511,0.43255368,208,297
2023-07-10,6431693138,15006995535,0.42857967,208,298
2023-07-11,6639649042,15048547222,0.44121528,208,298
2023-07-12,6641342515,15136865473,0.43875283,207,297
2023-07-13,6669151018,15048191646,0.44318621,209,300
2023-07-14,6861514456,15815016612,0.43386072,210,300
2023-07-15,6837488467,15488172962,0.44146514,211,301
2023-07-16,6816886964,15544565675,0.43853827,211,301
2023-07-17,6660463808,15470279905,0.43053286,211,301
2023-07-18,6611094976,15426128480,0.42856476,211,301
2023-07-19,6550359034,15260352219,0.42924036,214,304
2023-07-20,6551668959,15094849749,0.43403340,216,305
2023-07-21,6584310747,15143975641,0.43478086,217,307
2023-07-22,6591625166,15210443166,0.43336181,217,307
2023-07-23,6569770273,15032279972,0.43704417,217,306
2023-07-24,6608761498,15209518067,0.43451485,216,306
2023-07-25,6562515332,14877339697,0.44110812,217,307
2023-07-26,6527597274,14884137540,0.43856067,217,307
2023-07-27,6546352868,14964285733,0.43746511,218,308
2023-07-28,6562014957,14936403894,0.43933031,219,309
2023-07-29,6595166414,15069652263,0.43764556,219,309
2023-07-30,6613587124,15355720858,0.43069206,219,309
2023-07-31,6518397103,14768724866,0.44136492,219,309
2023-08-01,6462641256,14602787359,0.44256217,221,310
2023-08-02,6469681391,14403989318,0.44915900,221,311
2023-08-03,6502411676,14194912534,0.45808043,220,311
2023-08-04,6506012053,14170663069,0.45911839,221,312
2023-08-05,6504710659,14126536460,0.46046040,220,311
2023-08-06,6488102251,14169944083,0.45787776,220,311
2023-08-07,6500004556,14218496260,0.45715134,222,313
2023-08-08,6552039467,14327385767,0.45730879,224,317
2023-08-09,6598638802,14437908768,0.45703564,224,317
2023-08-10,6621778050,14392950990,0.46007091,224,317
2023-08-11,6658152582,14446448669,0.46088508,225,318
2023-08-12,6769966821,14584193050,0.46419893,225,318
2023-08-13,6688341114,14509478933,0.46096356,225,318
2023-08-14,6675253146,14410423094,0.46322395,225,319
2023-08-15,6708062271,14333086649,0.46801240,225,319
2023-08-16,6704753840,14081749883,0.47613073,226,320
2023-08-17,6606099117,13730294216,0.48113311,228,323
2023-08-18,6353892889,13122893011,0.48418385,229,324
2023-08-19,6127030253,12880625885,0.47567799,229,324
2023-08-20,6101520692,12890016402,0.47335244,229,324
2023-08-21,6063196028,13127550036,0.46186806,230,325
2023-08-22,6003016675,13078621364,0.45899461,230,325
2023-08-23,5981586535,12912921496,0.46322488,230,325
2023-08-24,6048674432,13200037866,0.45823160,231,326
2023-08-25,6076432020,13198558242,0.46038604,232,327
2023-08-26,6013641090,13030400549,0.46150854,232,327
2023-08-27,6084156058,13121930085,0.46366320,232,327
2023-08-28,6101742646,13166302220,0.46343632,232,327
2023-08-29,6178129718,13198187300,0.46810441,233,328
2023-08-30,6280432485,13711143608,0.45805315,233,328
2023-08-31,6263005869,13551775242,0.46215391,233,328
2023-09-01,6092349130,13133784711,0.46386851,227,312
2023-09-02,5997875241,13088988424,0.45823826,227,312
2023-09-03,6003293742,13126853061,0.45732924,227,312
2023-09-04,6001558434,13144130797,0.45659607,227,312
2023-09-05,6007094505,13092771295,0.45881001,228,313
2023-09-06,5995834761,13399623810,0.44746292,228,313
2023-09-07,6029029160,13371488054,0.45088693,227,312
2023-09-08,6094522624,13575604923,0.44893194,228,314
2023-09-09,6074200575,13467125942,0.45103912,229,315
2023-09-10,6064616825,13465159094,0.45039325,229,315
2023-09-11,6041430986,13387294784,0.45128094,230,316
2023-09-12,5949514052,13057530183,0.45563854,229,315
2023-09-13,5999641886,13314006407,0.45062633,229,315
2023-09-14,6028287373,13473678239,0.44741215,231,317
2023-09-15,6063652125,13587440760,0.44626889,231,317
2023-09-16,6106163826,14514807360,0.42068514,231,317
2023-09-17,6083481729,14402851691,0.42238036,231,317
2023-09-18,6108299946,14351666978,0.42561606,231,317
2023-09-19,6114138358,14498355576,0.42171254,231,317
2023-09-20,6146493373,14645924122,0.41967262,231,317
2023-09-21,6106960658,14600851715,0.41826058,232,318
2023-09-22,6061663492,14334301142,0.42287820,232,318
2023-09-23,6069143456,14399664299,0.42147812,231,317
2023-09-24,6071082519,14349941182,0.42307369,231,317
2023-09-25,6037782144,14191277023,0.42545728,231,317
2023-09-26,6073286336,14340613080,0.42350256,231,317
2023-09-27,6089591882,14265309350,0.42688117,231,316
2023-09-28,6111506203,14331901940,0.42642674,230,315
2023-09-29,6189977864,14625290843,0.42323793,232,317
2023-09-30,6246127234,14697017978,0.42499283,233,318
2023-10-01,6223267349,14695780572,0.42347307,233,318
2023-10-02,6289449301,15161909108,0.41481909,233,318
2023-10-03,6236023244,14865969358,0.41948312,233,318
2023-10-04,6242417181,14783193430,0.42226446,233,319
2023-10-05,6276069045,14900737938,0.42119183,233,319
2023-10-06,6262627031,14778508389,0.42376584,233,319
2023-10-07,6319027013,14940191695,0.42295488,233,319
2023-10-08,6324610457,14966776986,0.42257665,233,319
2023-10-09,6318254317,14893674317,0.42422402,239,336
2023-10-10,6250294812,14625503910,0.42735586,238,335
2023-10-11,6179079763,14446296988,0.42772759,237,334
2023-10-12,6180925424,14351643046,0.43067720,240,337
2023-10-13,5891719365,14091525832,0.41810372,234,319
2023-10-14,5887998431,14232426393,0.41370307,234,319
2023-10-15,5899564085,14241867469,0.41424091,234,320
2023-10-16,5917680041,14309171922,0.41355853,235,321
2023-10-17,5976372686,14630156196,0.40849685,236,321
2023-10-18,5900884303,14517358939,0.40647092,238,324
2023-10-19,5907491299,14460352417,0.40853024,238,325
2023-10-20,5920949374,14576765011,0.40619091,239,325
2023-10-21,6002702216,14899880232,0.40286916,239,325
2023-10-22,6060235818,15218125075,0.39822487,239,325
2023-10-23,6138778443,15397181625,0.39869494,241,328
2023-10-24,6343826548,16478513827,0.38497565,240,327
2023-10-25,6331771746,16446674297,0.38498797,240,327
2023-10-26,6574269219,16667526128,0.39443581,242,329
2023-10-27,6346293945,16645354908,0.38126516,242,329
2023-10-28,6390777684,16421751377,0.38916541,241,328
2023-10-29,6424365998,16879114176,0.38061038,241,328
2023-10-30,6721188110,17075081911,0.39362553,242,329
2023-10-31,6477248114,17333968640,0.37367370,242,330
2023-11-01,6486644706,17218659160,0.37672183,241,328
2023-11-02,6535664342,17614409359,0.37104079,241,329
2023-11-03,6792366340,17139356469,0.39630230,243,331
2023-11-04,6845477310,17606890446,0.38879536,243,330
2023-11-05,6758549720,17822451712,0.37921549,241,327
2023-11-06,6775733334,17787930955,0.38091745,241,327
2023-11-07,6782487679,17809073955,0.38084449,240,326
2023-11-08,6820030079,17910316317,0.38078781,243,331
2023-11-09,6845559946,18132270077,0.37753463,243,329
2023-11-10,7116725242,18986581228,0.37482921,243,330
2023-11-11,7142160717,18991080519,0.37607974,241,326
2023-11-12,7081024421,18761634275,0.37742045,242,327
2023-11-13,7095257518,18827373484,0.37685859,243,329
2023-11-14,7120479907,18432501183,0.38630025,243,330
2023-11-15,7324615138,18411651368,0.39782500,244,332
2023-11-16,7455088645,19155783544,0.38918213,244,332
2023-11-17,7305489214,18250650512,0.40028651,244,331
2023-11-18,7337886799,18283236628,0.40134507,244,331
2023-11-19,7365335948,18422065213,0.39981055,243,330
2023-11-20,7454979172,18741902369,0.39777068,243,332
2023-11-21,7485313370,18772119685,0.39874631,244,333
2023-11-22,7254936976,18089966443,0.40104756,245,334
2023-11-23,7578024754,18842965297,0.40216731,248,339
2023-11-24,7543827501,18877864801,0.39961233,249,339
2023-11-25,7543693343,18882752209,0.39950179,249,339
2023-11-26,7574677773,18988616068,0.39890626,248,338
2023-11-27,7464422851,18831795164,0.39637341,248,338
2023-11-28,7368934109,18662071735,0.39486153,249,340
2023-11-29,7435715023,18921223283,0.39298279,248,339
2023-11-30,7447361358,18870537850,0.39465549,249,340
2023-12-01,7540008070,18999753168,0.39684769,252,342
2023-12-02,7618509522,19215594149,0.39647536,251,340
2023-12-03,7758907086,19820500171,0.39145869,250,339
2023-12-04,7834840423,20167695808,0.38848466,252,343
2023-12-05,7972001224,20494915245,0.38897459,252,343
2023-12-06,8390031621,21117245342,0.39730711,253,344
2023-12-07,8321402903,20753832338,0.40095741,254,345
2023-12-08,8498093076,21352978857,0.39798162,254,345
2023-12-09,8582952692,21706926482,0.39540156,254,345
2023-12-10,8603232330,21586954540,0.39853849,253,345
2023-12-11,8678085391,21500373788,0.40362486,256,348
2023-12-12,8389580047,20705191314,0.40519210,258,349
2023-12-13,8592260238,20708705672,0.41491054,258,349
2023-12-14,8707026277,21291561630,0.40894259,258,348
2023-12-15,8820586191,21934941870,0.40212489,258,348
2023-12-16,8654235068,21133645282,0.40950035,258,348
2023-12-17,8709428363,21246340692,0.40992604,258,348
2023-12-18,8426715384,21070303060,0.39993328,258,349
2023-12-19,8529931156,21491352312,0.39690062,259,349
2023-12-20,8585409860,21136893575,0.40618125,261,351
2023-12-21,8783359007,21579574825,0.40702188,261,352
2023-12-22,8913180771,21877546380,0.40741227,261,351
2023-12-23,9053621987,22188831561,0.40802608,261,351
2023-12-24,9091727701,22315792074,0.40741228,261,351
2023-12-25,9036035389,22082875635,0.40918744,261,349
2023-12-26,9108517884,22167170197,0.41090125,261,351
2023-12-27,8914585742,22123674826,0.40294326,260,350
2023-12-28,9263681189,22800795844,0.40628762,262,352
2023-12-29,9271250154,22552338197,0.41109929,262,352
2023-12-30,8962586743,22280986642,0.40225269,261,351
2023-12-31,8960209533,22372314336,0.40050436,261,351
2024-01-01,9210608783,22338746989,0.41231537,262,352
2024-01-02,9273083698,23293366782,0.39809976,255,345
2024-01-03,9144943207,23299988297,0.39248703,261,351
2024-01-04,8737681590,22203868319,0.39352069,260,349
2024-01-05,9175745944,22770718804,0.40296251,261,350
2024-01-06,9285288801,22758147413,0.40799845,261,352
2024-01-07,9213251544,22553330208,0.40850958,262,352
2024-01-08,9163188327,22258294087,0.41167523,260,349
2024-01-09,9115845810,23252200075,0.39204229,260,349
2024-01-10,9119962515,23306688935,0.39130237,263,353
2024-01-11,9562740656,24604040584,0.38866546,264,354
2024-01-12,9695034303,24753606356,0.39166149,264,354
2024-01-13,9508765753,23577013768,0.40330662,265,355
2024-01-14,9638126368,23898235119,0.40329867,266,356
2024-01-15,9504858272,23569573704,0.40326815,266,356
2024-01-16,9670725258,23578871028,0.41014369,264,355
2024-01-17,9866806582,23775250747,0.41500326,264,356
2024-01-18,9742846139,23468992293,0.41513696,265,357
2024-01-19,9748448754,22833815264,0.42693035,265,357
2024-01-20,9821088964,22922126877,0.42845452,265,356
2024-01-21,9810539100,22939748782,0.42766550,266,358
2024-01-22,9822394929,22803484108,0.43074097,267,359
2024-01-23,9550028948,21688657392,0.44032366,267,359
2024-01-24,9328726588,21676928779,0.43035278,269,360
2024-01-25,9199141420,21846967250,0.42107178,269,360
2024-01-26,9123270675,21871986882,0.41712126,270,361
2024-01-27,9306939174,22397128240,0.41554163,274,364
2024-01-28,9300799768,22585212488,0.41180927,273,363
2024-01-29,9330823491,22524939955,0.41424410,274,365
2024-01-30,9475426286,23100800814,0.41017739,274,365
2024-01-31,9476257655,23182694508,0.40876429,272,363
2024-02-01,9440143697,22892911727,0.41236099,275,366
2024-02-02,9547519030,23224945368,0.41108898,274,365
2024-02-03,9618804121,23428646071,0.41055740,274,366
2024-02-04,9603214655,23322201033,0.41176279,273,365
2024-02-05,9597535789,23199028128,0.41370422,273,365
2024-02-06,9638388589,23320671304,0.41329808,276,368
2024-02-07,9757021191,23539860416,0.41448934,275,367
2024-02-08,9896402192,24107583731,0.41050992,276,368
2024-02-09,10046817777,24211316291,0.41496372,278,370
2024-02-10,10279357560,24823097814,0.41410454,277,369
2024-02-11,10256736076,25081539079,0.40893567,276,368
2024-02-12,10281612919,25155472036,0.40872272,277,369
2024-02-13,10596966861,26223855167,0.40409645,279,371
2024-02-14,10640496385,26233630186,0.40560518,278,370
2024-02-15,10895615585,27306580212,0.39901062,282,374
2024-02-16,11026270120,27164279616,0.40591064,279,371
2024-02-17,11042280582,26975388057,0.40934650,279,371
2024-02-18,10976904299,27069640126,0.40550610,279,371
2024-02-19,11010729897,27598725202,0.39895792,281,372
2024-02-20,11066084700,27808554117,0.39793815,284,375
2024-02-21,11186201712,27832148646,0.40191657,283,375
2024-02-22,11325795237,27374479630,0.41373554,286,378
2024-02-23,11453324033,27226386866,0.42067000,286,378
2024-02-24,11294760927,26925737096,0.41947824,284,376
2024-02-25,11421229015,27424845723,0.41645554,286,378
2024-02-26,11646866280,27932006416,0.41697206,286,378
2024-02-27,11790378385,28991603406,0.40668252,286,378
2024-02-28,12032284541,29601589728,0.40647427,287,378
2024-02-29,12371633458,31280458815,0.39550678,286,379
2024-03-01,12304822484,31134576346,0.39521407,289,382
2024-03-02,12505479730,31902997539,0.39198447,287,379
2024-03-03,12627567197,31907675237,0.39575328,287,379
2024-03-04,12811477802,32573937225,0.39330455,289,381
2024-03-05,13101136344,33897314341,0.38649482,292,384
2024-03-06,13113778818,32861085006,0.39906713,293,386
2024-03-07,13742578209,34801202742,0.39488802,292,385
2024-03-08,14184476998,35126155794,0.40381524,294,388
2024-03-09,14568591094,35860069092,0.40626221,292,385
2024-03-10,14827201281,36033581978,0.41148286,294,388
2024-03-11,14876240203,35974111543,0.41352627,295,388
2024-03-12,14937939019,37588562378,0.39740650,297,393
2024-03-13,14737456858,36702271083,0.40154073,299,395
2024-03-14,15115955310,37505220889,0.40303603,299,396
2024-03-15,15055220746,36809544173,0.40900318,299,396
2024-03-16,14849494539,35860491605,0.41409066,296,393
2024-03-17,14362753949,33837740606,0.42445960,296,393
2024-03-18,14454014696,35285592705,0.40962936,297,394
2024-03-19,13985271862,34531791924,0.40499699,298,395
2024-03-20,12939279555,31378382503,0.41236286,297,394
2024-03-21,14301044677,34436515103,0.41528722,298,395
2024-03-22,14070379106,33859814255,0.41554803,299,396
2024-03-23,13456612695,33069215593,0.40692265,299,395
2024-03-24,13489963490,33395016419,0.40395140,299,395
2024-03-25,13628472443,34470216178,0.39536951,300,397
2024-03-26,14401097375,35964178932,0.40042892,303,403
2024-03-27,14370208233,35786707815,0.40155156,304,403
2024-03-28,14222328940,35005372364,0.40628989,305,405
2024-03-29,14486570383,35694211588,0.40585209,306,406
2024-03-30,14699617835,35250160851,0.41700853,305,405
2024-03-31,15059498790,35121925920,0.42877770,305,405
2024-04-01,15326813221,36033869025,0.42534464,306,405
2024-04-02,15187025083,35168801385,0.43183232,307,407
2024-04-03,14067384302,33061853371,0.42548686,307,408
2024-04-04,14134723576,33298960884,0.42447942,308,408
2024-04-05,14285759760,33633140784,0.42475247,310,409
2024-04-06,14590908016,33396645477,0.43689741,310,409
2024-04-07,14697571843,33808572100,0.43472915,309,408
2024-04-08,14813617753,34110852477,0.43427873,311,410
2024-04-09,15427907331,35940568565,0.42926164,311,410
2024-04-10,14622096033,34711078298,0.42125156,310,409
2024-04-11,14679394276,35231813865,0.41665168,310,410
2024-04-12,14524540888,34757008820,0.41788811,311,411
2024-04-13,13903912755,32379780362,0.42940108,311,411
2024-04-14,13416039679,29683821131,0.45196471,310,410
2024-04-15,13751925040,31302187293,0.43932793,312,412
2024-04-16,13730048721,30872201536,0.44473824,313,413
2024-04-17,13647831389,30543082406,0.44683870,313,413
2024-04-18,12980929420,29994365524,0.43277893,313,414
2024-04-19,13092433866,30706325460,0.42637579,313,414
2024-04-20,13151912062,31148692520,0.42222999,313,415
2024-04-21,13335068819,31919165453,0.41777624,312,414
2024-04-22,13365355695,31919795043,0.41871684,314,418
2024-04-23,13523484734,32649024255,0.41420793,317,421
2024-04-24,13577606977,32617964995,0.41626162,317,421
2024-04-25,14013607963,31535809485,0.44437128,317,421
2024-04-26,13894600038,31718318743,0.43806231,318,422
2024-04-27,13796986555,31316298190,0.44056888,319,423
2024-04-28,13778963918,31266840975,0.44068935,315,416
2024-04-29,14074137786,31930274012,0.44077723,321,425
2024-04-30,13877768653,31293460934,0.44347184,321,425
2024-05-01,13256246726,29901938947,0.44332398,323,427
2024-05-02,13139418472,29445937435,0.44622178,323,427
2024-05-03,13448807095,29979334482,0.44860259,323,427
2024-05-04,13377361361,31443478913,0.42544152,323,427
2024-05-05,13418349297,31781220847,0.42221000,322,426
2024-05-06,13433973058,31865486563,0.42158380,322,426
2024-05-07,13391072143,31546367618,0.42448856,322,426
2024-05-08,13199140113,31152664646,0.42369217,322,426
2024-05-09,13184369805,30517027434,0.43203323,321,425
2024-05-10,13288042613,31147813157,0.42661238,323,427
2024-05-11,13069405369,30153726913,0.43342587,323,427
2024-05-12,13096076546,30271835327,0.43261588,321,425
2024-05-13,13069150356,30257560100,0.43193008,323,427
2024-05-14,13253332012,30427335890,0.43557320,324,428
2024-05-15,13166567562,29911520267,0.44018383,324,428
2024-05-16,13553231612,31624102443,0.42857285,325,429
2024-05-17,13299098355,31430614300,0.42312563,327,430
2024-05-18,13715169832,32762817571,0.41861997,326,429
2024-05-19,13765787885,33095474802,0.41594169,324,428
2024-05-20,13710353367,32842640732,0.41745588,327,431
2024-05-21,14794851201,36214441157,0.40853457,327,431
2024-05-22,15118749571,36740868026,0.41149680,331,435
2024-05-23,15152978974,36733392072,0.41251238,332,437
2024-05-24,15444661493,36714525508,0.42066897,332,435
2024-05-25,15382248807,36610457028,0.42015998,332,436
2024-05-26,15499030013,36790668020,0.42127612,333,437
2024-05-27,15693320830,37252694392,0.42126673,335,438
2024-05-28,15918963826,37842524154,0.42066337,335,438
2024-05-29,15917137128,37349480129,0.42616757,335,437
2024-05-30,15987644351,36872374746,0.43359411,334,436
2024-05-31,16124023888,36795551132,0.43820580,334,436
2024-06-01,16313479777,36840614381,0.44281237,333,435
2024-06-02,16437711655,37114625498,0.44289041,333,435
2024-06-03,16438217901,36919270507,0.44524764,333,435
2024-06-04,16535797017,36973743452,0.44723080,336,439
2024-06-05,16981834383,37782102013,0.44946770,337,441
2024-06-06,17211912881,38065169521,0.45216961,337,441
2024-06-07,17262761804,37815515816,0.45649944,337,441
2024-06-08,17187448552,36921634541,0.46551158,337,441
2024-06-09,17200102388,36830325002,0.46700925,337,441
2024-06-10,17331286100,36980622245,0.46865859,337,441
2024-06-11,17452462412,36691318319,0.47565646,338,442
2024-06-12,16718315874,34964343514,0.47815329,336,439
2024-06-13,17098641447,36042256598,0.47440541,339,442
2024-06-14,16768492374,34946890931,0.47982787,337,440
2024-06-15,16640551857,34614459170,0.48073991,336,439
2024-06-16,16893826776,35182621690,0.48017532,342,445
2024-06-17,17014456899,35611966340,0.47777359,343,446
2024-06-18,16732172591,34973121651,0.47842949,343,446
2024-06-19,16467878798,34428494667,0.47832120,345,447
2024-06-20,16770267977,34761612782,0.48243642,345,449
2024-06-21,16750004364,34547609835,0.48483830,344,447
2024-06-22,16662553976,34651633431,0.48085912,345,449
2024-06-23,16526731296,34612754457,0.47747518,344,448
2024-06-24,16176827123,33790515979,0.47873868,342,445
2024-06-25,16070724507,32959620257,0.48758828,347,451
2024-06-26,16376860271,33686040666,0.48616163,348,452
2024-06-27,16489387310,33615080945,0.49053540,349,453
2024-06-28,16688975230,34420299914,0.48485851,349,453
2024-06-29,16542554113,33836601883,0.48889526,348,452
2024-06-30,16604084075,34006255968,0.48826557,348,452
2024-07-01,16884114787,34695566995,0.48663608,348,452
2024-07-02,16850191435,34788793701,0.48435688,348,452
2024-07-03,16750567733,34520038991,0.48524185,348,452
2024-07-04,16705050884,33479642234,0.49896145,348,452
2024-07-05,16183593186,32126832865,0.50374070,348,452
2024-07-06,15485037406,31224737112,0.49592211,348,452
2024-07-07,15728255310,32029134946,0.49106088,348,452
2024-07-08,15427765184,31094156883,0.49616284,348,452
2024-07-09,15610024233,31721517106,0.49209577,348,452
2024-07-10,15793062614,32223081718,0.49011646,348,452
2024-07-11,15875024575,32369748361,0.49042780,348,452
2024-07-12,15919181673,32424221460,0.49096573,350,454
2024-07-13,15955072692,32597360832,0.48945903,350,454
2024-07-14,16129248244,33092299430,0.48740186,350,454
2024-07-15,16425631123,34014371121,0.48290268,351,455
2024-07-16,16973590143,35649873268,0.47611923,350,454
2024-07-17,16991469468,35936740107,0.47281610,351,455
2024-07-18,17039078096,35774032180,0.47629739,351,455
2024-07-19,17114388834,35807406994,0.47795667,351,455
2024-07-20,17374721662,36622415203,0.47442861,348,451
2024-07-21,17448011983,36696279476,0.47547087,349,453
2024-07-22,17721609565,37378930442,0.47410692,350,454
2024-07-23,17566808203,36756609236,0.47792244,352,456
2024-07-24,17823283814,36599617812,0.48698005,352,456
2024-07-25,17611385093,35871174606,0.49096204,352,456
2024-07-26,17256414049,35060531197,0.49218918,353,457
2024-07-27,17571652165,36195632712,0.48546332,352,456
2024-07-28,17588458082,36356463142,0.48377803,353,457
2024-07-29,17534219634,36117166859,0.48548159,353,457
2024-07-30,17755596557,36418761848,0.48753982,353,457
2024-07-31,17709437893,35783851080,0.49490028,353,457
2024-08-01,17633600609,35268732718,0.49997829,353,457
2024-08-02,17442970127,34923650979,0.49946010,354,458
2024-08-03,16880114326,33273018176,0.50732140,353,457
2024-08-04,16562523418,32321127057,0.51243644,354,458
2024-08-05,15941124551,31095878593,0.51264429,355,459
2024-08-06,14040731564,28769630287,0.48804004,355,459
2024-08-07,14334381646,29836027819,0.48043867,355,459
2024-08-08,14048456359,29054614698,0.48351894,356,461
2024-08-09,14906675942,31519957511,0.47292817,356,461
2024-08-10,15116054134,31721197198,0.47652849,356,461
2024-08-11,15119218293,31911784972,0.47378165,356,461
2024-08-12,14950834365,31121430278,0.48040319,358,463
2024-08-13,15245924083,31954152422,0.47711871,358,461
2024-08-14,15437772955,32490058596,0.47515374,358,462
2024-08-15,15336322082,31659929058,0.48440797,358,462
2024-08-16,15124617892,31038261195,0.48728947,359,463
2024-08-17,15255950016,31625695423,0.48239097,358,462
2024-08-18,15320086044,31545986824,0.48564295,358,462
2024-08-19,15404441350,31747912629,0.48521115,359,463
2024-08-20,15406966697,31665689357,0.48655081,359,463
2024-08-21,15408225486,31870086312,0.48346984,359,463
2024-08-22,15609155980,32615948151,0.47857434,359,462
2024-08-23,15659750521,32507204877,0.48173168,359,461
2024-08-24,16618451213,34223214737,0.48559001,359,461
2024-08-25,16422589643,34358748042,0.47797404,359,461
2024-08-26,16762246393,34467674474,0.48631788,361,463
2024-08-27,16424166738,33642562076,0.48819607,362,463
2024-08-28,15484291259,31877410949,0.48574495,361,464
2024-08-29,15626784211,31740312201,0.49233240,361,463
2024-08-30,15602965041,31752301118,0.49139636,360,462
2024-08-31,14974167805,30731745723,0.48725406,359,460
2024-09-01,14951436981,30714583129,0.48678626,359,460
2024-09-02,14696535032,30045714146,0.48913915,359,459
2024-09-03,15023452734,30835578642,0.48721164,359,459
2024-09-04,15516478299,31171702326,0.49777449,361,461
2024-09-05,15560813178,31339132360,0.49652980,361,461
2024-09-06,15132793091,30477744704,0.49651945,362,462
2024-09-07,14547868710,29028638310,0.50115574,362,462
2024-09-08,14710475344,29484134120,0.49892852,362,462
2024-09-09,14870598626,29716451215,0.50041637,360,460
2024-09-10,15268456333,30856247018,0.49482545,362,462
2024-09-11,15119760047,31012342445,0.48754008,360,459
2024-09-12,15206010880,30889538235,0.49227058,348,445
2024-09-13,15106372802,31184140594,0.48442486,331,428
2024-09-14,15508502919,32244844465,0.48096070,331,428
2024-09-15,15503446224,32049466626,0.48373492,330,427
2024-09-16,15394170630,31509474751,0.48855688,331,428
2024-09-17,15605876693,30819233407,0.50636810,331,428
2024-09-18,15772923481,31617566315,0.49886583,331,428
2024-09-19,15766176774,31647306004,0.49818385,330,427
2024-09-20,16119506340,32759814535,0.49205121,330,427
2024-09-21,16086954004,33478503837,0.48051592,330,427
2024-09-22,16217476624,33698115471,0.48125767,330,427
2024-09-23,16192691779,33483343753,0.48360438,331,428
2024-09-24,16806845140,33903654208,0.49572371,330,427
2024-09-25,17013559218,34309566931,0.49588382,331,428
2024-09-26,16848957187,33677455474,0.50030375,331,428
2024-09-27,16920150941,34613811155,0.48882658,331,428
2024-09-28,17135130301,35046326371,0.48892800,331,428
2024-09-29,17148329424,34742445424,0.49358441,331,428
2024-09-30,17160441721,34771426992,0.49352135,331,428
2024-10-01,17034624374,33969118337,0.50147384,331,428
2024-10-02,16455364853,32421627585,0.50754284,331,428
2024-10-03,16203171511,31499763543,0.51439026,332,429
2024-10-04,16134753676,31703622894,0.50892460,332,429
2024-10-05,16400332290,32404480683,0.50611310,332,429
2024-10-06,16354808554,32061444398,0.51010829,332,429
2024-10-07,16534912985,31585279116,0.52350061,332,429
2024-10-08,16645799174,31660299624,0.52576253,332,429
2024-10-09,16775193192,31489424720,0.53272466,331,427
2024-10-10,16867512810,30756425663,0.54842240,331,428
2024-10-11,16829321675,30669137922,0.54873801,332,429
2024-10-12,16853159423,31760071208,0.53063985,332,429
2024-10-13,16884051357,32278160346,0.52307973,332,429
2024-10-14,16905303600,32180555696,0.52532665,332,430
2024-10-15,17570543952,33536799263,0.52391833,332,430
2024-10-16,17487982990,33221698761,0.52640243,332,430
2024-10-17,17500070757,33359883044,0.52458430,331,427
2024-10-18,17385664651,32902231155,0.52840382,331,427
2024-10-19,17735549342,33231713381,0.53369350,331,427
2024-10-20,17800734595,33281955246,0.53484642,331,427
2024-10-21,18167086696,33996913690,0.53437459,331,427
2024-10-22,17988258893,33731639718,0.53327556,331,427
2024-10-23,18060186203,33656022020,0.53661084,333,429
2024-10-24,17797477250,32934524413,0.54038968,335,430
2024-10-25,18001722567,33478992241,0.53770204,335,430
2024-10-26,17759122010,32949506895,0.53897990,335,430
2024-10-27,17794106598,33220186675,0.53564138,336,431
2024-10-28,17952012362,33053274911,0.54312356,337,434
2024-10-29,18376686771,33653108540,0.54606209,336,433
2024-10-30,18635093518,34379344945,0.54204330,335,432
2024-10-31,18737191333,34606277858,0.54143908,335,433
2024-11-01,18348689116,33607038391,0.54597757,336,433
2024-11-02,18165418584,33472249721,0.54270086,336,433
2024-11-03,18147154776,33339797330,0.54430909,336,433
2024-11-04,18058667777,33244558250,0.54320673,336,433
2024-11-05,17802652235,32531958177,0.54723580,337,434
2024-11-06,17977445076,33040756187,0.54409908,338,435
2024-11-07,19352403201,36041987018,0.53694052,339,437
2024-11-08,20165132642,37232158631,0.54160525,339,437
2024-11-09,20411529485,37668726012,0.54186939,339,437
2024-11-10,20830884813,38873932597,0.53585741,339,437
2024-11-11,21221521483,40070610436,0.52960315,340,438
2024-11-12,21860400895,42089627867,0.51937739,340,438
2024-11-13,21682771857,42027903760,0.51591371,340,438
2024-11-14,21595627777,41759257179,0.51714588,340,439
2024-11-15,21338884902,40886105185,0.52191043,342,441
2024-11-16,21990724161,41853183858,0.52542536,342,441
2024-11-17,22056045439,42088129889,0.52404432,343,442
2024-11-18,22065567259,41708929976,0.52903700,344,443
2024-11-19,22599979583,42754424724,0.52859978,344,442
2024-11-20,22309863552,42402307436,0.52614739,344,442
2024-11-21,22423461834,42401663570,0.52883448,346,445
2024-11-22,23424961051,45211171325,0.51812329,345,445
2024-11-23,23564811162,45649379592,0.51621317,344,442
2024-11-24,23989099987,46484837397,0.51606290,345,443
2024-11-25,23843771769,46219248026,0.51588403,345,443
2024-11-26,24028818692,45281645688,0.53065250,346,445
2024-11-27,23921068127,44713807426,0.53498169,347,446
2024-11-28,25336110368,47729675944,0.53082511,347,446
2024-11-29,25167440141,47233277177,0.53283282,347,446
2024-11-30,25653967427,47936860274,0.53516161,347,446
2024-12-01,26088300738,48722528795,0.53544636,346,445
2024-12-02,26153745462,48998411961,0.53376721,346,445
2024-12-03,26086675621,48741518768,0.53520441,348,447
2024-12-04,26385283989,53345271239,0.49461336,348,447
2024-12-05,27326432909,53127529797,0.51435542,348,447
2024-12-06,27583638266,52721108859,0.52319913,348,447
2024-12-07,28192070538,47517050626,0.59330430,346,445
2024-12-08,28258933626,54969006408,0.51408849,347,446
2024-12-09,28738224133,55170174137,0.52090146,348,447
2024-12-10,27518863890,51084798656,0.53868988,347,446
2024-12-11,27421995512,50674850842,0.54113619,347,446
2024-12-12,28324372343,53207375866,0.53233921,347,446
2024-12-13,28660103316,53762747716,0.53308479,347,446
2024-12-14,29066168257,54182594310,0.53644844,347,446
2024-12-15,29103598108,53585596968,0.54312352,347,447
2024-12-16,29191494426,54260176225,0.53799115,347,447
2024-12-17,29423609284,55518771577,0.52997587,347,447
2024-12-18,28951010730,54360953535,0.53256996,347,447
2024-12-19,28046851378,51058269397,0.54931065,347,446
2024-12-20,26872184712,48811599502,0.55052867,347,446
2024-12-21,26487344198,47612813970,0.55630705,338,437
2024-12-22,26472958426,47580966238,0.55637707,347,446
2024-12-23,26389278750,47281395344,0.55813240,348,447
2024-12-24,27051592644,48701408557,0.55545812,349,448
2024-12-25,27686170154,50255915288,0.55090371,348,447
2024-12-26,27641962358,50301538816,0.54952518,349,448
2024-12-27,26890374000,48718777708,0.55195092,348,448
2024-12-28,27028706355,48380640366,0.55866781,348,449
2024-12-29,27449005501,49332643650,0.55640654,348,449
2024-12-30,26967823730,49130124653,0.54890607,349,450
2024-12-31,26709861093,48315519594,0.55282156,350,451
2025-01-01,26569131856,48207441394,0.55114171,350,451
2025-01-02,26983538186,49337578803,0.54691655,350,451
2025-01-03,27177132750,50229960235,0.54105424,350,451
2025-01-04,27709016285,51677917488,0.53618678,350,451
2025-01-05,28055401920,52297775144,0.53645498,350,451
2025-01-06,27987147831,52204006604,0.53611111,353,454
2025-01-07,28361887326,52899455281,0.53614706,353,454
2025-01-08,27202611428,49382624429,0.55085390,353,454
2025-01-09,26859687366,48687259807,0.55167794,352,453
2025-01-10,26336255778,47524993733,0.55415590,353,453
2025-01-11,26620644073,48657322491,0.54710458,353,453
2025-01-12,26659065495,49041521831,0.54360192,353,453
2025-01-13,26440717315,48580144139,0.54427005,354,454
2025-01-14,25929938747,47600220758,0.54474409,356,456
2025-01-15,26676052248,48825880723,0.54635066,358,458
2025-01-16,27686816215,51266855712,0.54005294,357,457
2025-01-17,27348853878,50434615346,0.54226356,358,458
2025-01-18,28372941758,52588628728,0.53952618,358,457
2025-01-19,27936162295,51484127158,0.54261699,358,457
2025-01-20,27616411937,50195825530,0.55017348,358,458
2025-01-21,27805309000,50806219608,0.54728160,358,459
2025-01-22,28195995206,51976847155,0.54247221,357,458
2025-01-23,26355869583,51559891087,0.51117000,356,458
2025-01-24,28145294439,51838649839,0.54294035,358,458
2025-01-25,28029732780,52129487635,0.53769438,358,458
2025-01-26,28018676372,52418542029,0.53451842,358,458
2025-01-27,27682633461,51721133904,0.53522867,357,456
2025-01-28,27207940554,50272964944,0.54120422,357,456
2025-01-29,26871951654,49608804951,0.54167706,357,456
2025-01-30,27166137635,50454768656,0.53842557,358,458
2025-01-31,27884193852,51991229359,0.53632496,360,459
2025-02-01,27844989987,51376102584,0.54198331,360,458
2025-02-02,27023054696,49421697742,0.54678524,360,457
2025-02-03,25374856435,45832802870,0.55363964,360,458
2025-02-04,25258818250,47352897281,0.53341653,362,460
2025-02-05,24567867828,45651772010,0.53815803,362,461
2025-02-06,24547422449,45275997504,0.54217298,363,462
2025-02-07,24190098477,45352946674,0.53337435,364,463
2025-02-08,24269961905,44985769115,0.53950310,364,463
2025-02-09,24152282572,45336960591,0.53272831,364,463
2025-02-10,23977817382,45240257293,0.53001063,365,463
2025-02-11,24123711980,46360053885,0.52035556,365,464
2025-02-12,24017117003,45730050344,0.52519332,365,464
2025-02-13,24640900964,47216147841,0.52187445,366,465
2025-02-14,24512006007,46882458738,0.52283960,366,466
2025-02-15,24725486745,47417708042,0.52143994,367,466
2025-02-16,24609875292,47151169839,0.52193562,367,466
2025-02-17,24428072937,46660155393,0.52353175,367,466
2025-02-18,24595304946,46334245726,0.53082347,367,468
2025-02-19,24174084779,45589007986,0.53026126,368,468
2025-02-20,24489654154,46371351728,0.52812034,368,468
2025-02-21,24851684294,47134531269,0.52725006,369,470
2025-02-22,24806845885,45761582811,0.54208890,369,470
2025-02-23,25145346764,46263068316,0.54352959,369,470
2025-02-24,25480388762,47133588959,0.54059938,370,471
2025-02-25,23951982700,44169944246,0.54226880,369,470
2025-02-26,23714338567,43677037126,0.54294751,369,470
2025-02-27,23105743286,41713803718,0.55391121,370,470
2025-02-28,22635686302,41868440517,0.54063839,369,470
2025-03-01,22306798536,41886534177,0.53255298,370,470
2025-03-02,22278944510,42174305194,0.52825872,370,470
2025-03-03,23705281154,45490470903,0.52110433,370,470
2025-03-04,22002121831,41238788913,0.53352978,372,472
2025-03-05,21958509701,41462577237,0.52959828,372,472
2025-03-06,22522624789,42867629981,0.52539935,371,470
2025-03-07,22086396160,41603217774,0.53088192,372,471
2025-03-08,22016865292,41508486801,0.53041840,372,471
2025-03-09,22359800858,41711380502,0.53605996,372,471
2025-03-10,21387399244,39328396022,0.54381570,373,473
2025-03-11,20397488953,37865270754,0.53868594,374,474
2025-03-12,20601455186,38873207085,0.52996541,375,475
2025-03-13,20580790639,39069848855,0.52676914,375,476
2025-03-14,20519001339,38596207532,0.53163258,374,475
2025-03-15,20930664877,39539294904,0.52936364,375,476
2025-03-16,21241340619,39884295328,0.53257405,376,476
2025-03-17,21069913696,39183102050,0.53772960,377,477
2025-03-18,21224023339,39674854451,0.53494899,377,477
2025-03-19,21256676904,39754319995,0.53470106,377,477
2025-03-20,21945706344,40556798653,0.54111042,379,479
2025-03-21,21633550480,39541765117,0.54710634,379,478
2025-03-22,21917642834,39617769498,0.55322758,379,478
2025-03-23,22145477312,40121618124,0.55195873,379,478
2025-03-24,22199552915,41005823790,0.54137561,380,479
2025-03-25,22759915626,42327415696,0.53771097,380,479
2025-03-26,22896220168,42606538004,0.53738748,381,480
2025-03-27,22719567391,42015354467,0.54074439,381,480
2025-03-28,22726733145,42124782825,0.53950980,381,480
2025-03-29,22240744348,40530861609,0.54873604,382,481
2025-03-30,21828281336,39529624584,0.55220057,383,482
2025-03-31,21648953021,38641519504,0.56025108,383,482
2025-04-01,21696693821,40066867185,0.54151211,381,481
2025-04-02,22370608565,41038143892,0.54511746,382,482
2025-04-03,21747687451,39613645565,0.54899485,381,481
2025-04-04,21713668312,40036438570,0.54234765,382,481
2025-04-05,21694007880,40137439433,0.54049307,382,480
2025-04-06,21601562996,39245369014,0.55042324,380,478
2025-04-07,20183399755,36600359248,0.55145360,381,479
2025-04-08,19746481082,36756053356,0.53723072,381,479
2025-04-09,19352466707,36564003841,0.52927647,382,482
2025-04-10,20418895562,39282870281,0.51979133,383,482
2025-04-11,20041334269,37692872946,0.53170089,384,483
2025-04-12,20490721467,38738148487,0.52895459,384,483
2025-04-13,20994680041,39581904110,0.53041107,385,484
2025-04-14,20958523251,39394635345,0.53201465,384,483
2025-04-15,21055238749,39850360952,0.52835754,384,483
2025-04-16,21026597597,39938609487,0.52647295,386,484
2025-04-17,21059005425,40167543507,0.52427915,386,484
2025-04-18,21116450812,40227640100,0.52492393,385,483
2025-04-19,21267016920,39983540275,0.53189429,386,483
2025-04-20,21541656789,40485563425,0.53208243,385,482
2025-04-21,21425232605,40268408511,0.53206058,386,483
2025-04-22,21409516878,39845037305,0.53731953,387,485
2025-04-23,22398863179,42593399294,0.52587639,386,484
2025-04-24,22474107202,43500416893,0.51664119,387,485
2025-04-25,22361856502,43929578864,0.50903872,387,485
2025-04-26,22587129206,44421059129,0.50847795,387,485
2025-04-27,22585513393,44471645638,0.50786323,387,485
2025-04-28,22486948133,44341111154,0.50713542,387,485
2025-04-29,22590483106,44592140772,0.50660235,388,488
2025-04-30,22692286778,44295759314,0.51229028,391,489
2025-05-01,22739892230,44261933467,0.51375732,392,490
2025-05-02,23374938347,45222582487,0.51688641,392,490
2025-05-03,23517818436,45767995324,0.51384856,391,489
2025-05-04,23299759413,45584102470,0.51113783,391,489
2025-05-05,23284605987,45198053726,0.51516833,391,490
2025-05-06,23474472734,44978181427,0.52190800,393,491
2025-05-07,23702637333,45123180733,0.52528738,394,491
2025-05-08,23643448235,44373276829,0.53283079,394,491
2025-05-09,25691959358,48974781160,0.52459569,394,493
2025-05-10,26667536790,50734717324,0.52562699,394,493
2025-05-11,27951633192,54134053125,0.51634104,394,493
2025-05-12,27967318033,53537943984,0.52238312,395,494
2025-05-13,28146447944,52827906641,0.53279506,395,494
2025-05-14,29320596226,54857588159,0.53448570,395,494
2025-05-15,29021406304,53364701356,0.54383151,396,495
2025-05-16,28367339956,52551773349,0.53979796,396,495
2025-05-17,28713926167,53025509267,0.54151156,396,494
2025-05-18,28523202075,52546179165,0.54282162,396,494
2025-05-19,28402689439,52498116454,0.54102302,396,494
2025-05-20,28721361721,53620307630,0.53564336,418,516
2025-05-21,28996031736,53954356383,0.53741780,382,478
2025-05-22,29475547306,54699277971,0.53886538,381,477
2025-05-23,30139074350,55969592941,0.53849015,382,479
2025-05-24,29628410338,54139525869,0.54726025,382,479
2025-05-25,29572015333,54242016395,0.54518650,382,479
2025-05-26,29418548022,54701161227,0.53780482,373,470
2025-05-27,29625743098,55095349838,0.53771767,373,470
2025-05-28,30149595419,55956540124,0.53880378,372,469
2025-05-29,30236327455,55633442651,0.54349194,373,470
2025-05-30,30051871781,54754858402,0.54884393,373,469
2025-05-31,29284241965,53455041645,0.54782937,373,469
2025-06-01,29376735796,53555194816,0.54853196,373,469
2025-06-02,29496554552,53834760954,0.54790908,372,468
2025-06-03,30011563375,52960814983,0.56667488,373,469
2025-06-04,30032685734,52995933415,0.56669793,374,471
2025-06-05,30302736088,53094201900,0.57073532,376,474
2025-06-06,29140548456,50694414472,0.57482760,439,541
2025-06-07,29566728566,51862487183,0.57009855,429,529
2025-06-08,29832734240,52651840855,0.56660382,439,541
2025-06-09,29747976528,52538049658,0.56621775,375,472
2025-06-10,30724611717,54407310027,0.56471477,375,472
2025-06-11,31772472321,56255303616,0.56479070,438,540
2025-06-12,31818646021,55942889213,0.56877016,374,471
2025-06-13,30742784737,53605986279,0.57349537,374,471
2025-06-14,30607134102,53185052539,0.57548376,375,472
2025-06-15,30447969344,52615775938,0.57868517,375,472
2025-06-16,30655235005,52826472096,0.58030063,377,474
2025-06-17,30974635530,54510900603,0.56822828,378,475
2025-06-18,30664357184,53635420290,0.57171841,379,475
2025-06-19,30747210233,53769789438,0.57183059,379,475
2025-06-20,30774594025,53712406393,0.57295132,380,476
2025-06-21,30339022047,52089463285,0.58244067,379,475
2025-06-22,29799901823,50599335542,0.58893860,379,475
2025-06-23,29391833930,49186651102,0.59755713,378,473
2025-06-24,30457897773,52391746945,0.58134915,380,476
2025-06-25,30744472621,53409754452,0.57563404,380,476
2025-06-26,30642516500,53514281153,0.57260447,381,477
2025-06-27,30549832447,52583869318,0.58097346,381,477
2025-06-28,30639838178,52932785831,0.57884424,381,477
2025-06-29,30959244365,53458453297,0.57912720,381,477
2025-06-30,31177971111,54378420775,0.57335190,382,478
2025-07-01,31279767017,54201946042,0.57709675,383,479
2025-07-02,31029503101,53056647873,0.58483723,382,478
2025-07-03,32043274776,54975610853,0.58286346,383,479
2025-07-04,32473019252,55977495503,0.58010847,384,480
2025-07-05,32288237219,54875933532,0.58838611,384,480
2025-07-06,32524971821,55278560464,0.58838312,384,480
2025-07-07,32889617980,55984294901,0.58747936,384,481
2025-07-08,32732965210,55560665945,0.58913918,384,481
2025-07-09,33200856066,56456664944,0.58807682,384,481
2025-07-10,34122018898,58546709373,0.58281702,384,481
2025-07-11,35391688404,60784863429,0.58224509,384,481
2025-07-12,35791537315,61056247748,0.58620598,385,482
2025-07-13,35616587510,60987209204,0.58400094,385,482
2025-07-14,36018242527,61866204043,0.58219577,386,484
2025-07-15,36374175247,62467442964,0.58229013,385,484
2025-07-16,36920322468,63259190978,0.58363570,385,484
2025-07-17,38097868425,64600554159,0.58974523,386,485
2025-07-18,38822304870,65510340368,0.59261339,386,485
2025-07-19,38951417420,66414599196,0.58648878,386,485
2025-07-20,39292482546,67085935167,0.58570373,386,485
2025-07-21,40345640507,69056628602,0.58423994,386,485
2025-07-22,40760714722,69360190172,0.58766729,387,486
2025-07-23,40994810912,69395132327,0.59074476,386,485
2025-07-24,40278593597,67900749426,0.59319807,386,485
2025-07-25,40244477049,67321918753,0.59779159,385,483
2025-07-26,40702395679,68706571171,0.59240907,385,483
2025-07-27,40967155606,69049268655,0.59330325,385,483
2025-07-28,41977126273,71084161341,0.59052714,385,483
2025-07-29,41833198652,69646559767,0.60064989,386,485
2025-07-30,41885423019,69706057304,0.60088642,386,485
2025-07-31,42461561773,69669065697,0.60947511,385,484
2025-08-01,42055761519,68663805427,0.61248807,387,486
2025-08-02,40628392767,65992779965,0.61564906,387,486
2025-08-03,40206030625,65009909430,0.61846003,386,485
2025-08-04,41459863638,66767890871,0.62095512,388,487
2025-08-05,42483341334,69063311646,0.61513617,389,488
2025-08-06,42122495865,68867834148,0.61164252,390,489
2025-08-07,42918041799,69790336146,0.61495680,390,489
2025-08-08,44197356568,73032687345,0.60517226,390,489
2025-08-09,44494592001,73640941957,0.60420998,390,489
2025-08-10,46045718415,75755208580,0.60782248,389,488
2025-08-11,46039789954,76165312445,0.60447188,388,488
2025-08-12,45552720172,75702638877,0.60173226,390,489
2025-08-13,47508578505,78894065694,0.60218190,390,489
2025-08-14,48166286555,80097638333,0.60134465,392,492
2025-08-15,46900091988,77400057873,0.60594389,390,494
2025-08-16,46396745986,75934476839,0.61101028,390,494
2025-08-17,46325565351,75950971108,0.60994040,388,492
2025-08-18,46410970874,76238355693,0.60876144,389,493
2025-08-19,45745605313,75027306784,0.60971941,392,492
2025-08-20,44718051963,72612609627,0.61584417,393,493
2025-08-21,45934002442,75202599883,0.61080338,393,493
2025-08-22,45549168431,74469273491,0.61165050,394,495
2025-08-23,48470096589,80292541629,0.60366873,395,494
2025-08-24,48675421344,81699152897,0.59578857,394,494
2025-08-25,48596501354,80138005629,0.60641017,395,495
2025-08-26,47020442152,77331379365,0.60803832,394,497
2025-08-27,48098351781,79271785103,0.60675247,394,497
2025-08-28,48078094974,79168174789,0.60729068,395,497
2025-08-29,48155619328,79971255679,0.60216160,395,497
2025-08-30,47168205860,78342549614,0.60207647,396,497
2025-08-31,47424560915,78347644238,0.60530934,395,497
2025-09-01,47531957796,78220765177,0.60766419,395,497
2025-09-02,47226672229,77454920874,0.60973108,395,497
2025-09-03,47559156753,77760903998,0.61160756,396,498
2025-09-04,48479478482,79892614672,0.60680801,396,497
2025-09-05,48465416103,78516988993,0.61726025,395,496
2025-09-06,48603864117,78863917215,0.61630040,395,496
2025-09-07,48465609742,78338957307,0.61866549,395,496
2025-09-08,48798624191,79682437764,0.61241380,399,500
2025-09-09,49138147788,80297063925,0.61195448,400,502
2025-09-10,49423073929,80447730377,0.61435013,400,502
2025-09-11,49777167282,81634866607,0.60975377,401,503
2025-09-12,50584598195,82897442488,0.61020698,401,503
2025-09-13,51919629162,85665375766,0.60607484,401,503
2025-09-14,51957431958,85702376599,0.60625427,401,503
2025-09-15,51707243859,85011737732,0.60823652,401,503
2025-09-16,51102907386,84241816553,0.60662162,401,505
2025-09-17,51742135035,84067792825,0.61548107,402,506
2025-09-18,52583591417,85585958069,0.61439508,401,505
2025-09-19,52697961254,86369492094,0.61014555,401,505
2025-09-20,52160521417,85017918159,0.61352386,401,504
2025-09-21,52521819566,86334854028,0.60835013,401,504
2025-09-22,52048983134,85242975010,0.61059557,401,504
2025-09-23,50470895653,82018553245,0.61535950,400,504
2025-09-24,50064818020,80559612776,0.62146299,402,505
2025-09-25,49530286025,80606455491,0.61447046,402,504
2025-09-26,47652935855,78670003597,0.60573196,402,504
2025-09-27,48265524579,80332147687,0.60082453,402,504
2025-09-28,48501164156,81456360713,0.59542513,403,504
2025-09-29,49322747297,83906560431,0.58782945,404,505
2025-09-30,49450889250,85024955285,0.58160441,406,507
2025-10-01,49283659685,84610491238,0.58247694,405,507
2025-10-02,49731942853,87690912595,0.56712767,404,506
2025-10-03,50789944505,89561786398,0.56709392,403,505
2025-10-04,51258435679,90270696013,0.56783029,404,506
2025-10-05,51180539012,90202666919,0.56739496,404,506
2025-10-06,51361615357,90378373556,0.56829542,404,507
2025-10-07,52405838865,92656023287,0.56559560,405,508
2025-10-08,51835217235,90992830903,0.56966265,405,508
2025-10-09,52366791756,92109989882,0.56852456,405,508
2025-10-10,51475601300,89361649536,0.57603683,405,508
2025-10-11,47566716921,80144518790,0.59351179,406,509
2025-10-12,46405254151,79592871816,0.58303279,406,509
2025-10-13,48366151591,84182096136,0.57454202,409,512
2025-10-14,48841281973,85916557766,0.56847345,407,510
2025-10-15,47837992327,84466709116,0.56635322,407,510
2025-10-16,47206799677,80816819421,0.58412098,407,509
2025-10-17,46536938366,79428553086,0.58589684,407,510
2025-10-18,45610479607,77986346086,0.58485212,406,510
2025-10-19,45908582839,80311644834,0.57163046,405,509
2025-10-20,46413686085,79587492825,0.58317814,405,509
2025-10-21,46611325565,81580636304,0.57135281,405,509
2025-10-22,46097719385,78900915108,0.58424822,406,508
2025-10-23,45670758566,77021485389,0.59296128,406,509
2025-10-24,46588772437,78074946820,0.59671859,406,511
2025-10-25,46633159843,79483777276,0.58670035,406,511
2025-10-26,46813192303,79772601099,0.58683297,406,511
2025-10-27,47856196504,82748009047,0.57833653,408,514
2025-10-28,48093310707,82835552488,0.58058779,408,515
2025-10-29,47674503215,81223381076,0.58695541,409,517
2025-10-30,47443741249,80851734449,0.58679930,408,516
2025-10-31,46844602495,79493435773,0.58928894,408,516
2025-11-01,47157236066,80026251021,0.58927209,409,517
2025-11-02,47159656137,79974620297,0.58968278,408,516
2025-11-03,47108410666,80283982700,0.58677222,409,517
2025-11-04,44907474081,75822602662,0.59227028,409,517
2025-11-05,42015861974,69841080523,0.60159238,406,514
2025-11-06,41909589411,69373886622,0.60411188,405,513
2025-11-07,41349887577,67760377628,0.61023697,405,513
2025-11-08,41585098052,69001837280,0.60266653,405,513
2025-11-09,41201407883,68064261835,0.60533100,404,512
2025-11-10,42041011117,70152637873,0.59927912,405,513
2025-11-11,42215860947,70906798540,0.59537113,407,515
2025-11-12,41638602207,69149234876,0.60215565,412,519
2025-11-13,41776580390,69028594532,0.60520688,412,520
2025-11-14,40796109761,68569945369,0.59495614,410,517
2025-11-15,39944146574,67229106464,0.59414960,410,517
2025-11-16,40211873472,67122615857,0.59908085,410,517
2025-11-17,39838791596,65152638288,0.61146859,412,520
2025-11-18,39082953960,64098323650,0.60973442,412,520
2025-11-19,39335493008,65949104353,0.59645227,412,520
2025-11-20,38680359370,64850187014,0.59645718,412,520
2025-11-21,37417043861,62834955233,0.59548135,411,519
2025-11-22,36103678210,60910656409,0.59273172,411,519
2025-11-23,36037798787,59287744132,0.60784567,411,519
2025-11-24,36258680676,60603752083,0.59829102,412,521
2025-11-25,36863719741,62770963421,0.58727344,413,522
2025-11-26,36837098693,63108938097,0.58370652,413,522
2025-11-27,37254045843,64119255548,0.58101183,413,522
2025-11-28,37188107717,64160539017,0.57961028,415,523
2025-11-29,37104770019,63822944304,0.58137039,415,522
2025-11-30,36883973340,63027386151,0.58520550,415,522
2025-12-01,36743039782,62551318415,0.58740632,415,522
2025-12-02,36128027396,60219759580,0.59993643,415,523
2025-12-03,37127734798,62378109875,0.59520455,415,523
2025-12-04,37826498350,64768799786,0.58402346,415,523
2025-12-05,37638361894,64016985524,0.58794337,415,523
2025-12-06,37234048316,63563851432,0.58577395,414,522
2025-12-07,37288213443,63349773333,0.58860847,414,522
2025-12-08,37335442027,63557361491,0.58742907,414,522
2025-12-09,37730162953,63728669637,0.59204379,415,524
2025-12-10,38541297550,65540134943,0.58805643,414,523
2025-12-11,38819074724,64800631209,0.59905396,413,521
2025-12-12,38468690389,64548096682,0.59596940,412,520
2025-12-13,37668757392,62775524631,0.60005484,412,520
2025-12-14,37850829090,63347949593,0.59750678,412,520
2025-12-15,37696140766,63617381980,0.59254467,413,521
2025-12-16,37351409267,61997935650,0.60246214,413,522
2025-12-17,36667266037,62818187078,0.58370462,413,522
2025-12-18,36127837653,61327858402,0.58909342,413,523
2025-12-19,35876081945,61308843087,0.58516978,413,523
2025-12-20,37012867183,62776405068,0.58959839,413,523
2025-12-21,36773528368,63236153868,0.58152696,413,522
2025-12-22,36905269734,63701770428,0.57934449,414,524
2025-12-23,36899788851,63381593012,0.58218462,413,522
2025-12-24,37149901621,62248306843,0.59680180,414,523
2025-12-25,36848179858,62707463932,0.58762032,415,523
2025-12-26,36778080283,62316796573,0.59017925,414,522
2025-12-27,36913217772,62329089708,0.59223098,414,522
2025-12-28,37015140397,62610540240,0.59119663,414,522
2025-12-29,37041172069,62963043240,0.58830022,415,523
2025-12-30,37104366156,61847997268,0.59992834,414,522
2025-12-31,37194297586,61301686104,0.60674184,416,524
2026-01-01,37779752519,62211892053,0.60727541,415,523
2026-01-02,37932240680,63528728219,0.59708799,417,526
2026-01-03,38065309922,64903066322,0.58649478,416,526
2026-01-04,38198167943,65782360522,0.58067494,416,525
2026-01-05,38387061551,66129370481,0.58048430,418,527
2026-01-06,38857479612,67291072366,0.57745371,416,526
2026-01-07,39343180592,67672955017,0.58137229,416,526
2026-01-08,38906712546,66232122171,0.58742965,421,531
2026-01-09,38862617600,65109158327,0.59688404,418,527
2026-01-10,38890902307,65077975204,0.59760468,418,527
2026-01-11,38947410573,65587488792,0.59382378,418,527
2026-01-12,39135997671,66000640942,0.59296390,417,525
2026-01-13,39246100609,64883490979,0.60487036,419,529
2026-01-14,40370389432,69149165645,0.58381600,419,529
2026-01-15,40724862353,70475153343,0.57786128,418,528
2026-01-16,40586393750,69685910477,0.58241893,418,527
2026-01-17,40709444657,69874505244,0.58260798,419,527
2026-01-18,40913779721,70099141256,0.58365593,418,525
2026-01-19,40402962733,69066248235,0.58498853,418,525
2026-01-20,40566762589,68941681243,0.58842143,418,526
2026-01-21,39790714119,64396488007,0.61790193,417,525
2026-01-22,40347810403,65019798807,0.62054653,417,525
2026-01-23,40370027764,64396327994,0.62689953,413,519
2026-01-24,40686039301,64399415467,0.63177653,413,518
2026-01-25,40749700425,65127742071,0.62568883,413,518
2026-01-26,40203194402,63554361853,0.63257963,416,522
2026-01-27,41098293880,65085481660,0.63145102,412,517
2026-01-28,41935409482,66341941599,0.63211007,414,519
2026-01-29,42109786930,66291515825,0.63522136,413,517
2026-01-30,41112162414,63623323162,0.64618068,413,518
2026-01-31,40355830636,62525189640,0.64543316,413,519
2026-02-01,38363436145,59232172082,0.64767904,413,520
2026-02-02,37263231803,57282903278,0.65051228,413,520
2026-02-03,37383054312,58190725952,0.64242289,412,520
2026-02-04,36601445905,57287689678,0.63890595,410,518
2026-02-05,35546425597,55823152739,0.63676851,411,519
2026-02-06,32596700592,50917214186,0.64019018,410,518
2026-02-07,32871900604,53485360864,0.61459622,410,519
2026-02-08,32517800140,54318657357,0.59864882,410,517
2026-02-09,32513640143,54782951808,0.59349924,410,517
2026-02-10,32606213976,54576197857,0.59744385,411,519
2026-02-11,32270681900,53279948977,0.60568155,411,518
2026-02-12,31781240962,52730908119,0.60270612,413,521
2026-02-13,31707373203,52443900800,0.60459601,413,521
2026-02-14,32293368673,53504815955,0.60356004,414,522
2026-02-15,32317400819,53675761696,0.60208556,413,521
2026-02-16,31759936385,52705131514,0.60259666,414,522
2026-02-17,31894264128,52944043191,0.60241459,416,524
2026-02-18,31727720336,52542397788,0.60384987,415,523
2026-02-19,31528466250,50165858353,0.62848454,415,523
2026-02-20,31427782579,50322336679,0.62452948,417,525
2026-02-21,31536112801,50290857263,0.62707447,417,525
2026-02-22,31537444569,50299145595,0.62699762,417,525
2026-02-23,31352418522,50609113474,0.61950144,417,525
2026-02-24,30887692946,49021171092,0.63008884,420,528
2026-02-25,30826797320,48874812515,0.63072973,421,530
2026-02-26,31875046602,51400260474,0.62013395,420,529
2026-02-27,31671274788,51097310834,0.61982273,421,529
2026-02-28,31205165352,49974698837,0.62441928,422,530
2026-03-01,31435533723,50618447855,0.62102919,422,530
2026-03-02,31320164170,50275582523,0.62296969,423,532
2026-03-03,32023430711,51466334401,0.62222093,423,531
2026-03-04,31859068659,50789547664,0.62727609,423,531
2026-03-05,32428745777,52924456365,0.61273649,423,531
2026-03-06,31849115376,52013453432,0.61232457,423,533
2026-03-07,31313320532,50814409043,0.61622916,424,534
2026-03-08,31262166316,50778987199,0.61565163,423,533
2026-03-09,31171898220,50183687466,0.62115599,423,533
2026-03-10,31523378594,51340707424,0.61400359,423,533
2026-03-11,31973596418,52029076248,0.61453323,422,532
2026-03-12,32196856043,52240578355,0.61631890,422,532
2026-03-13,32425160730,53037344395,0.61136471,422,532
2026-03-14,32589996537,52921077939,0.61582261,422,532
2026-03-15,32588281336,53186574978,0.61271630,423,533
2026-03-16,33048460359,54095882154,0.61092377,423,533
2026-03-17,33811352471,55681902060,0.60722337,423,533
2026-03-18,33953476090,55287934424,0.61412090,423,533
2026-03-19,33512709343,53061902878,0.63157760,424,534
2026-03-20,33203324170,51877397747,0.64003450,424,534
2026-03-21,33266081101,52988558482,0.62779744,424,534
2026-03-22,33045735587,52762325015,0.62631310,424,534
2026-03-23,32505472754,51075334717,0.63642212,424,534
2026-03-24,32730483596,52085699578,0.62839674,424,534
2026-03-25,32791004352,52252126906,0.62755349,425,535
2026-03-26,32755849509,52323629268,0.62602403,424,534
2026-03-27,32653537438,50887783911,0.64167733,423,533
2026-03-28,32363680138,50088815147,0.64612589,425,535
2026-03-29,32409790436,50006256825,0.64811471,425,535
2026-03-30,32555146104,49816467950,0.65350169,426,536
2026-03-31,32606328939,49703435182,0.65601761,425,535
2026-04-01,33009406882,50872639628,0.64886365,425,535
2026-04-02,33102644298,50621168286,0.65392889,426,536
2026-04-03,32309388138,49824167132,0.64846820,427,537
2026-04-04,32325771114,49636932359,0.65124434,427,537
2026-04-05,32396194483,49960467404,0.64843658,427,537
2026-04-06,32677048044,50761836212,0.64373258,427,537
2026-04-07,33199564566,49604280352,0.66928830,427,537
2026-04-08,33679315968,51561683436,0.65318496,427,537
2026-04-09,33525146252,51224115053,0.65447975,428,538
2026-04-10,33191988214,51625630239,0.64293623,427,537
2026-04-11,33726809539,52205573126,0.64603849,427,538
2026-04-12,33858141188,52694345678,0.64253841,427,538
2026-04-13,33477323442,51436666850,0.65084551,426,537
2026-04-14,34560294308,53579801077,0.64502468,428,539
2026-04-15,34174932207,53233509220,0.64198158,427,539
2026-04-16,34545153252,53584324260,0.64468767,427,539
2026-04-17,34665538649,53336707777,0.64993773,426,537
2026-04-18,34660444062,54123353370,0.64039720,427,538
2026-04-19,33983982131,48362630089,0.70269094,427,537
2026-04-20,32242385754,43138829378,0.74740984,430,541
2026-04-21,30750758741,42257475955,0.72769985,431,541
2026-04-22,29191313571,41789373101,0.69853437,430,540
2026-04-23,28489528887,42236104680,0.67453022,430,540
2026-04-24,28185047008,41133953738,0.68520151,430,540
2026-04-25,27708234409,41134239299,0.67360513,430,540
2026-04-26,27614675393,41130950607,0.67138432,430,540
2026-04-27,27756557022,41749628123,0.66483363,430,540
2026-04-28,27454477576,40944043141,0.67053655,430,540
2026-04-29,27247652897,40930121955,0.66571150,431,542
2026-04-30,27099394531,40796365715,0.66426002,431,542
2026-05-01,27101951237,41099962278,0.65941548,431,541
2026-05-02,27444992080,41711352330,0.65797416,431,542
2026-05-03,27534091307,42198199678,0.65249446,434,545
2026-05-04,27591823488,42280543084,0.65258915,434,545
2026-05-05,27729592239,42656205473,0.65007171,433,545
2026-05-06,27757233634,42844697292,0.64785692,434,546
2026-05-07,27591195166,42849464695,0.64390991,434,546
2026-05-08,27281789260,42304879235,0.64488517,434,546
2026-05-09,27477823707,42623030679,0.64467081,434,546
2026-05-10,27423132320,42975968530,0.63810388,434,546
2026-05-11,27837685037,43604218764,0.63841724,435,548
2026-05-12,27833427124,43274160895,0.64318814,435,548
2026-05-13,27638981950,42642112634,0.64816165,437,549
2026-05-14,27524769481,42319472553,0.65040436,437,550
2026-05-15,27605265251,42837145596,0.64442355,437,550
2026-05-16,27356924564,42133899569,0.64928537,437,550
2026-05-17,27207949793,41651076419,0.65323521,437,549
2026-05-18,27016189152,41162515821,0.65632988,440,552
2026-05-19,26973567326,41372520832,0.65196819,439,550
2026-05-20,27040100601,41248584926,0.65554008,439,550
2026-05-21,27203171039,41576757772,0.65428794,439,552
2026-05-22,27316217546,41962563893,0.65096636,440,554
2026-05-23,27141542654,41186606957,0.65898953,440,554
2026-05-24,27245024545,41921090478,0.64991211,440,554
2026-05-25,27271286868,42019126877,0.64902079,440,555
2026-05-26,27131008440,42146680774,0.64372824,440,555
2026-05-27,26873282376,41215896590,0.65201256,441,555
2026-05-28,26701282902,40916423667,0.65258105,443,558
2026-05-29,26603899339,40757096064,0.65274276,443,558
2026-05-30,26612927617,41083145778,0.64778213,443,558
2026-05-31,26641224775,41358448758,0.64415435,443,558
2026-06-01,26596136807,41316037561,0.64372429,443,558
2026-06-02,26435607173,40745220299,0.64880266,444,559
2026-06-03,25899481202,38648770531,0.67012432,445,560
2026-06-04,25701782864,38212034292,0.67260965,446,561
2026-06-05,25165865697,38027808009,0.66177534,447,562
2026-06-06,24223796954,35812792847,0.67640067,447,562
2026-06-07,24058759953,35701815895,0.67388057,447,562
2026-06-08,24516908853,37262523163,0.65795085,447,562
2026-06-09,24508268709,37144031235,0.65981715,446,561
2026-06-10,24271468961,36348893688,0.66773611,447,562
2026-06-11,24253583704,35636452747,0.68058356,447,562
2026-06-12,24413911889,36401118762,0.67069125,446,561
2026-06-13,24437569238,36757031975,0.66484066,446,561
2026-06-14,24543301811,37240381700,0.65905076,446,561
2026-06-15,24850175471,37869701998,0.65620203,449,564
2026-06-16,25225016764,38492818341,0.65531748,449,564
2026-06-17,25254159005,38959718533,0.64821205,450,565
2026-06-18,24744641376,38163505673,0.64838491,449,564
2026-06-19,24698760939,37669243873,0.65567445,449,564
2026-06-20,24694288758,37803756190,0.65322315,450,565
2026-06-21,24874875475,38207858990,0.65104081,450,565
2026-06-22,24740247993,37923393503,0.65237432,450,565
2026-06-23,24823945063,38148336300,0.65072156,449,563
2026-06-24,24557709032,37384935344,0.65688783,447,561
2026-06-25,24347967754,36719024269,0.66308864,448,562
2026-06-26,24089009258,36278025164,0.66401104,445,559
2026-06-27,24390867186,36595150463,0.66650545,445,559
2026-06-28,24367072396,36845917551,0.66132353,446,560
2026-06-29,24347395332,36787701776,0.66183518,447,561
2026-06-30,24641955016,37037367761,0.66532684,447,561
2026-07-01,24559247211,36630306453,0.67046251,448,562
2026-07-02,24748806475,37222065637,0.66489611,449,563
2026-07-03,25098395868,38469654978,0.65242061,448,562
2026-07-04,25265282539,39257917100,0.64357165,448,561
2026-07-05,25341638377,39264651851,0.64540591,448,561
2026-07-06,25366340912,39566190789,0.64111152,448,561
2026-07-07,25320662885,39924529228,0.63421319,439,553
2026-07-08,25270895130,39101856021,0.64628378,442,556
2026-07-09,25054524293,38608076240,0.64894516,452,566
2026-07-10,25164709616,38489485304,0.65380738,452,566
2026-07-11,25287753524,39759281720,0.63602139,452,566
2026-07-12,25301435429,39423111065,0.64179195,452,566
2026-07-13,25436582855,39654598849,0.64145354,452,566
2026-07-14,25226935095,39107275006,0.64507013,452,565
2026-07-15,25719817369,40563674058,0.63406035,452,565
2026-07-16,25907597487,40686519087,0.63676122,452,565
2026-07-17,25708657443,40287538647,0.63812927,450,563
2026-07-18,25680723473,40336709370,0.63665886,449,562
2026-07-19,25760399091,40596089791,0.63455370,449,561
2026-07-20,25865097436,40611689440,0.63688799,449,561
2026-07-21,26147237195,41092021259,0.63630935,449,562
2026-07-22,26359133998,41527514214,0.63473903,446,560
2026-07-23,26279480597,41333796806,0.63578676,449,562
2026-07-24,26190368212,40787577560,0.64211630,449,562
2026-07-25,26164341969,40632788398,0.64392189,449,562
2026-07-26,26215077927,40837566411,0.64193536,449,562
2026-07-27,26480346963,41642140344,0.63590264,449,562
2026-07-28,26297932817,40713691652,0.64592356,448,561
2026-07-29,26990589257,41200864315,0.65509765,450,563
2026-07-30,26980545669,41050708175,0.65724921,451,564
2026-07-31,27112192637,41578679997,0.65206959,452,565
2026-08-01,26882888221,40894977236,0.65736406,451,564
2026-08-02,26913409551,40724245697,0.66086944,450,563
2026-08-03,27002373653,41195411901,0.65547041,450,563
2026-08-04,26998269657,41011230984,0.65831405,450,563
2026-08-05,27219606094,41510907689,0.65572178,450,563
2026-08-06,27436533953,41982697190,0.65352004,449,562
2026-08-07,27435219459,41946392149,0.65405433,449,562
2026-08-08,27622280108,42272412040,0.65343515,449,562
2026-08-09,27699514635,42419894324,0.65298406,449,561
2026-08-10,27658196272,42393690957,0.65241303,448,559
2026-08-11,27544063481,41957277146,0.65647881,450,561
2026-08-12,27606484048,41741644250,0.66136552,452,563
2026-08-13,27620653465,41932650946,0.65869085,447,558
2026-08-14,27683765566,41768402729,0.66279206,447,558
2026-08-15,27746044998,41933658389,0.66166526,444,556
2026-08-16,27742615015,42028130484,0.66009634,443,554
2026-08-17,27736608215,42091649991,0.65895749,444,555
2026-08-18,27857336114,42680976680,0.65268741,445,556
2026-08-19,27965999435,42974927223,0.65075153,449,562
2026-08-20,29150516127,46587935112,0.62570955,449,562
2026-08-21,29378226451,48160856555,0.61000216,449,562
2026-08-22,30080397321,50447676763,0.59626923,449,562
2026-08-23,29823690628,50056702792,0.59579814,448,561
2026-08-24,29983766429,50120718348,0.59823098,448,561
2026-08-25,30040437845,50303442752,0.59718453,447,560
2026-08-26,29931074248,50086559826,0.59758694,448,561
2026-08-27,30084341443,50548669100,0.59515596,443,554
2026-08-28,30287740920,51324400940,0.59012361,450,562
2026-08-29,29928523304,50276120525,0.59528307,444,556
2026-08-30,30007191418,50393536264,0.59545715,444,556
2026-08-31,30012184772,49758976291,0.60315117,445,557
2026-09-01,30101930838,50880618906,0.59161880,447,559
2026-09-02,29917525122,49699761321,0.60196517,445,557
2026-09-03,30067300686,50184009907,0.59914106,441,553
